start_min,af,cv,nrmssd,entropy,tpr,pnn50,record,pred,prob_logreg2,prob_logreg5,prob_pnn50
0.0,False,0.2867222040555409,0.3159167071798493,0.7713769548169689,0.5357142857142857,0.5529411764705883,04015,True,0.9090781749016752,0.8655366855418347,0.6542193763209886
1.0,False,0.30657027440767004,0.40110118116753973,0.794678374037637,0.6022727272727273,0.7415730337078652,04015,True,0.9451275663079622,0.9685189507430292,0.9399324889595592
2.0,False,0.33256202521700295,0.4346957945140695,0.8096596560153267,0.6022727272727273,0.8089887640449438,04015,True,0.958857256802033,0.985262359003675,0.9708411297225141
3.0,False,0.32839420712674744,0.2093345827146605,0.8152383227512178,0.5454545454545454,0.37,04015,True,0.8668499350964383,0.8090542266261944,0.1960249636745082
4.0,False,0.3143165941699185,0.4358512905522136,0.7779717269070975,0.6865671641791045,0.8676470588235294,04015,True,0.9543032898016329,0.9863777941551121,0.9846683267185071
5.0,False,0.22209679538633265,0.2822532458665415,0.6788368188961552,0.7272727272727273,0.5652173913043478,04015,True,0.8309611158082387,0.6691193926811988,0.6846302947959083
6.0,False,0.28548081947187154,0.23570882463379392,0.8282475060489155,0.5681818181818182,0.5842696629213483,04015,True,0.8572602072759016,0.9447882849370878,0.7287957365657078
7.0,True,0.2467976286178079,0.2780503274514723,0.7843700322416653,0.5954198473282443,0.6060606060606061,04015,True,0.8557431995414048,0.8942617890364172,0.7742702609981941
8.0,False,0.26080004651216293,0.4019176055811537,0.8109884876185873,0.8526315789473684,0.9375,04015,True,0.9256909140251022,0.9897493007088142,0.9929296219061741
9.0,True,0.2771263754253404,0.31780167289851613,0.7861580052329322,0.5984251968503937,0.734375,04015,True,0.9041025616186111,0.966678471352761,0.9352160719900037
10.0,True,0.19159821196850482,0.25593944209332425,0.8651210543352371,0.6090225563909775,0.664179104477612,04015,True,0.7550831837887324,0.9308538542086598,0.8680145866380747
11.0,False,0.33343049301567507,0.40683307870690943,0.6786751319461692,0.6578947368421053,0.5324675324675324,04015,True,0.9543783691618447,0.7372804146429109,0.6006875644924907
12.0,False,0.20993708602845934,0.29069192512616127,0.5366142515015022,0.6585365853658537,0.3855421686746988,04015,True,0.8218311541962605,0.1345649902586815,0.22491468744491766
13.0,False,0.2103360358969408,0.22823137460274645,0.7702317943852909,0.6823529411764706,0.45348837209302323,04015,True,0.753786746559988,0.6232670836653146,0.3831390069364611
14.0,False,0.025126367845518725,0.043980157613586784,0.8972656381190736,0.7066666666666667,0.14473684210526316,04015,False,0.0024708227303453707,0.010038092924587719,0.01918411508565556
15.0,False,0.20093790262217706,0.23177563568759427,0.7819017771793598,0.6506024096385542,0.5476190476190477,04015,True,0.7412909887062727,0.782925657669783,0.6406139088998186
16.0,False,0.09698965338658097,0.12333073007221367,0.6664483821461333,0.6794871794871795,0.31645569620253167,04015,False,0.18218935761584212,0.07733305961738213,0.11804978136790131
17.0,False,0.14471518462330724,0.16565581271611163,0.42529041955121955,0.525,0.19753086419753085,04015,False,0.45350827637031654,0.013974142763650124,0.03412505793507292
18.0,False,0.16224719571382412,0.18691476380740174,0.5910531113439271,0.6097560975609756,0.43373493975903615,04015,True,0.562571004065539,0.2455674735308183,0.3323696747604716
19.0,False,0.11575880745082577,0.11321188598040477,0.4715338517304833,0.6375,0.2839506172839506,04015,False,0.21590090570235007,0.032752259701991776,0.0850920216778299
20.0,False,0.023074220786034487,0.03719994352626368,0.8837661077697788,0.5949367088607594,0.0875,04015,False,0.0015628902297697223,0.006315537294240325,0.010197507830570643
21.0,False,0.1465448070882109,0.1382608771835077,0.5268267353613776,0.6144578313253012,0.23809523809523808,04015,False,0.38456008967044447,0.04404061145944584,0.052716182235539324
22.0,False,0.024799089689303867,0.04304485430689526,0.8782484514265105,0.5949367088607594,0.1375,04015,False,0.002319575109338223,0.009259389704238058,0.017716984508188587
23.0,False,0.030870314044228124,0.03644733550291941,0.8654070802816191,0.6,0.09876543209876543,04015,False,0.002718142400322628,0.013197827128516798,0.011553023869616326
24.0,False,0.08729223872049366,0.10324123868166091,0.34798155881967,0.5679012345679012,0.17073170731707318,04015,False,0.11721868684334663,0.0034325858298323484,0.02550222894518794
25.0,False,0.021722551601379574,0.037216287249924034,0.8711743039637702,0.6075949367088608,0.125,04015,False,0.0013843194232558314,0.006826089893661449,0.015438115051384598
26.0,False,0.031819674387092885,0.05201451491957083,0.8633165917262916,0.6666666666666666,0.16455696202531644,04015,False,0.0052962271698765075,0.014490485771411108,0.023838775021604294
27.0,False,0.017454868137856728,0.02761772476054947,0.8272101085217377,0.5584415584415584,0.038461538461538464,04015,False,0.0005341299836334923,0.0022011461784776014,0.005913425333410245
28.0,False,0.025023783867798143,0.040447605752952656,0.8928937929650616,0.5921052631578947,0.09090909090909091,04015,False,0.002124219917426225,0.007584306359783463,0.010590197372035572
29.0,False,0.025626747446081583,0.03991631443141961,0.8762700662579146,0.5657894736842105,0.09090909090909091,04015,False,0.00217919928291442,0.007570601062334843,0.010590197372035572
30.0,False,0.025822916085509098,0.03958843111693438,0.8824163207173977,0.5733333333333334,0.07894736842105263,04015,False,0.0021821090370039036,0.007267009403334466,0.009274648714988658
31.0,False,0.026241680254032892,0.040157879752138394,0.9217015982177545,0.56,0.09210526315789473,04015,False,0.002309823295985773,0.010757801887544627,0.010731499054466876
32.0,False,0.024629479219622805,0.03940733088864847,0.9366044893404263,0.6533333333333333,0.09210526315789473,04015,False,0.001967631173231058,0.009456423977874146,0.010731499054466876
33.0,False,0.02483838721314634,0.04012454530016154,0.8880930255181164,0.6,0.09210526315789473,04015,False,0.0020640876627437636,0.0073207690904772225,0.010731499054466876
34.0,False,0.023783250353227304,0.037613605600780614,0.9143537645034171,0.5466666666666666,0.07894736842105263,04015,False,0.00169319538928903,0.007911447337926366,0.009274648714988658
35.0,False,0.04331157993064967,0.07003690298299735,0.3880116814761263,0.47297297297297297,0.05333333333333334,04015,False,0.0162680507269088,0.0004967286575152455,0.0069777049037154796
36.0,False,0.023246130851461558,0.035462339088169995,0.9273890368714154,0.5945945945945946,0.04,04015,False,0.0014620733871832054,0.005997813062664515,0.006015584022152045
37.0,False,0.02073782880196155,0.03120953731635966,0.8888976472600958,0.4657534246575342,0.04054054054054054,04015,False,0.0009329957002103794,0.004740941044285167,0.006051892498429497
38.0,False,0.07075773435573436,0.11860509748509634,0.4681296429605076,0.6081081081081081,0.16,04015,False,0.09911691446662417,0.0031328119788011587,0.022679507817223478
39.0,False,0.08973455769491034,0.13550665643868223,0.36023455044252095,0.5753424657534246,0.12162162162162163,04015,False,0.1827211297846181,0.0018021950184054325,0.014873403094017242
40.0,False,0.17025237119189218,0.2444863260818771,0.8243335770455729,0.5189873417721519,0.575,04015,True,0.6917641921142295,0.805120994829971,0.7077951913296857
41.0,False,0.018478119562825506,0.03128035283738701,0.8378809171598096,0.6266666666666667,0.06578947368421052,04015,False,0.0007415950906501978,0.0027347848420941597,0.008013970358113165
42.0,False,0.024696700994930806,0.03830442334644202,0.900726501006494,0.6351351351351351,0.12,04015,False,0.0018849156580057753,0.01020014007240291,0.014609616208713785
43.0,False,0.08773978233114064,0.09953802311479483,0.4183816946282193,0.631578947368421,0.22077922077922077,04015,False,0.1119321519310384,0.008215610587709653,0.04382997220060405
44.0,False,0.053634175301586116,0.07270118609746128,0.3929158949512612,0.6842105263157895,0.12987012987012986,04015,False,0.026458841301454573,0.0013300551770897408,0.01628949503734989
45.0,False,0.03866665170118442,0.06262483836376696,0.5904343327262407,0.7066666666666667,0.17105263157894737,04015,False,0.010737410650866787,0.0034212777866217186,0.025591708816883083
46.0,False,0.041986780426653374,0.060417833671607364,0.5197183537682399,0.6578947368421053,0.05194805194805195,04015,False,0.01191761442950812,0.0010635684640559581,0.006871017181425687
47.0,False,0.0655158032676477,0.07510718125016515,0.4057650217238179,0.6103896103896104,0.16666666666666666,04015,False,0.041312970940121437,0.0033768874437360825,0.02439486322570485
48.0,False,0.02132664945765394,0.03601997873212881,0.9135607142136029,0.5974025974025974,0.10256410256410256,04015,False,0.001261369094367736,0.00739093664619563,0.012049109908168293
49.0,False,0.031311578219428336,0.046188131333513995,0.904173267786077,0.64,0.2236842105263158,04015,False,0.004188400690864445,0.03526319664447298,0.04521394999640729
50.0,False,0.19281534416241586,0.2057030107282095,0.2976660272481278,0.6266666666666667,0.21052631578947367,04015,True,0.6824412647713034,0.009910418645080006,0.03926173223984033
51.0,False,0.2773953164196382,0.447975251404845,0.3482279093988544,0.6206896551724138,0.2542372881355932,04015,True,0.9444229534394043,0.01772500099235136,0.06250978188139689
52.0,False,0.0904925608676696,0.13225719892636822,0.5853517423551673,0.68,0.27631578947368424,04015,False,0.17909417517382867,0.0264163134420685,0.07866674842847822
53.0,False,0.2570241731084676,0.21810383772510514,0.625517121172901,0.5529411764705883,0.37209302325581395,04015,True,0.8095800955574315,0.39665769125227246,0.1997457668543754
54.0,False,0.3224662108857733,0.3879138414924402,0.9427656526433844,0.6,0.8125,04015,True,0.9474253453430204,0.9942214849610123,0.9719340257066229
55.0,False,0.21367779670941756,0.28818153183771344,0.8646241682065481,0.5903614457831325,0.7261904761904762,04015,True,0.824875983902211,0.9633438916308773,0.92943563868688
56.0,False,0.09439548886856329,0.12278778713890681,0.5896635148897064,0.6533333333333333,0.19736842105263158,04015,False,0.17306788071678753,0.017469009668641552,0.034065140866726816
57.0,False,0.02436752637637397,0.0358115082168175,0.9237552382021612,0.5540540540540541,0.02666666666666667,04015,False,0.001635351797095019,0.006039809013970656,0.005185432440159117
58.0,False,0.10515821970559591,0.16071539356350978,0.5581982055178649,0.5540540540540541,0.24,04015,False,0.2921476628272284,0.02082437631002805,0.053791743338406216
59.0,False,0.2225774129432032,0.3425922376506582,0.7366706403948967,0.6666666666666666,0.6835443037974683,04015,True,0.873048505054551,0.8693119118492918,0.8909430026358038
60.0,False,0.21377504141951686,0.2803025481276001,0.7539712489799829,0.7142857142857143,0.6282051282051282,04015,True,0.8180583902784702,0.8383746934959526,0.8146637951111021
61.0,False,0.16168488175151852,0.22616425006084098,0.8207509507296347,0.7051282051282052,0.5949367088607594,04015,True,0.6388961350277436,0.7965370716815752,0.7517548463472188
62.0,False,0.09493827976638493,0.11588587258109954,0.5934429844296911,0.5068493150684932,0.22972972972972974,04015,False,0.1609236170072869,0.029413177934277817,0.048228675268751305
63.0,False,0.019165225520767198,0.031040363522385952,0.8521456373668511,0.547945205479452,0.05405405405405406,04015,False,0.0007880242830400103,0.003227450809148048,0.007033860238113048
64.0,False,0.01278841420438893,0.021179657355577877,0.7429811638023935,0.4794520547945205,0.013513513513513514,04015,False,0.00018073075232379613,0.0007271006797518835,0.00447831476222504
65.0,False,0.14089861754818161,0.22735705152056393,0.7075220210976837,0.5866666666666667,0.3815789473684211,04015,True,0.5746556546386904,0.19217032236400122,0.2172710997853266
66.0,False,0.18153140987745278,0.2284726572459927,0.6745950762544642,0.631578947368421,0.35064935064935066,04015,True,0.6947529155794354,0.2115980037750434,0.1640968532019327
67.0,False,0.2073648802262938,0.26258214482528747,0.7609997924355014,0.5063291139240507,0.5125,04015,True,0.7908231293661697,0.710510469578083,0.5460421665418668
68.0,False,0.30423376706387056,0.3766913189161585,0.9528658714176804,0.6444444444444445,0.8571428571428571,04015,True,0.9383948867721679,0.9957050828409022,0.9827871375278671
69.0,False,0.2860355777877621,0.3508172752830752,0.9021126998965283,0.625,0.8651685393258427,04015,True,0.9224990219283572,0.9942431096714621,0.9842435611395557
70.0,False,0.31318702539816334,0.34692966986304985,0.9140265292198807,0.6597938144329897,0.7857142857142857,04015,True,0.9334790266986174,0.9914516908783589,0.9624831561364094
71.0,False,0.3035078975239373,0.4220524765554564,0.8452882354558028,0.71,0.7722772277227723,04015,True,0.948488236298572,0.97844690976838,0.956654101850651
72.0,False,0.3817291769003687,0.44098857532597996,0.784887071805173,0.6448598130841121,0.7870370370370371,04015,True,0.9693067143424708,0.9844492061844149,0.9630144651632019
73.0,False,0.2964247938686084,0.37252287406233214,0.8540759033985627,0.7640449438202247,0.6777777777777778,04015,True,0.9341175411859289,0.9573211644722528,0.8845073543951941
74.0,False,0.1129214174790406,0.15015660705180953,0.6225444859614302,0.5616438356164384,0.28378378378378377,04015,False,0.2979772331368943,0.05719815518458552,0.08494666473923278
75.0,False,0.31436315097492173,0.3419216317767042,0.7448660412295873,0.6458333333333334,0.711340206185567,04015,True,0.9323980874559944,0.9563396480415214,0.9177172185180011
76.0,False,0.2320918113578701,0.3310362441615977,0.8435018061995608,0.7590361445783133,0.75,04015,True,0.8759120430517913,0.9611037784836112,0.945045215735536
77.0,False,0.2732402757622016,0.4063104564640368,0.7177104867511346,0.7558139534883721,0.896551724137931,04015,True,0.9330975373610315,0.9786225724099552,0.9888612052185725
78.0,False,0.3136867420806651,0.38398226626831233,0.7780565063439695,0.6666666666666666,0.851063829787234,04015,True,0.9436506427159382,0.9869043740418374,0.981596685861293
79.0,False,0.3664741252744955,0.34810224336398965,0.8283549947321298,0.56,0.6732673267326733,04015,True,0.9509865305032208,0.9766100213438278,0.8792456864559982
80.0,False,0.16056674697042395,0.21608902985136383,0.7714630949314654,0.6973684210526315,0.4935064935064935,04015,True,0.6174124675590651,0.556959114101816,0.49299100950346925
81.0,False,0.28221492478858234,0.37026311021121067,0.7535055603130834,0.6705882352941176,0.7209302325581395,04015,True,0.9270227605241699,0.9437542297281074,0.9254725491478359
82.0,False,0.319996213631762,0.36876700060252066,0.8199353717982689,0.6091954022988506,0.8295454545454546,04015,True,0.94209851431044,0.9896410535256887,0.9766980663998422
83.0,False,0.33346091201684336,0.32066692346441966,0.8918178824991324,0.594059405940594,0.6568627450980392,04015,True,0.9330056749325366,0.9787025745815451,0.8583403019106534
84.0,False,0.32659216049890255,0.39440463874025583,0.8823367244950919,0.7142857142857143,0.8282828282828283,04015,True,0.9500572548228419,0.9918791465753675,0.9763740400191722
85.0,False,0.3595341859534878,0.41269087914720226,0.8742843102422683,0.6632653061224489,0.7575757575757576,04015,True,0.961498167131329,0.987582833095573,0.9492890502355702
86.0,False,0.18008669174424854,0.23252631356205894,0.7246182941030096,0.6666666666666666,0.5131578947368421,04015,True,0.697691950230747,0.5807889476633712,0.5478680446159194
87.0,False,0.21039021162961902,0.2991157581718394,0.8749635655300523,0.7721518987341772,0.775,04015,True,0.8294916076225636,0.9705323838422639,0.9579011919222709
88.0,False,0.2845327886583785,0.39398288028683737,0.8497277956656466,0.7126436781609196,0.9090909090909091,04015,True,0.9349050226615309,0.9929627730400685,0.9903065141372316
89.0,False,0.30772093113964777,0.44326135991193244,0.7331591357440943,0.7386363636363636,0.8651685393258427,04015,True,0.9536836544668367,0.9792193611028969,0.9842435611395557
90.0,False,0.26731011716204417,0.3135899958089601,0.8698587814347915,0.686046511627907,0.5862068965517241,04015,True,0.8954634300679614,0.9212822764470491,0.7330629043360759
91.0,False,0.3109774925976771,0.39352099775694216,0.7636301540110528,0.7111111111111111,0.6703296703296703,04015,True,0.9449341366624371,0.9292020927559335,0.8757085616293634
92.0,False,0.3533030284166266,0.3857573634972272,0.8286631437588192,0.6451612903225806,0.648936170212766,04015,True,0.9555085644138278,0.9613314879813452,0.8471983678145644
93.0,False,0.3403988760232835,0.3999158502121354,0.8595861514370774,0.6346153846153846,0.7333333333333333,04015,True,0.9549221566348542,0.9820868467159205,0.9345056166538983
94.0,False,0.27916497258117134,0.39095121012546347,0.7923989217791945,0.6941176470588235,0.7325581395348837,04015,True,0.9316816265636089,0.9545004209137077,0.9339722105993755
95.0,False,0.1750229228353814,0.20661055644421975,0.7517057392275189,0.76,0.4342105263157895,04015,True,0.6402524277955909,0.45318337356598837,0.33355270784659513
96.0,False,0.18194993147137356,0.21063348867345083,0.8223811448682441,0.6103896103896104,0.5641025641025641,04015,True,0.6655338330247668,0.8311029520777815,0.6819281832095411
97.0,False,0.2697147131719238,0.34808985337395615,0.742402507637831,0.6585365853658537,0.6867469879518072,04015,True,0.9124926030422013,0.9193497310321774,0.8943797424609208
98.0,False,0.05273228273922074,0.07728791512602909,0.49704250209882084,0.6285714285714286,0.1267605633802817,04015,False,0.028331011169541787,0.002321034807572933,0.015740713894887313
99.0,False,0.11754988647072939,0.18150595107486894,0.4375574378524843,0.6285714285714286,0.23943661971830985,04015,False,0.3890530158187259,0.010296297173711196,0.05347148204998443
100.0,False,0.015945614795399785,0.023008493336210446,0.8530819012195042,0.5774647887323944,0.027777777777777776,04015,False,0.00032550949185229487,0.0023518958541276975,0.00525002529236739
101.0,False,0.01817563283826362,0.029862493101745415,0.8196532401151463,0.5633802816901409,0.06944444444444445,04015,False,0.0006625636056166939,0.002724536092100288,0.00834604386202545
102.0,False,0.02498695064744905,0.04066002730636864,0.9177632125669489,0.6056338028169014,0.1111111111111111,04015,False,0.0021369239113335527,0.01028898587860543,0.013243523743626149
103.0,False,0.02326857108003379,0.03373609513084591,0.9238875770327268,0.5571428571428572,0.056338028169014086,04015,False,0.0013452448093679546,0.007487109523751127,0.007214798241339569
104.0,False,0.020854420444438304,0.03442748169652225,0.829875942544521,0.5774647887323944,0.06944444444444445,04015,False,0.0011158925031004672,0.003362885778419062,0.00834604386202545
105.0,False,0.02309500374090502,0.03888693840776491,0.9027477719510625,0.6338028169014085,0.125,04015,False,0.0016889200727228122,0.008937367753118215,0.015438115051384598
106.0,False,0.022310474939434895,0.03809320725857464,0.8791940888024186,0.6619718309859155,0.1111111111111111,04015,False,0.001520427984757379,0.006280704154967144,0.013243523743626149
107.0,False,0.043957007363718,0.07299304770872028,0.5021811070744902,0.7183098591549296,0.18055555555555555,04015,False,0.017960028905032673,0.002380580240433175,0.0283841939328189
108.0,False,0.021873461458406896,0.03796298160966606,0.8825120667518462,0.7,0.09859154929577464,04015,False,0.0014522846353558676,0.005310345999515284,0.011530805327496967
109.0,False,0.019713192331393223,0.03388365704784665,0.8994585407839167,0.6,0.09859154929577464,04015,False,0.0009690767561625136,0.005798717156514506,0.011530805327496967
110.0,False,0.022715747699328197,0.04064480308786449,0.9437217780994122,0.7,0.18309859154929578,04015,False,0.0017613843015791158,0.016108252657603177,0.02918033517157394
111.0,False,0.022548053988663545,0.03902538394300677,0.9495608308633295,0.6428571428571429,0.15492957746478872,04015,False,0.0016188176210632705,0.01435534528297321,0.021454303455113774
112.0,False,0.022470452269138227,0.04014433562866034,0.9327183157025183,0.6714285714285714,0.16901408450704225,04015,False,0.0016870725288898557,0.013556278002316808,0.025028477965784612
113.0,False,0.021920958796154567,0.03766017974568622,0.8810903241072907,0.7285714285714285,0.11267605633802817,04015,False,0.0014388551512975753,0.005876087097457451,0.013474541607638564
114.0,False,0.02021478927429404,0.03615645597341516,0.8969729678937619,0.6428571428571429,0.09859154929577464,04015,False,0.0011392232703817504,0.005361641673547943,0.011530805327496967
115.0,False,0.0672351217545794,0.10717967811019692,0.49497662629473455,0.6619718309859155,0.25,04015,False,0.07700560588212596,0.007673874841043295,0.059785693925579635
116.0,False,0.023955088661321587,0.03895043887511359,0.929163945512888,0.6285714285714286,0.16901408450704225,04015,False,0.0018235764087336595,0.01685223693230081,0.025028477965784612
117.0,False,0.022536843468106305,0.039650144517999676,0.9090192208629513,0.6086956521739131,0.17142857142857143,04015,False,0.0016616480979091512,0.01296303066621078,0.025696916947937375
118.0,False,0.18756152438727558,0.27895791437471706,0.7242460484461981,0.6027397260273972,0.5405405405405406,04015,True,0.7738320714917729,0.6180286654046325,0.6221654136702038
119.0,False,0.05095685834046174,0.0739397619972128,0.44058140392298756,0.5797101449275363,0.1,04015,False,0.02459840774258981,0.0013152680836219196,0.011711996786672231
0.0,False,0.014795183810009079,0.02303751150745008,0.7436558665555385,0.5480769230769231,0.0,04043,False,0.0005607901774696249,0.0019419181819601877,0.004749328199732649
1.0,False,0.018194056468080016,0.024568709024305805,0.8263365580303054,0.49514563106796117,0.0,04043,False,0.0008698642770454543,0.004315767568403699,0.004749328199732649
2.0,False,0.0178013168563411,0.025300397825719134,0.8176756333052072,0.5242718446601942,0.0,04043,False,0.0008887245613235241,0.0036247822641778836,0.004749328199732649
3.0,False,0.020827965036753833,0.02251905863565223,0.8520073069013481,0.47115384615384615,0.0,04043,False,0.000909632976895691,0.007136670696318244,0.004749328199732649
4.0,False,0.18036517672516486,0.1984949629943371,0.3547770316564625,0.47058823529411764,0.07766990291262135,04043,True,0.6007044469655523,0.0059574453885016575,0.010716493493613942
5.0,False,0.01743963390912745,0.021548163141427355,0.8041741204456866,0.43137254901960786,0.0,04043,False,0.0006372209986828389,0.004783277961810342,0.004749328199732649
6.0,False,0.017364170426203026,0.026293816202443407,0.7769713957772668,0.4090909090909091,0.0,04043,False,0.0009194245931152887,0.0035426127775549307,0.004749328199732649
7.0,False,0.01600293370408782,0.021334144405330588,0.7757292200589633,0.42857142857142855,0.0,04043,False,0.0005478754930699504,0.0036614523445445968,0.004749328199732649
8.0,False,0.017612414652648463,0.025781971311372352,0.7702869415811169,0.4519230769230769,0.0,04043,False,0.0009057184781809972,0.0032715529917401484,0.004749328199732649
9.0,False,0.017520964138955982,0.025427743168548435,0.7832137739066426,0.4423076923076923,0.0,04043,False,0.0008754809475663835,0.003571237007069675,0.004749328199732649
10.0,False,0.0204317821768837,0.028399538442345183,0.8435241192108054,0.4174757281553398,0.0,04043,False,0.0013644094113903845,0.005817678705179347,0.004749328199732649
11.0,False,0.02176454725951607,0.027556889045376634,0.8861067717657249,0.49019607843137253,0.0,04043,False,0.0014211433765747954,0.00698432097150509,0.004749328199732649
12.0,False,0.02974327638245014,0.04498646405222292,0.5449404137258492,0.4803921568627451,0.02912621359223301,04043,False,0.005743632491247815,0.0019147722675413933,0.006447666089547663
13.0,False,0.018145987028576144,0.02611177275266589,0.822900169374435,0.4854368932038835,0.0,04043,False,0.0009711594565390833,0.004044619583091853,0.004749328199732649
14.0,False,0.01896694010020389,0.027029124582004925,0.8275113267658369,0.46153846153846156,0.0,04043,False,0.0011091122765889338,0.004535575057313393,0.004749328199732649
15.0,False,0.019636869008859963,0.024704825097574556,0.861426162324551,0.4174757281553398,0.0,04043,False,0.0009884449056823507,0.006854271745340926,0.004749328199732649
16.0,False,0.017600051800949784,0.025011578508706868,0.8070517056819502,0.4807692307692308,0.0,04043,False,0.0008547062645337909,0.003765802488241124,0.004749328199732649
17.0,False,0.1347437278002353,0.18537009310768565,0.558066223287261,0.5510204081632653,0.1717171717171717,04043,True,0.45781117285618067,0.01961480681694268,0.028400367789993174
18.0,True,0.2686908538235236,0.28401451550141266,0.8905372767436317,0.5092592592592593,0.6055045871559633,04043,True,0.8448489327187682,0.9230643241291846,0.740010141590989
19.0,True,0.24560946487057175,0.31618779532658914,0.9079594237350037,0.5614035087719298,0.7130434782608696,04043,True,0.8529376605557449,0.9595117423225912,0.8985374480514398
20.0,True,0.21601301381520815,0.2924400473297245,0.9268024738152143,0.6260869565217392,0.7586206896551724,04043,True,0.8043184409900069,0.9673395162625784,0.9347552671148316
21.0,True,0.19514854682549757,0.24807505452316425,0.8874883360974969,0.5378151260504201,0.6333333333333333,04043,True,0.7207607578842573,0.9043342556591907,0.7924487650947688
22.0,True,0.22142810515617378,0.28868439160206033,0.9735480960308125,0.5979381443298969,0.7653061224489796,04043,True,0.8064930726782955,0.9778996137650022,0.9389290260861655
23.0,True,0.23027346290790965,0.2710194362370394,0.8226938576085466,0.6036036036036037,0.5714285714285714,04043,True,0.7972503991533927,0.8057880919549423,0.6651553398502327
24.0,True,0.21457818524860292,0.2329688851238181,0.9101135266785384,0.5267857142857143,0.5752212389380531,04043,True,0.7264149486286021,0.8887990216731381,0.6740114711419841
25.0,False,0.06707622205555006,0.0819370257830761,0.48678428303556887,0.46153846153846156,0.0761904761904762,04043,False,0.058639709781190555,0.005100343306841868,0.0105522058418588
26.0,False,0.060234435390295556,0.0876127066453991,0.5030635100734023,0.4423076923076923,0.08571428571428572,04043,False,0.056470119327183564,0.004829408435787606,0.011655079433747903
27.0,False,0.03415240406209227,0.053793678285648516,0.42915850381892084,0.40384615384615385,0.01904761904761905,04043,False,0.00989869900652986,0.0012597458573065008,0.005800771938569414
28.0,False,0.01456107559648402,0.020501120719609054,0.757455315561892,0.5,0.0,04043,False,0.000439644287630838,0.002539766096477043,0.004749328199732649
29.0,False,0.014670004361203389,0.022542779758925505,0.7638566986576948,0.5,0.0,04043,False,0.0005314144146014314,0.0023942414232010897,0.004749328199732649
30.0,False,0.014522068442636947,0.02332227710360626,0.7554099372193851,0.46534653465346537,0.0,04043,False,0.0005576378806698989,0.0023519673359868997,0.004749328199732649
31.0,False,0.014287171945501196,0.02249363969707492,0.7520487597331815,0.49504950495049505,0.0,04043,False,0.0005081315086910565,0.002191009515804616,0.004749328199732649
32.0,False,0.015686962384399043,0.024889249978061384,0.7259296950847121,0.5643564356435643,0.0,04043,False,0.0007094275847027061,0.0017574526807185172,0.004749328199732649
33.0,False,0.01606226659615987,0.02097168471469829,0.7883987434327284,0.4752475247524752,0.0,04043,False,0.0005335751458456884,0.0035953787755519297,0.004749328199732649
34.0,False,0.015766072857736343,0.022310453002366653,0.7948715011438944,0.52,0.0,04043,False,0.0005823270320444502,0.00304176617498278,0.004749328199732649
35.0,False,0.017477391019810447,0.023992772735637706,0.8341038893307958,0.55,0.0,04043,False,0.0007821160694610577,0.0037934232199096462,0.004749328199732649
36.0,False,0.014438558937855816,0.022132290367530068,0.7705322618818792,0.5643564356435643,0.0,04043,False,0.0005009895822509849,0.0021268275692775695,0.004749328199732649
37.0,False,0.016033810669291892,0.020724449423246888,0.7938109320116302,0.4,0.0,04043,False,0.0005204132057287867,0.004393489015042431,0.004749328199732649
38.0,False,0.01942130581605439,0.019279480303886345,0.8350883455815749,0.46078431372549017,0.0,04043,False,0.0006103954957645249,0.007050193567469824,0.004749328199732649
39.0,False,0.07015286405951136,0.11135575651949257,0.36192916523937324,0.55,0.0594059405940594,04043,False,0.10611731955807241,0.001556774538648314,0.008854193989325649
40.0,False,0.05684467467874076,0.07500189270041249,0.560493764953783,0.5050505050505051,0.03,04043,False,0.0392850796775146,0.003534650628210436,0.006507017233242329
41.0,False,0.08364097262389454,0.06810090517151193,0.5319725151795688,0.5050505050505051,0.06,04043,False,0.05824264069239096,0.008861321139742466,0.008909389885129307
42.0,False,0.016387773262989548,0.022451692086905065,0.8000267663496419,0.43137254901960786,0.0,04043,False,0.0006254080398971863,0.0040252400168377875,0.004749328199732649
43.0,False,0.01695463571568107,0.024293594526873016,0.8104909684351796,0.5544554455445545,0.0,04043,False,0.0007640512410390609,0.003145224772553754,0.004749328199732649
44.0,False,0.016412112503445157,0.02370298477941895,0.7919602742042857,0.45,0.0,04043,False,0.0006939624075863099,0.0035184842243754385,0.004749328199732649
45.0,False,0.01797601575447589,0.025932918069957515,0.8321765674431285,0.49,0.0,04043,False,0.0009449394268227052,0.004144658716576602,0.004749328199732649
46.0,False,0.01929621684458264,0.0244511246132816,0.8750513767307974,0.45918367346938777,0.0,04043,False,0.0009437380268458526,0.00653872368184428,0.004749328199732649
47.0,False,0.01874832195528339,0.024231814173308688,0.8292446216292118,0.6,0.009900990099009901,04043,False,0.0008876934436693781,0.004069035115406732,0.005269753772872756
48.0,False,0.15356025559359088,0.1983898497271559,0.3033295657288477,0.52,0.04950495049504951,04043,True,0.5398133553505129,0.0024485404096863442,0.00798262024269484
49.0,False,0.014139892460689519,0.021379651828729532,0.7377778855785608,0.49514563106796117,0.0,04043,False,0.00045463631967533076,0.0021244448291186727,0.004749328199732649
50.0,False,0.20910826508918157,0.23586261605350411,0.07159923927898905,0.5408163265306123,0.06060606060606061,04043,True,0.7231029745152517,0.001241587514050323,0.008966052237723064
51.0,False,0.015574815698040754,0.01741086899536286,0.7767615917653852,0.4,0.0,04043,False,0.00035890142371665677,0.004647779762901662,0.004749328199732649
52.0,False,0.01273695137732724,0.018362783000119235,0.7104845259651501,0.42857142857142855,0.0,04043,False,0.0002909655399919627,0.0021214586096397854,0.004749328199732649
53.0,False,0.014958567851594691,0.021719012278295598,0.7571244289451249,0.5288461538461539,0.0,04043,False,0.0005106547763345257,0.0023446589887789423,0.004749328199732649
54.0,False,0.014439509804405424,0.022174094034397303,0.721784716008579,0.4666666666666667,0.0,04043,False,0.0005028172378446505,0.0020927839309253437,0.004749328199732649
55.0,False,0.014285714285714216,0.020935367241940207,0.7419792634967749,0.4519230769230769,0.0,04043,False,0.000444031872020332,0.002482002831588128,0.004749328199732649
56.0,False,0.015566919842090307,0.02133021160326172,0.7762588494737206,0.4563106796116505,0.0,04043,False,0.0005248836330252119,0.0032907553841522736,0.004749328199732649
57.0,False,0.014776011147285982,0.021051758329967016,0.7476377450818189,0.375,0.0,04043,False,0.000472600466128758,0.00318416618933908,0.004749328199732649
58.0,False,0.014702429532891168,0.022433997464129024,0.7521847858097225,0.4854368932038835,0.0,04043,False,0.000528406875718915,0.0023615260839194036,0.004749328199732649
59.0,False,0.014764691786906257,0.022378014367645686,0.746457990417546,0.46601941747572817,0.0,04043,False,0.0005293685898615702,0.0024235357177983807,0.004749328199732649
60.0,False,0.11051931147272796,0.1838416811563494,0.23413481625451588,0.51,0.0594059405940594,04043,False,0.37990394362335805,0.001205763615265235,0.008854193989325649
61.0,False,0.018845879289726315,0.026019573750612143,0.8416901786583331,0.48514851485148514,0.0,04043,False,0.0010225876158572226,0.004741282889121991,0.004749328199732649
62.0,False,0.014841597927041731,0.021920909241358127,0.7603778664023849,0.45544554455445546,0.0,04043,False,0.0005133545039379002,0.002732726622244813,0.004749328199732649
63.0,False,0.01494342200957733,0.020147663512475582,0.7758392096291484,0.46534653465346537,0.0,04043,False,0.000442855351869173,0.003186581407631617,0.004749328199732649
64.0,False,0.02178590967458051,0.01970933761602217,0.8814786581256343,0.42424242424242425,0.0,04043,False,0.0007592365819280449,0.011318446056216295,0.004749328199732649
65.0,False,0.26113172334426116,0.38428612870000023,0.07618692574858918,0.4742268041237113,0.061224489795918366,04043,True,0.9018827845957752,0.0012900154867171235,0.009024239068847688
66.0,False,0.016112050021264705,0.02059862967988282,0.7902485619351267,0.5196078431372549,0.0,04043,False,0.0005183719690789284,0.003371982341030454,0.004749328199732649
67.0,False,0.19836257363440113,0.2702949579313821,0.07992033184598984,0.42424242424242425,0.07,04043,True,0.7566515615386736,0.001432099562393706,0.009891373415864008
68.0,False,0.0153161845998343,0.019641469285284898,0.7662042840636002,0.44554455445544555,0.0,04043,False,0.00043853467478787686,0.003413676134920485,0.004749328199732649
69.0,False,0.013920587996457274,0.01935955484008135,0.7344769069423102,0.54,0.0,04043,False,0.00036841655899668324,0.002051624925049311,0.004749328199732649
70.0,False,0.015789384932257577,0.019934136873951826,0.7923658757878812,0.45,0.0,04043,False,0.00047249784113737525,0.003968224432258218,0.004749328199732649
71.0,False,0.01578290673691075,0.020890504059860125,0.7875377023420381,0.33,0.0,04043,False,0.0005155908799218006,0.0047983808715410334,0.004749328199732649
72.0,False,0.01435991791105554,0.019075251552417065,0.7392205374804366,0.45544554455445546,0.0,04043,False,0.0003758905412069558,0.0027116959581816504,0.004749328199732649
73.0,False,0.015632169087095787,0.021152008400527604,0.7742638053904538,0.39,0.0,04043,False,0.0005200251921971112,0.0038340743397302897,0.004749328199732649
74.0,False,0.015262849483020828,0.019441602719353017,0.7706215811520929,0.32673267326732675,0.0,04043,False,0.0004278956467231715,0.004547641017231146,0.004749328199732649
75.0,False,0.013072539150264774,0.019892868164106275,0.7201941440386365,0.51,0.0,04043,False,0.00035192671200346966,0.0017822648316604644,0.004749328199732649
76.0,False,0.013134861569533576,0.02004943517547953,0.67093054149992,0.47,0.0,04043,False,0.0003597666057256688,0.001543450819366056,0.004749328199732649
77.0,False,0.01303498548183331,0.018258600078990835,0.7128012474204936,0.37,0.0,04043,False,0.00029831324861434274,0.0025566211405501143,0.004749328199732649
78.0,False,0.016220611585969807,0.02232027961361761,0.7717443004950907,0.41414141414141414,0.0,04043,False,0.0006088734753400269,0.003618155595264478,0.004749328199732649
79.0,False,0.01697448900792237,0.022754392745074906,0.7937076431458867,0.37373737373737376,0.0,04043,False,0.0006769991132947131,0.004649625223837188,0.004749328199732649
80.0,False,0.013753585976748124,0.019129147921646016,0.7166022071327747,0.43,0.0,04043,False,0.00035360010696774605,0.0023832974781567255,0.004749328199732649
81.0,False,0.016087419207883803,0.020888227139974177,0.786872058577696,0.42424242424242425,0.0,04043,False,0.0005308759819337403,0.004021481225617953,0.004749328199732649
82.0,False,0.01501940113790152,0.0208271162875449,0.7751408628085362,0.5151515151515151,0.0,04043,False,0.00047498168035829577,0.0027711936914014495,0.004749328199732649
83.0,False,0.023939472858447428,0.021459392598414558,0.8871791567670616,0.40625,0.0,04043,False,0.0010295827824526788,0.013004854687594271,0.004749328199732649
84.0,False,0.016172690614553103,0.018414755186128614,0.8007266777294814,0.3333333333333333,0.0,04043,False,0.00042251356354091756,0.006054976428209866,0.004749328199732649
85.0,False,0.018911404572824506,0.020346267938306493,0.8484956757133886,0.41836734693877553,0.0,04043,False,0.0006481839593785709,0.007423147032134316,0.004749328199732649
86.0,False,0.015026009435587694,0.020051875243110827,0.78368117321419,0.4489795918367347,0.0,04043,False,0.0004426536763841358,0.0034784715460859906,0.004749328199732649
87.0,False,0.021520130063464742,0.019432485442686893,0.8633300701619159,0.4166666666666667,0.0,04043,False,0.0007255202156205775,0.010507333824344888,0.004749328199732649
88.0,False,0.022893583844776112,0.01933539628217482,0.8721650905763559,0.3979591836734694,0.0,04043,False,0.0007905400490457534,0.012768233271210483,0.004749328199732649
89.0,False,0.01802884235815397,0.018179298010205007,0.8310246567340177,0.29896907216494845,0.0,04043,False,0.0004875298451458798,0.009220145969473886,0.004749328199732649
90.0,False,0.019510061365628474,0.019770969881137176,0.8657625867787286,0.31958762886597936,0.0,04043,False,0.0006444164203357227,0.010873438741734437,0.004749328199732649
91.0,False,0.016734996946560443,0.019481405018507442,0.7980073573507462,0.3673469387755102,0.0,04043,False,0.0004949615726977653,0.005544767723373377,0.004749328199732649
92.0,False,0.01760579830638567,0.01902895877467174,0.8441250169270521,0.32653061224489793,0.0,04043,False,0.0005120846207803577,0.008432309229835849,0.004749328199732649
93.0,False,0.016668337839620097,0.019791060764880346,0.8084494970787602,0.41836734693877553,0.0,04043,False,0.0005067005529376985,0.005083057744259563,0.004749328199732649
94.0,False,0.01691723970747647,0.018499168704387673,0.8282866201094498,0.3711340206185567,0.0,04043,False,0.00045673259041925434,0.006826826631187397,0.004749328199732649
95.0,False,0.01768699088746475,0.019104486649193553,0.828772593852104,0.3541666666666667,0.0,04043,False,0.0005195714780118379,0.007415171563468267,0.004749328199732649
96.0,False,0.014487280304011306,0.018145353381232448,0.7630687863396772,0.28865979381443296,0.0,04043,False,0.00034693009226830033,0.00469083697641329,0.004749328199732649
97.0,False,0.09958314418152668,0.1407157818790697,0.2058714037273232,0.35051546391752575,0.02040816326530612,04043,False,0.24008421873066788,0.001165339745867331,0.005884180325648093
98.0,False,0.015394125786899224,0.019330424947261674,0.7528143600064808,0.36363636363636365,0.0,04043,False,0.00042893500608774784,0.003939509205959021,0.004749328199732649
99.0,False,0.015480461400444291,0.02132350385350884,0.780463014414175,0.43434343434343436,0.0,04043,False,0.0005200955411410365,0.0034895339104963207,0.004749328199732649
100.0,False,0.016167780117116975,0.022367254199886843,0.7881978322103618,0.3939393939393939,0.0,04043,False,0.0006082172909166328,0.004053945990795782,0.004749328199732649
101.0,False,0.01826470308980017,0.022213095307348742,0.8539485159899994,0.40816326530612246,0.0,04043,False,0.0007243477406352842,0.006670297423800687,0.004749328199732649
102.0,False,0.016696744603262943,0.021326493554947923,0.8128076245303886,0.4639175257731959,0.0,04043,False,0.0005844727243818709,0.00434504510760159,0.004749328199732649
103.0,False,0.01956900584370093,0.025373394595163013,0.880282254829187,0.4742268041237113,0.0,04043,False,0.001033673968927404,0.006385931278089275,0.004749328199732649
104.0,False,0.019375457826222606,0.01888527121758024,0.8760195507320421,0.4387755102040816,0.0,04043,False,0.0005850610252230782,0.009121920444710989,0.004749328199732649
105.0,False,0.015535188069132165,0.019853861784502835,0.775906371699517,0.41237113402061853,0.0,04043,False,0.0004573621623998407,0.003894781752167716,0.004749328199732649
106.0,False,0.017547925422926804,0.023060392946163348,0.793769381540717,0.4020618556701031,0.0,04043,False,0.0007305981367220398,0.004566151989104306,0.004749328199732649
107.0,False,0.021391764425728117,0.02508543744564283,0.9051186259494381,0.3402061855670103,0.0,04043,False,0.0011603772187814498,0.011369546427800461,0.004749328199732649
108.0,False,0.01727530015683967,0.022314276114030064,0.7923491643728995,0.27835051546391754,0.0,04043,False,0.0006705333901369579,0.005998595223955826,0.004749328199732649
109.0,False,0.016894580756867447,0.022744690861011958,0.8111528000683902,0.3917525773195876,0.0,04043,False,0.000671562380443749,0.004812810223407792,0.004749328199732649
110.0,False,0.01766260785551682,0.023276747634936777,0.797640198053851,0.38144329896907214,0.0,04043,False,0.0007509989615283044,0.004871993310143935,0.004749328199732649
111.0,False,0.01757825617947491,0.023463285193963148,0.8256794972568023,0.40816326530612246,0.0,04043,False,0.0007567301351857409,0.005152223492014672,0.004749328199732649
112.0,False,0.017285071349271514,0.022967859329496375,0.8213040930349554,0.41237113402061853,0.0,04043,False,0.0007084591215579077,0.004968607146836975,0.004749328199732649
113.0,False,0.01957078699394888,0.0250597224501188,0.8715040792470838,0.40816326530612246,0.0,04043,False,0.0010099849542833884,0.007179983351878212,0.004749328199732649
114.0,False,0.019565836304646925,0.023752608626639048,0.8736436562175895,0.44329896907216493,0.0,04043,False,0.0009131050403221855,0.00710836811970481,0.004749328199732649
115.0,False,0.018457999204505554,0.02262848418321879,0.8568917045020505,0.3877551020408163,0.0,04043,False,0.0007622113773647634,0.007061902074374427,0.004749328199732649
116.0,False,0.018751573366037378,0.02344409404764362,0.8635542507974486,0.42857142857142855,0.0,04043,False,0.0008345709856829367,0.0065933561306873055,0.004749328199732649
117.0,False,0.01744073648480494,0.020710910874167585,0.8167232622225046,0.3163265306122449,0.0,04043,False,0.0005916269679293392,0.006814465977942553,0.004749328199732649
118.0,False,0.0162826904972237,0.01826229189571823,0.8098718993541071,0.32653061224489793,0.0,04043,False,0.00042033830498524347,0.0065496636665115515,0.004749328199732649
119.0,False,0.016650589105729904,0.018860963915526923,0.8073530401254095,0.37373737373737376,0.0,04043,False,0.00046218956848161904,0.005862236150430559,0.004749328199732649
0.0,False,0.023973292482274575,0.015232476921944594,0.8971203914795454,0.3382352941176471,0.0,04048,False,0.000830844968243405,0.024642411851665765,0.0049457003963756675
1.0,False,0.02421030157943194,0.019332978929465058,0.9233840786132363,0.3235294117647059,0.0,04048,False,0.0011968814114729268,0.02240258909627128,0.0049457003963756675
2.0,False,0.12515685444364344,0.1322211607531954,0.3886732293258866,0.4583333333333333,0.0684931506849315,04048,False,0.31508496148792264,0.005700823118784223,0.010101180062574443
3.0,False,0.013401293825621462,0.016173225245002268,0.8599254301635237,0.39705882352941174,0.0,04048,False,0.0002967483000858643,0.00571454994442915,0.0049457003963756675
4.0,False,0.029931292923351043,0.02075822697239643,0.9261619590884688,0.4714285714285714,0.014084507042253521,04048,False,0.001993307869281068,0.025041917308733862,0.005729616897795719
5.0,False,0.01629983934498743,0.021473537291807995,0.9088033193306329,0.5671641791044776,0.0,04048,False,0.0006524177944044205,0.00506431204736619,0.0049457003963756675
6.0,False,0.04293811871634958,0.017040922850183077,0.9179027287874553,0.48484848484848486,0.0,04048,False,0.0029896584781476505,0.04964831610156809,0.0049457003963756675
7.0,False,0.019565356780036822,0.02597297849394672,0.8813136337499083,0.5692307692307692,0.030303030303030304,04048,False,0.0012209765336777384,0.006573532781908053,0.00678636407884032
8.0,False,0.014603467996231691,0.018638318212156967,0.8138268642801522,0.53125,0.0,04048,False,0.00043008312286117744,0.0033519097897794442,0.0049457003963756675
9.0,False,0.01394820432632749,0.018128297834748522,0.8895459492601552,0.375,0.0,04048,False,0.0003782343207020133,0.006544488619343331,0.0049457003963756675
10.0,False,0.16598950397602105,0.15090498078420903,0.5977045622642233,0.42028985507246375,0.2,04048,False,0.4895166938370379,0.0759735816124499,0.03902146212493716
11.0,False,0.1647284129823168,0.13845573575477937,0.34712929724659786,0.43283582089552236,0.08823529411764706,04048,False,0.4546898681551305,0.009401375497455108,0.01239959085106185
12.0,False,0.1117294149430383,0.13939583856703033,0.42271593916923816,0.463768115942029,0.11428571428571428,04048,False,0.2854372846022978,0.007612638783678851,0.016238026327704567
13.0,False,0.016892530077749827,0.016166555389266528,0.9284946712172989,0.42857142857142855,0.0,04048,False,0.0004625970473886567,0.011350154906897688,0.0049457003963756675
14.0,False,0.01392676903992069,0.013616135974045596,0.8828480955715946,0.38095238095238093,0.0,04048,False,0.00024880199799554985,0.008664751984536308,0.0049457003963756675
15.0,False,0.017223801181221337,0.022280318378027436,0.709179098633153,0.3384615384615385,0.030303030303030304,04048,False,0.0007651696109962252,0.004642554570650067,0.00678636407884032
16.0,False,0.012431043949821722,0.013026936692094775,0.8422307510459176,0.36923076923076925,0.0,04048,False,0.00018757322493450425,0.006243562328230406,0.0049457003963756675
17.0,False,0.08497916842368063,0.09192641430488532,0.37833984368420315,0.4852941176470588,0.057971014492753624,04048,False,0.11420261260861564,0.003409609665892844,0.009053976812219047
18.0,False,0.025569311858664727,0.029097967226392848,0.7063044718486354,0.3787878787878788,0.029850746268656716,04048,False,0.002405387347498984,0.0064042803632184935,0.006754422676420968
19.0,False,0.015007232097403742,0.01614790343768711,0.8909047572967497,0.36363636363636365,0.0,04048,False,0.00036795103722081697,0.008857114510565738,0.0049457003963756675
20.0,False,0.0861930817416429,0.09983990921543745,0.352395276223543,0.44776119402985076,0.058823529411764705,04048,False,0.12996879666681604,0.003092029305685517,0.009134659730110708
21.0,False,0.015175437330205911,0.0182858319531832,0.8892993710577151,0.546875,0.015384615384615385,04048,False,0.00045034170639848847,0.005849867191848366,0.005807928063311899
22.0,False,0.0680890052124436,0.09020614207333484,0.2980378863289779,0.38461538461538464,0.045454545454545456,04048,False,0.07574359321356866,0.0017658996456634923,0.007947596770754385
23.0,False,0.0170912478378884,0.01862749811901377,0.9231456958624338,0.45454545454545453,0.0,04048,False,0.0005812390427089127,0.009054805813833573,0.0049457003963756675
24.0,False,0.014197496780765342,0.018890435788383602,0.8603821394423083,0.4461538461538462,0.0,04048,False,0.00041545126965516214,0.00476189657377739,0.0049457003963756675
25.0,False,0.015074150941020529,0.015542448299374054,0.9090658611627935,0.4090909090909091,0.0,04048,False,0.0003510630011114844,0.009158840057355663,0.0049457003963756675
26.0,False,0.09151264609510781,0.11063336728498736,0.2646723782206271,0.36923076923076925,0.06060606060606061,04048,False,0.16287604012382634,0.002465024017975114,0.009305669371962517
27.0,False,0.0420159831767997,0.06055776602777859,0.424856919854736,0.49230769230769234,0.030303030303030304,04048,False,0.01784126142366292,0.001405103307634091,0.00678636407884032
28.0,False,0.009075071356181514,0.01118948642218488,0.7465784645988074,0.3384615384615385,0.0,04048,False,8.217209382154791e-05,0.002805480839345652,0.0049457003963756675
29.0,False,0.07635276411050405,0.10501671027013873,0.3183520619821288,0.3484848484848485,0.05970149253731343,04048,False,0.112983319133234,0.002505490850887606,0.009218495673728837
30.0,False,0.07499710318147987,0.11798203665109284,0.3086806663508136,0.4153846153846154,0.045454545454545456,04048,False,0.12721336394860897,0.001520928114242947,0.007947596770754385
31.0,False,0.0860504993706723,0.08876973402083292,0.19659244444949295,0.38461538461538464,0.045454545454545456,04048,False,0.1115268692199858,0.0017203189436700132,0.007947596770754385
32.0,False,0.023540374941452964,0.031301552671110594,0.5148206471479273,0.3125,0.03076923076923077,04048,False,0.0022821698115644946,0.002377354528935199,0.006819445308489028
33.0,False,0.03187563809239915,0.04259607119391578,0.38631419569192493,0.3230769230769231,0.030303030303030304,04048,False,0.006367069356591877,0.0015474184314659893,0.00678636407884032
34.0,False,0.09441950465401382,0.10489446680647868,0.5134112794112352,0.36764705882352944,0.08695652173913043,04048,False,0.1605232751005977,0.011568547788029317,0.012236202659814104
35.0,False,0.019844106630149804,0.016256851249958182,0.9087656760686856,0.43478260869565216,0.0,04048,False,0.0006353143142330329,0.013666261154467377,0.0049457003963756675
36.0,False,0.10414293043029473,0.1356201541927299,0.32402955923215304,0.37681159420289856,0.08571428571428572,04048,False,0.25112243982371163,0.004067353865137526,0.012079519303370694
37.0,True,0.3037518043036815,0.3197413762414999,0.8740336158540214,0.6,0.6776859504132231,04048,True,0.9011682588494435,0.9531613673498107,0.8597131348548788
38.0,True,0.4086232149331202,0.345681255813874,0.701158854651556,0.6306306306306306,0.5714285714285714,04048,True,0.9475179693300277,0.8344187174011586,0.6675165249432927
39.0,False,0.01888708232425504,0.019927188606841426,0.8441780136526622,0.375,0.0,04048,False,0.00077660162166931,0.008340363860604267,0.0049457003963756675
40.0,False,0.09577591020024392,0.11033157946068886,0.41724733633316596,0.43283582089552236,0.08823529411764706,04048,False,0.17458351873498337,0.006178868205997473,0.01239959085106185
41.0,False,0.014788167724565468,0.015440446511434662,0.8882912632748159,0.32786885245901637,0.0,04048,False,0.000335163012315794,0.009731010869361671,0.0049457003963756675
42.0,False,0.13612745496216988,0.08999466576613233,0.5264869544912986,0.4117647058823529,0.10144927536231885,04048,False,0.2360852174741574,0.029615891649720515,0.014219227040047511
43.0,False,0.1642370046652175,0.187601423179539,0.5106031734646367,0.40298507462686567,0.20588235294117646,04048,True,0.5631764826473639,0.04334998501457926,0.041405172880437005
44.0,False,0.1046597385405506,0.1574927630254666,0.36063341082283806,0.4393939393939394,0.1044776119402985,04048,False,0.2961311747153744,0.004216063005863467,0.014671984294239413
45.0,False,0.012164533242305691,0.013419058813204557,0.8171262855877173,0.3076923076923077,0.0,04048,False,0.00018785026347393092,0.005928194646131984,0.0049457003963756675
46.0,False,0.06633416396470297,0.09240362774113792,0.1347894140050003,0.3939393939393939,0.029850746268656716,04048,False,0.0746882531190095,0.000635850751368453,0.006754422676420968
47.0,False,0.32784136739221187,0.13566857954322611,0.5544593757392039,0.42168674698795183,0.2619047619047619,04048,False,0.7522701962286771,0.32284293581429135,0.0721780035632372
48.0,False,0.3494669702082758,0.1798319523447502,0.6817624228364748,0.5128205128205128,0.31645569620253167,04048,True,0.8379543729648318,0.48652175301692296,0.12123356597863878
49.0,False,0.08789775843834943,0.13916704728154977,0.23065550642063434,0.5,0.09523809523809523,04048,False,0.20086744455031882,0.001504215304444582,0.013333269675620379
50.0,False,0.10127012363720873,0.10518243411610698,0.35637516431975497,0.390625,0.03076923076923077,04048,False,0.18008013538838233,0.0035578912771459734,0.006819445308489028
51.0,False,0.011214778106110549,0.01306821130637788,0.8046845612736704,0.3333333333333333,0.0,04048,False,0.00015462631055137535,0.004660695411855658,0.0049457003963756675
52.0,False,0.07354672561053216,0.11999088746837663,0.17634198702237378,0.36923076923076925,0.07575757575757576,04048,False,0.12577998148766775,0.0011185032743024161,0.010893259043972167
53.0,False,0.010576920188014389,0.013136580465835176,0.785258815244139,0.421875,0.0,04048,False,0.00013922962829592827,0.003080416720453745,0.0049457003963756675
54.0,False,0.010513826448124357,0.013604218215175205,0.7785002674078635,0.390625,0.0,04048,False,0.0001448168152395532,0.003045606142181854,0.0049457003963756675
55.0,False,0.017924012819364815,0.02630668462848643,0.5361246803308944,0.34375,0.03076923076923077,04048,False,0.0010513401962541742,0.001792467969594812,0.006819445308489028
56.0,False,0.031067023183360847,0.03044413469297304,0.5054380738192136,0.359375,0.03076923076923077,04048,False,0.0037293398084344118,0.0035455974128928906,0.006819445308489028
57.0,False,0.038061826944496384,0.05634758366550515,0.27412866683108633,0.4444444444444444,0.03125,04048,False,0.013349434038846544,0.0006948977393544955,0.006853728067183623
58.0,False,0.009714716117446434,0.011766498044558323,0.7513243366528637,0.36507936507936506,0.0,04048,False,0.00010075790187462271,0.002893101504585792,0.0049457003963756675
59.0,False,0.009832369554144921,0.012507187309201627,0.7539457737482481,0.30158730158730157,0.0,04048,False,0.00011268180559550018,0.0032361199758398408,0.0049457003963756675
60.0,False,0.008697579070182973,0.011143685801364886,0.7458404557070089,0.3225806451612903,0.0,04048,False,7.528241367340291e-05,0.00269076519099048,0.0049457003963756675
61.0,False,0.05644768338716045,0.07947549599499959,0.27204103837428223,0.3492063492063492,0.03125,04048,False,0.045394581564779095,0.0012111223114960505,0.006853728067183623
62.0,False,0.02047902951937683,0.028149533765135893,0.5235935990878015,0.3548387096774194,0.031746031746031744,04048,False,0.0014978341010949965,0.0019721218258408873,0.0068892785642539894
63.0,False,0.01096324855065953,0.012948099935959701,0.8306987530288743,0.3770491803278688,0.0,04048,False,0.0001460609782787839,0.004618035148892893,0.0049457003963756675
64.0,False,0.013880356162162986,0.01370353072401445,0.8788682387082248,0.3548387096774194,0.0,04048,False,0.0002495212023742426,0.008909038862410207,0.0049457003963756675
65.0,False,0.0101965170473664,0.011418038741880254,0.7842685800539916,0.4262295081967213,0.0,04048,False,0.0001058476979680853,0.003331254841026577,0.0049457003963756675
66.0,False,0.016486191556627935,0.01297957218805763,0.9166325432573668,0.3870967741935484,0.0,04048,False,0.0003208823198309906,0.0145025036084505,0.0049457003963756675
67.0,False,0.01426114855078577,0.012761238451522017,0.9014022984699305,0.3333333333333333,0.0,04048,False,0.00023698414422512116,0.01188938863581854,0.0049457003963756675
68.0,False,0.11679700062632786,0.14757224603925395,0.29865970416301263,0.390625,0.07692307692307693,04048,False,0.3209110839140658,0.003626064421906789,0.011025936174815412
69.0,False,0.14637080395273383,0.15651326880245314,0.2659558559270529,0.4626865671641791,0.16176470588235295,04048,False,0.44262435344802975,0.008058492792399449,0.026457683653394896
70.0,False,0.016849758126286026,0.013594604420845254,0.8274657207823118,0.3333333333333333,0.0,04048,False,0.00035789259696292685,0.010630705464259189,0.0049457003963756675
71.0,False,0.03744786167026778,0.03826720036477057,0.3281592887858385,0.40298507462686567,0.014705882352941176,04048,False,0.00741708327756136,0.0012947140474262031,0.005766913183543335
72.0,False,0.1357660181595959,0.15484971073577916,0.3293551108580737,0.39436619718309857,0.125,04048,False,0.4035909674968739,0.008055940899179118,0.018136876228109916
73.0,False,0.02034536817085746,0.014469568101431402,0.9023386214002823,0.3283582089552239,0.0,04048,False,0.000562743020049972,0.020232400835215093,0.0049457003963756675
74.0,False,0.09522700756612264,0.09004070428375378,0.3612870962965166,0.35714285714285715,0.056338028169014086,04048,False,0.13471153032047523,0.005286977693619147,0.008901395967808217
75.0,False,0.13982580003766346,0.18371174343050203,0.49376835409729114,0.5405405405405406,0.17333333333333334,04048,True,0.47863907983944176,0.01679603019384638,0.02977384906899621
76.0,False,0.06665049862476684,0.09392198499313403,0.35634473846118414,0.4,0.028169014084507043,04048,False,0.07698898576432034,0.0017650938545863692,0.006636959038215801
77.0,False,0.1585542278844046,0.15478353230055084,0.42635198715233386,0.4788732394366197,0.1388888888888889,04048,False,0.47674546711242866,0.015885037152971068,0.020925465592336205
78.0,False,0.018125761449007242,0.019682624429298582,0.9307648511794021,0.35294117647058826,0.0,04048,False,0.0007048706962822353,0.012427891579324361,0.0049457003963756675
79.0,False,0.017694070057830143,0.012778702979805377,0.9042696031730678,0.36764705882352944,0.0,04048,False,0.0003593110429406586,0.01660295330464826,0.0049457003963756675
80.0,False,0.025442823120891786,0.015217778230057826,0.8519469497423411,0.36,0.0,04048,False,0.000930036640527954,0.021202486627623012,0.0049457003963756675
81.0,False,0.09248137308744586,0.09719225365555517,0.34649189667636293,0.4084507042253521,0.09722222222222222,04048,False,0.14123940718785752,0.005485997590888677,0.01361019799248732
82.0,False,0.10857144051288009,0.13736448927541164,0.2460459554332064,0.375,0.1095890410958904,04048,False,0.2701103680130624,0.003722539718900163,0.015468601358300903
83.0,False,0.0151476209625361,0.01160716824754236,0.855218132363338,0.2878787878787879,0.0,04048,False,0.00023184272850775857,0.013228482305702107,0.0049457003963756675
84.0,False,0.09674154369433197,0.0844870475691467,0.20298480039066122,0.34285714285714286,0.056338028169014086,04048,False,0.1276215634187297,0.0028464544111970838,0.008901395967808217
85.0,False,0.010695760142228302,0.011744003508702961,0.7815969229358422,0.27941176470588236,0.0,04048,False,0.00012087108473958189,0.0048958907366185135,0.0049457003963756675
86.0,False,0.020006894985639425,0.029260864390204477,0.5191358323273093,0.3235294117647059,0.028985507246376812,04048,False,0.0015150968383289536,0.001853191967512485,0.006693732867722958
87.0,False,0.012398424801745246,0.013471343914142926,0.812114233985852,0.2608695652173913,0.0,04048,False,0.00019595276017573396,0.006655307389289452,0.0049457003963756675
88.0,False,0.08412676640079328,0.11825584868156756,0.330633558019164,0.32857142857142857,0.08450704225352113,04048,False,0.1542320310781175,0.003643527967869043,0.011929148912722527
89.0,False,0.06409997613079939,0.08887642018710298,0.10569965478320752,0.3382352941176471,0.028985507246376812,04048,False,0.06665825353583461,0.0006127959720238664,0.006693732867722958
90.0,False,0.011826851283038658,0.011716926152542748,0.8216645604413916,0.3235294117647059,0.0,04048,False,0.00014612276915136908,0.006476181462312289,0.0049457003963756675
91.0,False,0.016191508938245166,0.023005562840232592,0.7257163282920236,0.391304347826087,0.04285714285714286,04048,False,0.0007119351374877768,0.004272454647555442,0.007735383472894904
92.0,False,0.02827013759950939,0.04100840574150275,0.8930764100316675,0.4057971014492754,0.17142857142857143,04048,False,0.004791904800259301,0.04167508863059023,0.029201385070002184
93.0,False,0.031828893647008465,0.04606190432092215,0.8600199091954378,0.4782608695652174,0.12857142857142856,04048,False,0.007108393816217163,0.02269275830960821,0.01881702607328507
94.0,False,0.05070517425244396,0.07599470920546245,0.4485238089429025,0.42028985507246375,0.11428571428571428,04048,False,0.03498941826344912,0.004357870292385814,0.016238026327704567
95.0,False,0.023167134458715922,0.03350051023130631,0.7841644028927043,0.47058823529411764,0.08695652173913043,04048,False,0.0024423248095151945,0.008873078918510573,0.012236202659814104
96.0,False,0.09332509838465819,0.10677707826079892,0.42676525304327606,0.4927536231884058,0.11428571428571428,04048,False,0.1609901996327506,0.007042311387179515,0.016238026327704567
97.0,False,0.02359619230064529,0.01574074204356489,0.9049763943290899,0.4142857142857143,0.0,04048,False,0.0008452912443915809,0.020119638079811153,0.0049457003963756675
98.0,False,0.14164519105927734,0.11395035307825473,0.3841144431576725,0.4142857142857143,0.028169014084507043,04048,False,0.31975836480472736,0.006423931133361596,0.006636959038215801
99.0,False,0.029708456879315313,0.031146441309013874,0.8371524071893232,0.3582089552238806,0.058823529411764705,04048,False,0.0035384118462405043,0.01979048079031831,0.009134659730110708
100.0,False,0.03229913781082399,0.05125408627844845,0.8525647585939363,0.6176470588235294,0.2608695652173913,04048,False,0.008527283016328739,0.046620248701236086,0.07145331268129433
101.0,False,0.1060009871600205,0.12280864270838687,0.4374493011272779,0.4492753623188406,0.14285714285714285,04048,False,0.23095957765640485,0.011442204534484971,0.02179655926213813
102.0,False,0.09969871166892838,0.10963603148289706,0.44122542267315634,0.4,0.1267605633802817,04048,False,0.18458795022945998,0.011472191280031688,0.018469091265894286
103.0,False,0.04363615364632554,0.05141312250090876,0.608554684099338,0.49295774647887325,0.027777777777777776,04048,False,0.015164611514598811,0.004279457334925199,0.006609924674633945
104.0,False,0.12494093280035838,0.14927001823721375,0.3638250584200901,0.4520547945205479,0.1891891891891892,04048,False,0.35354744604814187,0.013206890581397334,0.034979826954580504
105.0,False,0.18586318110494826,0.21546194858449735,0.5713561002547071,0.6486486486486487,0.38666666666666666,04048,True,0.6666228135976618,0.15962009259643767,0.22383932586676228
106.0,False,0.0894507622111932,0.09576273958913227,0.5148056502344464,0.4647887323943662,0.2222222222222222,04048,False,0.1311788905107705,0.031202623596969264,0.04877845757898537
107.0,False,0.23823813888426287,0.251662924304807,0.7833711113852436,0.6559139784946236,0.6063829787234043,04048,True,0.801482848112607,0.8348849613765883,0.7434679197424003
108.0,False,0.22183425681819827,0.24934861143416162,0.589705724403308,0.5238095238095238,0.32941176470588235,04048,True,0.7764537349750573,0.16272641206756755,0.13649248524370403
109.0,False,0.28819187813382124,0.29298478670949585,0.7431718636598943,0.449438202247191,0.4777777777777778,04048,True,0.8789190515657189,0.715822146809498,0.42884510469480214
110.0,False,0.24753707746224152,0.18428233887820092,0.6626375806719393,0.5512820512820513,0.379746835443038,04048,True,0.7342286755792221,0.4161329348807804,0.21146714135088202
111.0,False,0.12948093964601454,0.12483938015071384,0.5462802978926642,0.4305555555555556,0.2191780821917808,04048,False,0.31115841226558827,0.05504964671429185,0.04731628828470995
112.0,False,0.11786503843132708,0.15212282969341215,0.48467967600477985,0.5507246376811594,0.17142857142857143,04048,False,0.3344876688798124,0.013958520530883681,0.029201385070002184
113.0,False,0.10955309046547361,0.13553288081728532,0.414084722539798,0.5211267605633803,0.2361111111111111,04048,False,0.26967259133135374,0.01900996975000499,0.05600951818225909
114.0,False,0.17625282857271166,0.1889951408212823,0.5780761920020749,0.49333333333333335,0.3684210526315789,04048,True,0.5987977759604725,0.20085009775181367,0.1923130550600063
115.0,False,0.18337085249837107,0.14012052260204014,0.45412242577364054,0.4246575342465753,0.21621621621621623,04048,False,0.510394314384203,0.05865844265600428,0.04593368524961325
116.0,False,0.114791951594843,0.13751860182011474,0.34291561145923977,0.323943661971831,0.125,04048,False,0.2920576807879941,0.008467657194212977,0.018136876228109916
117.0,False,0.09852925267351238,0.08951038756816017,0.2522094807216007,0.38235294117647056,0.08695652173913043,04048,False,0.14148277106938476,0.004196106331630868,0.012236202659814104
118.0,False,0.0944513369139238,0.11163956790136892,0.45744176010576004,0.45714285714285713,0.14084507042253522,04048,False,0.17320137480606204,0.010914566586107167,0.021350535306950223
119.0,False,0.230335180176591,0.10569706549422835,0.6263370895572055,0.44594594594594594,0.14666666666666667,04048,False,0.517446554949129,0.13293796375522196,0.02266611659457604
0.0,False,0.2796989514758398,0.34002044788098273,0.6523605336755998,0.5238095238095238,0.4117647058823529,04126,True,0.9032094463157732,0.3608065332881847,0.2849029845210097
1.0,True,0.24428685271292225,0.2991870979381304,0.7622475026376493,0.4968944099378882,0.4691358024691358,04126,True,0.8559010359920347,0.5973661688474646,0.42167394051520546
2.0,True,0.20463300896260614,0.24195598306248128,0.8728192047478266,0.5096774193548387,0.40384615384615385,04126,True,0.7541475771618581,0.5575424195365105,0.26821735417774734
3.0,True,0.2579235172412005,0.33386113106957255,0.6338025227960852,0.5909090909090909,0.5483870967741935,04126,True,0.8862944639294315,0.5919312963069497,0.62690244830733
4.0,True,0.21242560726445708,0.29260848814413587,0.862026101381959,0.5705128205128205,0.5987261146496815,04126,True,0.8154407736314472,0.8474000776366442,0.7406283696599528
5.0,True,0.22706137503429386,0.3156999736687152,0.7683298927604447,0.6291390728476821,0.6513157894736842,04126,True,0.8491900777449733,0.8473092478577032,0.8324696460115312
6.0,True,0.22870978263683434,0.3204005573946114,0.8792081227793396,0.5986394557823129,0.7027027027027027,04126,True,0.8538010595092589,0.9381712102766395,0.8951590615104617
7.0,True,0.2212573931529713,0.3130498440960185,0.7833137545980797,0.6344827586206897,0.6301369863013698,04126,True,0.8411418289966248,0.8249481125433277,0.7990116296201737
8.0,True,0.22320702665231476,0.3140023357310898,0.803137931751179,0.6644736842105263,0.7058823529411765,04126,True,0.8439441518260467,0.9086488649112632,0.8982612290052915
9.0,False,0.28818942706757866,0.2066061054101437,0.8969829826527074,0.45,0.33663366336633666,04126,True,0.819972088318015,0.6379526901881537,0.15294049198474358
10.0,False,0.17139316977675925,0.22840873392370706,0.6247129994281225,0.34375,0.20618556701030927,04126,True,0.6681635970974088,0.06207986609922195,0.04369259679401294
11.0,True,0.3439503525905025,0.3790664099599071,0.7140449354747261,0.4883720930232558,0.5615384615384615,04126,True,0.9420719457711597,0.7917873932647044,0.658696636301721
12.0,True,0.379562485286154,0.32065464575926217,0.7225032656479385,0.6212121212121212,0.6992481203007519,04126,True,0.9378149099709548,0.9426344861500886,0.8916942931506285
13.0,False,0.06583353008000252,0.1198089793286036,0.9176271449197159,0.5466666666666666,0.34210526315789475,04126,False,0.10995982830136229,0.21184778953099595,0.1605579375874691
14.0,False,0.12338448998445216,0.13005832114716756,0.5038871587946853,0.46153846153846156,0.08860759493670886,04126,False,0.312421738875656,0.011969755419603453,0.01306713469027907
15.0,False,0.20184667617813867,0.20893589716145372,0.4659842486999289,0.38823529411764707,0.23255813953488372,04126,True,0.7042243423176675,0.05283949777419308,0.0568888766196105
16.0,False,0.21708913328335927,0.13196915812943127,0.7022699825143807,0.40229885057471265,0.20454545454545456,04126,False,0.5721410916675685,0.1911745020565518,0.042976349034626195
17.0,True,0.22060771639622598,0.30373857394635684,0.8572485284582059,0.624113475177305,0.6338028169014085,04126,True,0.8340195083753006,0.8769397145911318,0.8051416582874809
18.0,True,0.2858352561080217,0.41288055564325665,0.6918299037938315,0.6766917293233082,0.6119402985074627,04126,True,0.9292559122982043,0.7393157173300001,0.766461796881137
19.0,True,0.21006809417678285,0.31962748742211383,0.9160380304702326,0.717391304347826,0.7553956834532374,04126,True,0.8322915578152011,0.9557215606843851,0.9370054263039244
20.0,True,0.18922963283360714,0.25484430244346407,0.9129169913504595,0.635036496350365,0.6666666666666666,04126,True,0.741739228337873,0.919444488677188,0.8538276397628571
21.0,True,0.3851217132631749,0.21014144662047635,0.7844865264666815,0.6020408163265306,0.6060606060606061,04126,True,0.8894165464617986,0.9404139165231054,0.7551925503581297
22.0,False,0.08907722883928675,0.10556360305721726,0.5205919721631043,0.5492957746478874,0.2638888888888889,04126,False,0.1516075264459377,0.03952288940972216,0.07741228709407937
23.0,False,0.03474157795584587,0.03608908314655804,0.9303029694342805,0.4225352112676056,0.06944444444444445,04126,False,0.005772181271861405,0.03502867685809403,0.010704042977216947
24.0,False,0.1514047761429916,0.12877524673323018,0.640938483858394,0.4177215189873418,0.1875,04126,False,0.3961747486552974,0.07722523230510264,0.03616807847894995
25.0,False,0.2407993988050404,0.26615221357999613,0.5162363541025049,0.4444444444444444,0.2087912087912088,04126,True,0.8282362313950764,0.05173682365007653,0.04485397006343593
26.0,False,0.10874763173660844,0.10003865397551572,0.5346927837482326,0.6590909090909091,0.12359550561797752,04126,False,0.19274292223950312,0.01581890524988718,0.018781390225201484
27.0,False,0.18805259127119395,0.19652896288328986,0.8171704375883334,0.4666666666666667,0.2857142857142857,04126,True,0.6547734732864253,0.279293400011897,0.09551159989625811
28.0,False,0.20777100888385996,0.27632622677544544,0.6190952098206723,0.52,0.33663366336633666,04126,True,0.7950214364501784,0.15819101923973683,0.15294049198474358
29.0,False,0.2812307340679557,0.30655637075525183,0.48877278375474004,0.43023255813953487,0.2988505747126437,04126,True,0.889223091469829,0.10930170180835196,0.10815372017737102
30.0,False,0.17684481465994886,0.19840267819847307,0.7134279846331498,0.4069767441860465,0.25287356321839083,04126,True,0.6317847325256288,0.14691016784062433,0.06952067773625409
31.0,False,0.08105224909632681,0.0772107466751728,0.6522138711414752,0.40860215053763443,0.14893617021276595,04126,False,0.08439711177129099,0.036963424251443486,0.024387786014265805
32.0,False,0.13393055479329838,0.17064222752388666,0.5999305721844963,0.38095238095238093,0.25882352941176473,04126,True,0.4467216819995313,0.07598235881686653,0.07368624036861968
33.0,False,0.11994503848101493,0.14666881367028362,0.5540516239952789,0.3333333333333333,0.08247422680412371,04126,False,0.3418269577452539,0.013962204491321054,0.01225957767868621
34.0,False,0.07142412249991785,0.09826704136775591,0.48226014800088585,0.21359223300970873,0.038461538461538464,04126,False,0.09566748921107351,0.005120329163320471,0.007746364804708145
35.0,False,0.15354513807282213,0.1800973762696128,0.6921199124501429,0.45054945054945056,0.2717391304347826,04126,True,0.5313097154787778,0.13301762085653554,0.08352872199823767
36.0,False,0.16541947861700196,0.2198613788772425,0.6028351754946716,0.6236559139784946,0.3191489361702128,04126,True,0.639765433120063,0.10257504536617577,0.13057193316803337
37.0,False,0.17127732628766554,0.2197542073125665,0.5142747614429215,0.3958333333333333,0.21649484536082475,04126,True,0.654454626169355,0.04096831790380024,0.048461994402716514
38.0,False,0.14413744215485474,0.15435654688267358,0.7131093987087456,0.37777777777777777,0.16483516483516483,04126,False,0.44220412322430436,0.06999989966068161,0.028706696660168552
39.0,False,0.2082548876583856,0.32994335340938113,0.6353031785138166,0.4631578947368421,0.28125,04126,True,0.8368588156988798,0.09829494534274157,0.09152544352393606
40.0,False,0.07921430722132229,0.08202848093878251,0.598003831756643,0.30851063829787234,0.06315789473684211,04126,False,0.0884254611562066,0.013911859564733613,0.010025013226054978
41.0,False,0.13772368280411765,0.16321369396508495,0.5098648674058346,0.4222222222222222,0.0989010989010989,04126,False,0.442563301524589,0.013286473547146856,0.014541979294712055
42.0,False,0.1634378304111728,0.1808483336515104,0.41202852045873445,0.30927835051546393,0.14285714285714285,04126,True,0.5618428792370401,0.017278088991468196,0.022909647492547418
43.0,False,0.1356694726126064,0.13846091119811652,0.7153350672909391,0.4731182795698925,0.2127659574468085,04126,False,0.37422593572610047,0.09554848900924828,0.046682396830591215
44.0,False,0.11660189466572755,0.16975696752871453,0.3096040972597662,0.3333333333333333,0.09278350515463918,04126,False,0.3819801577599178,0.004091213637786713,0.013646772673167593
45.0,False,0.14045989594619276,0.17473721113906143,0.5486879870503499,0.4387755102040816,0.24242424242424243,04126,True,0.4779917428402915,0.05218557047803366,0.06272880904356967
46.0,False,0.13652436634894327,0.11857249146092716,0.5656919911579001,0.37623762376237624,0.08823529411764706,04126,False,0.3223408471410014,0.022930116422519953,0.01301665248819828
47.0,False,0.13174307906571348,0.16962850278237915,0.7123055793421342,0.41237113402061853,0.22448979591836735,04126,False,0.4368456501714029,0.08682153038553608,0.05249677540765692
48.0,False,0.20171077773336768,0.3124245937454175,0.3085416188609242,0.375,0.14432989690721648,04126,True,0.8161757314910696,0.007912683851823362,0.023259517371261182
49.0,False,0.24301212323834004,0.3339194444042573,0.7725645584138483,0.5478260869565217,0.5086206896551724,04126,True,0.8746071169825551,0.6464151264633771,0.5249891560044331
50.0,True,0.2473330121520163,0.32809741476010557,0.7345538916224557,0.5424836601307189,0.6103896103896104,04126,True,0.8752272385914847,0.8024707092707578,0.7635250725799319
51.0,True,0.33037094141784945,0.38393746139761326,0.5701300556309357,0.6573426573426573,0.7222222222222222,04126,True,0.9389663347846253,0.8614979458164526,0.9129486503434903
52.0,True,0.181677263969582,0.24442151480948138,0.8777107543509441,0.6133333333333333,0.6423841059602649,04126,True,0.7138261136952151,0.886848904618756,0.8189341975310893
53.0,True,0.19862996707376293,0.27106860680650585,0.9201950880660665,0.5782312925170068,0.6756756756756757,04126,True,0.7758242152271763,0.933088109786348,0.8652790468952113
54.0,True,0.298172591385547,0.42577528519781593,0.7176783104138617,0.6232876712328768,0.673469387755102,04126,True,0.9371493022770911,0.8606068766583668,0.8625466609749587
55.0,True,0.21260123000947298,0.2947816660278804,0.8978824325952388,0.6216216216216216,0.610738255033557,04126,True,0.8173936181333249,0.8716724163645272,0.7641875578806075
56.0,False,0.35518274989145876,0.27885820514332493,0.8817557015408711,0.7830188679245284,0.7757009345794392,04126,True,0.9147074813012689,0.9829744410667662,0.9485118198751901
57.0,False,0.0896836171179337,0.16623816732082247,0.9689428594063465,0.8028169014084507,0.7222222222222222,04126,False,0.2680386891325346,0.8989790073166581,0.9129486503434903
58.0,False,0.10100900797852946,0.11436768933229313,0.5879461310835234,0.44,0.23684210526315788,04126,False,0.20381678542918347,0.054029356409569414,0.05935911607784799
59.0,False,0.1457830428620774,0.13253858164722618,0.5155099922491823,0.4025974025974026,0.11538461538461539,04126,False,0.38995640721199015,0.022259455286097553,0.0172519988531797
60.0,False,0.2750324858060213,0.3360627440903259,0.7301873795900499,0.4268292682926829,0.3373493975903614,04126,True,0.8987821976468062,0.31461548444874127,0.15391982301734725
61.0,False,0.2975216474493056,0.4468503343414369,0.4961036364467531,0.45161290322580644,0.2978723404255319,04126,True,0.9411976693434342,0.08164933410679628,0.10716374149407695
62.0,False,0.10509014109512037,0.11041115242622213,0.4563479042991179,0.27184466019417475,0.07692307692307693,04126,False,0.2069900921145363,0.010061287727964394,0.011571285329953817
63.0,False,0.15759668196424012,0.2723948137766321,0.5973839267664394,0.4631578947368421,0.21875,04126,True,0.6934402156907408,0.03862457327320394,0.04956931247393615
64.0,False,0.2211304429245396,0.26598713832209925,0.5526561903378643,0.4742268041237113,0.2857142857142857,04126,True,0.8042129336816249,0.09710824054265299,0.09551159989625811
65.0,False,0.19676068071074632,0.22845958670409713,0.7839983552698243,0.5280898876404494,0.37777777777777777,04126,True,0.7228020096473752,0.39234424217226455,0.21784011176927393
66.0,False,0.11783664177562261,0.15227017716027125,0.6651693966062727,0.6805555555555556,0.4794520547945205,04126,False,0.34747276267353,0.33612808860791227,0.4483768575123664
67.0,False,0.07602295818323566,0.12288054441503786,0.7398626226396436,0.7464788732394366,0.5416666666666666,04126,False,0.14396961482463538,0.40921299332766475,0.6102007252461671
68.0,False,0.046949510607619094,0.06378334416123616,0.8536233860783214,0.5,0.2112676056338028,04126,False,0.024084123409260808,0.0688072788375893,0.04598496033811356
69.0,False,0.06359188174230583,0.09060164529252457,0.7040351062839346,0.5555555555555556,0.3287671232876712,04126,False,0.06981010123070168,0.10197864767345614,0.14251083682412857
70.0,False,0.1629134304384242,0.18583966711175476,0.6211027752914815,0.52,0.3684210526315789,04126,True,0.5707439344690189,0.20569910810447825,0.20151307604658888
71.0,False,0.23010399277065072,0.22118016909155416,0.7509584038093444,0.5487804878048781,0.43373493975903615,04126,True,0.7686929127208216,0.5473915838841643,0.33429371118563445
72.0,False,0.20465283738373571,0.21662649829442326,0.7149436202121542,0.4111111111111111,0.26373626373626374,04126,True,0.7209983298728126,0.18112470855141916,0.0772975367302352
73.0,False,0.13269747715116353,0.1590578138995602,0.7340011684200223,0.42857142857142855,0.18478260869565216,04126,False,0.4157289951396827,0.07252682932373214,0.035183326877642855
74.0,False,0.19542156559159202,0.2858660625098276,0.47187594410552536,0.4787234042553192,0.21052631578947367,04126,True,0.7847434849328803,0.027322314682342922,0.04564359035320585
75.0,False,0.24094764187606396,0.25013551735206685,0.6944228430107144,0.5747126436781609,0.38636363636363635,04126,True,0.8142711336540892,0.35750016132702983,0.2336433500457034
76.0,False,0.13352201521614537,0.17799811502774104,0.6819842008562728,0.6986301369863014,0.6081081081081081,04126,True,0.4615410177456904,0.6393348678734365,0.7591581738815399
77.0,False,0.17614916525581267,0.21253111589740278,0.6640606776127246,0.6756756756756757,0.56,04126,True,0.6545881152806352,0.5890461202421645,0.6550438269450336
78.0,False,0.17581100140510933,0.21394664549242007,0.6756307622019587,0.5921052631578947,0.5714285714285714,04126,True,0.6561032861521767,0.6481325382209709,0.6817176548933139
79.0,False,0.07558458329291272,0.11453776744164906,0.7752000126504839,0.5774647887323944,0.4583333333333333,04126,False,0.129810387131562,0.33737054081545453,0.3941975275793946
80.0,False,0.09329245004617594,0.1479991764127165,0.662627882668465,0.6111111111111112,0.547945205479452,04126,False,0.24765295989541053,0.41283048442622794,0.6258130188408184
81.0,False,0.21066264793280304,0.2153117821184255,0.7442394225392509,0.5769230769230769,0.3924050632911392,04126,True,0.7298981965293487,0.40890188640308006,0.2452312658037252
82.0,False,0.24558406914341166,0.25846566082375716,0.7631449795874037,0.41935483870967744,0.30851063829787234,04126,True,0.8269977249764223,0.3142513996263249,0.11836779553957358
83.0,False,0.3760763008370717,0.48949351257881485,0.6667322932252784,0.5833333333333334,0.5529411764705883,04126,True,0.9661922557641339,0.6880428104302885,0.6380533425835134
84.0,False,0.2710423142851927,0.2719978703997833,0.4363279190197726,0.4772727272727273,0.19101123595505617,04126,True,0.8615452478244249,0.03557438203938179,0.037479847683138966
85.0,False,0.14683829943719023,0.16481765282547078,0.6422354118897919,0.5824175824175825,0.2717391304347826,04126,False,0.476086165890767,0.09556059819851048,0.08352872199823767
86.0,False,0.2087204629826084,0.32641096020875326,0.3073053044402295,0.6352941176470588,0.16279069767441862,04126,True,0.835141150282877,0.006764499232941231,0.02811224489301177
87.0,False,0.1520361074395878,0.13407099710280607,0.6127383762630159,0.36363636363636365,0.14606741573033707,04126,False,0.41311554771180775,0.04962052006857005,0.023678995129355694
88.0,False,0.15110586496656161,0.17080233362670674,0.5276877045589144,0.37894736842105264,0.17708333333333334,04126,True,0.5033025807980124,0.033572744808725775,0.03253155585852885
89.0,False,0.19027473524735267,0.1933408550477136,0.7733675568143952,0.45348837209302323,0.3448275862068966,04126,True,0.6540021440027626,0.3631387257868199,0.16446082388511105
90.0,False,0.1835122190650261,0.21221460795423386,0.4024941239247982,0.31868131868131866,0.15217391304347827,04126,True,0.6711847723310195,0.01811896527526513,0.025212602742135572
91.0,False,0.12887109454071863,0.14549926834152946,0.7262568539666029,0.5316455696202531,0.25,04126,False,0.36973979151034053,0.11127252796912719,0.06758785750383041
92.0,False,0.09916871365899531,0.1543486014584803,0.6645569799034418,0.6714285714285714,0.5352112676056338,04126,False,0.2825747581145633,0.3829703988051253,0.5939099940649516
93.0,False,0.10733991646245988,0.14501907241717565,0.6778380596013857,0.7945205479452054,0.7432432432432432,04126,False,0.2930960464392976,0.8184494204941084,0.9290128104299791
94.0,False,0.07399502300863779,0.12304994071112384,0.8881662225438567,0.7285714285714285,0.6901408450704225,04126,False,0.13810294067769238,0.8355914133821828,0.8820748468128782
95.0,False,0.20033229421094073,0.23032821290042035,0.6945446198636062,0.6933333333333334,0.5921052631578947,04126,True,0.7319802197495686,0.710175812887332,0.7270072226006317
96.0,False,0.16772982895113991,0.24169169396084852,0.4142335351767914,0.5142857142857142,0.3380281690140845,04126,True,0.6785698061877353,0.05695309038515527,0.15485331216422726
97.0,False,0.13422359344554222,0.1727985899643563,0.6059020859847797,0.6571428571428571,0.3380281690140845,04126,True,0.45255604587659637,0.10758164572608309,0.15485331216422726
98.0,False,0.08936312902934557,0.1348936514359343,0.5805223366752817,0.5970149253731343,0.4117647058823529,04126,False,0.20824230392187634,0.12913658331137157,0.2849029845210097
99.0,False,0.08425914521310161,0.13396593008867635,0.7652825087498867,0.6060606060606061,0.4626865671641791,04126,False,0.18903949139433243,0.3304942159728555,0.40520020079790336
100.0,False,0.09015978525539903,0.1451092913711722,0.7111534238528291,0.7164179104477612,0.6176470588235294,04126,False,0.2304702096734921,0.5815845254447984,0.7770497763799131
101.0,False,0.19317297957354715,0.22302376735722437,0.7811477598205241,0.46835443037974683,0.4,04126,True,0.7081903274046826,0.45520228272899044,0.2603399558990884
102.0,False,0.16838140240472255,0.17369109732113888,0.7183165943715613,0.5526315789473685,0.44155844155844154,04126,True,0.5601353568238868,0.46085631325263304,0.3528777580780262
103.0,False,0.07034980013317753,0.10396612767558984,0.6679618933427461,0.6428571428571429,0.3380281690140845,04126,False,0.10090845852875333,0.0872216668371203,0.15485331216422726
104.0,False,0.0629803535774229,0.0985354176189368,0.8833164639486858,0.625,0.4931506849315068,04126,False,0.07745740016774587,0.48281759626345805,0.48427378512330677
105.0,False,0.09710744469497853,0.1443343963201914,0.6989568138537264,0.6571428571428571,0.4084507042253521,04126,False,0.2544306225243928,0.19706200265705814,0.277844241679142
106.0,False,0.18649412839653218,0.23405409557503715,0.7130160639271999,0.6486486486486487,0.5733333333333334,04126,True,0.7100688751803585,0.6746147528775833,0.6860554404475723
107.0,False,0.10855877272080591,0.1629895503539254,0.664185778921199,0.5797101449275363,0.4857142857142857,04126,False,0.336713856071636,0.3283601881464864,0.4647429017660632
108.0,False,0.1286935318206857,0.2167968453908698,0.7001950102577679,0.8115942028985508,0.7571428571428571,04126,True,0.5207376062009653,0.828676464796327,0.938083120365357
109.0,False,0.08897910101321216,0.14880332716116204,0.8506220820475044,0.7313432835820896,0.6176470588235294,04126,False,0.23302657957188752,0.7109660527693102,0.7770497763799131
110.0,False,0.16556417067463863,0.1848293109684866,0.7032305658618289,0.7464788732394366,0.6388888888888888,04126,True,0.5760586537689294,0.7703075356263172,0.8134103010070382
111.0,False,0.08473214944599426,0.14192724391455722,0.770642892256331,0.8285714285714286,0.6619718309859155,04126,False,0.20485873583543593,0.6855126547249837,0.8475465019848744
112.0,False,0.1253583108014707,0.1990532593494038,0.7137410182125382,0.5942028985507246,0.4714285714285714,04126,True,0.47536135138418917,0.3516530042942333,0.427574816676308
113.0,False,0.07846733302415647,0.13772148645599655,0.8868588521371583,0.7746478873239436,0.5833333333333334,04126,False,0.17558449764093081,0.6398598341967824,0.7082882486765549
114.0,False,0.06909111297994319,0.1223857447158007,0.9015815817294808,0.7571428571428571,0.5352112676056338,04126,False,0.122626185438844,0.5362537912581183,0.5939099940649516
115.0,False,0.07199066642296166,0.11686270305357199,0.7324677904457871,0.7285714285714285,0.43661971830985913,04126,False,0.12318949788760533,0.2039269906690575,0.34109024852708386
116.0,False,0.12747678339473525,0.10673430830813213,0.6571228333146092,0.4444444444444444,0.12195121951219512,04126,False,0.2622077810922324,0.042481996630996,0.018464826906583125
117.0,False,0.08712342536832976,0.10102679580336256,0.843344833165973,0.45569620253164556,0.2625,04126,False,0.13803534271131418,0.168842524104072,0.0763737884951479
118.0,False,0.12089911606016632,0.14048904682413854,0.7499669114372967,0.49295774647887325,0.3194444444444444,04126,False,0.3302282262850542,0.2035439282902242,0.13092573329335883
119.0,False,0.15792516533885487,0.24326440016237663,0.7910261849398351,0.6764705882352942,0.6521739130434783,04126,True,0.65579551533161,0.8080864787516991,0.8337265756664175
0.0,False,0.031117823886210958,0.037077461169395615,0.9053170333361384,0.6065573770491803,0.1935483870967742,04746,False,0.004407974592037033,0.05585123222507044,0.03871803972673564
1.0,False,0.02951911187074232,0.0418577818940864,0.8729511320305959,0.65,0.21311475409836064,04746,False,0.004887562951730559,0.040519699128603086,0.0470324865160244
2.0,False,0.030984657721809236,0.03990938760996929,0.8405394383768804,0.6612903225806451,0.15873015873015872,04746,False,0.004931589475695051,0.02517138611417642,0.027289336338797276
3.0,False,0.3114411036732094,0.23736080600487836,0.7511802660289044,0.6081081081081081,0.41333333333333333,04746,True,0.8527608365970407,0.649325076401378,0.28307988797930317
4.0,False,0.14129622844291423,0.12267788645196813,0.70307991411062,0.6268656716417911,0.3088235294117647,04746,False,0.3222264470571373,0.2065848813211649,0.11766882995188813
5.0,False,0.21394588620529262,0.16562974156459437,0.6458869512063474,0.5068493150684932,0.2702702702702703,04746,False,0.6208106511308918,0.21425199260765695,0.08202737418140314
6.0,False,0.046367803483391284,0.032828446513096105,0.8841017662372626,0.6206896551724138,0.13559322033898305,04746,False,0.007371184713490935,0.07697730703459443,0.02158584757738758
7.0,False,0.1257038345674366,0.14679833411817944,0.5520208976287988,0.6721311475409836,0.24193548387096775,04746,False,0.34078913591053656,0.03739434861464423,0.06242067308122615
8.0,False,0.11246613969967603,0.11845953207026672,0.6005682731755098,0.42857142857142855,0.125,04746,False,0.22957046997572186,0.028253816255427864,0.019380477584384527
9.0,False,0.1453616738304122,0.16705137451944338,0.6103322332761509,0.5714285714285714,0.234375,04746,False,0.4533238831417793,0.06280561429984798,0.057979943019507436
10.0,False,0.11867030600538285,0.1396437439645716,0.5423749398719744,0.4918032786885246,0.16129032258064516,04746,False,0.3004850179075513,0.023262503263094286,0.028004109082482867
11.0,False,0.13938832580862756,0.18214895473819046,0.6995115690892609,0.5079365079365079,0.234375,04746,True,0.46978798649471654,0.0891469634860245,0.057979943019507436
12.0,False,0.25142100979069715,0.4339034773828192,0.2838647878547714,0.5614035087719298,0.15517241379310345,04746,True,0.913670338495962,0.005767475929706567,0.026325422009677843
13.0,False,0.10263461651131853,0.10660713476741251,0.5050141383584854,0.6,0.08196721311475409,04746,False,0.17543219481964353,0.008603836568292726,0.012482522540215734
14.0,False,0.14868246891349923,0.14938461427210545,0.6034344648850063,0.609375,0.23076923076923078,04746,False,0.41832860333745436,0.0662280979880018,0.05596801887393009
15.0,False,0.199808966141145,0.15629076523306287,0.560482157940748,0.625,0.2153846153846154,04746,False,0.568369698628415,0.07733548671060934,0.048100492567135486
16.0,False,0.023455877014187658,0.03484231949144716,0.8974630740650199,0.5932203389830508,0.15,04746,False,0.002401134756644578,0.023703316185933306,0.024982893358373254
17.0,False,0.05001622915475949,0.026985213155135298,0.9039126845295932,0.6065573770491803,0.04838709677419355,04746,False,0.006135183255996561,0.06320529405725774,0.008839606673573646
18.0,False,0.10521554915379144,0.16341135293253647,0.6204072802751668,0.4666666666666667,0.21311475409836064,04746,False,0.30919862950050425,0.03590510470354412,0.0470324865160244
19.0,False,0.0576811116930373,0.035928358068406156,0.9210632887509161,0.5,0.1864406779661017,04746,False,0.012580729440009274,0.21056911828777575,0.03606211085768402
20.0,False,0.03341113325567227,0.03659538160144654,0.8681136500538306,0.5932203389830508,0.13333333333333333,04746,False,0.004899947616840969,0.03389313968562308,0.021095656649282833
21.0,False,0.13131092247516635,0.1346610210514386,0.5100654095555391,0.4626865671641791,0.1323529411764706,04746,False,0.3268091871431107,0.02082314965136952,0.020886403148241143
22.0,False,0.10071436407750355,0.11732110833466959,0.5183324891852895,0.5352112676056338,0.16666666666666666,04746,False,0.1939132507044125,0.017855631989370596,0.02956478679821323
23.0,False,0.05574598583396996,0.029369670514263355,0.8747969731332951,0.6428571428571429,0.07017543859649122,04746,False,0.008542251182590433,0.06859546787634403,0.011059588768995094
24.0,False,0.09426431650776729,0.15512811809069102,0.5081772396066044,0.631578947368421,0.1896551724137931,04746,False,0.25229043506091037,0.010831379457940908,0.037240822080538125
25.0,False,0.029475473016412068,0.02345451305781225,0.9035060336936194,0.5333333333333333,0.03278688524590164,04746,False,0.001894503661431295,0.02618889206320243,0.0075273182208163356
26.0,False,0.054411308466228575,0.025022709478106035,0.8904264052479114,0.5,0.06557377049180328,04746,False,0.006306380191880681,0.102109056604578,0.010548886640006479
27.0,False,0.20840026191935013,0.2159956835089393,0.6867160754509765,0.5555555555555556,0.3698630136986301,04746,True,0.7069061130547265,0.3299376858123754,0.20089242619011843
28.0,False,0.14747935412658655,0.17106530568858366,0.5936837893999243,0.4117647058823529,0.17391304347826086,04746,True,0.4694367589089066,0.04578645152327341,0.03180227732301058
29.0,False,0.1419125179719961,0.1592827709746745,0.5067717459362058,0.373134328358209,0.14705882352941177,04746,False,0.423522194687371,0.02545624893587665,0.024249491223242596
30.0,False,0.10006254693628475,0.10355180747955475,0.4730411228291819,0.546875,0.1076923076923077,04746,False,0.16235748700159341,0.00973759846859391,0.016243602509504837
31.0,False,0.10452558772536408,0.09041693774003418,0.5493306647442869,0.5,0.1746031746031746,04746,False,0.14375664249731832,0.035093543270381625,0.03202372338425459
32.0,False,0.05248516871552197,0.036185427582618404,0.8851466138893077,0.5625,0.13846153846153847,04746,False,0.010763010748483749,0.0975083296031957,0.022224077021874587
33.0,False,0.05057436914638639,0.03155574242585044,0.9207663367240867,0.5573770491803278,0.14516129032258066,04746,False,0.008069854810777148,0.13278860224393182,0.023787514766138662
34.0,False,0.05306522719758408,0.03021973447097698,0.91872232032267,0.6101694915254238,0.06666666666666667,04746,False,0.008195249273344609,0.07653922166072553,0.010668024764469852
35.0,False,0.08279142438866206,0.08200472857647939,0.5339820821830069,0.6727272727272727,0.125,04746,False,0.08603906066092233,0.011418531835110653,0.019380477584384527
36.0,False,0.04615722664089114,0.036907256234035374,0.8841436430503491,0.4745762711864407,0.2,04746,False,0.008842890515072576,0.13611123551982882,0.04129054604960799
37.0,False,0.04487122855837165,0.03570524853301901,0.9377531420316021,0.5901639344262295,0.12903225806451613,04746,False,0.007968878370958332,0.08465442179634293,0.02019262584854049
38.0,False,0.11566419513854867,0.10494454906753269,0.552965031102618,0.5161290322580645,0.07936507936507936,04746,False,0.20445811723930554,0.01610821565689368,0.01215373004940413
39.0,False,0.04437734218799957,0.030072544567685253,0.9093633695877268,0.4915254237288136,0.1,04746,False,0.0059104109357768515,0.08185458911387558,0.015015056579494038
40.0,False,0.028986500586301964,0.02869248653955656,0.9100790095645297,0.6779661016949152,0.1,04746,False,0.0025553499933326502,0.028179980676114918,0.015015056579494038
41.0,False,0.02944090263532585,0.026911174315507918,0.8625850853148089,0.5862068965517241,0.03389830508474576,04746,False,0.00236648746177975,0.016541802684213496,0.007614047166699556
42.0,False,0.12763781507441208,0.13935130938753004,0.3551734568045361,0.532258064516129,0.09523809523809523,04746,False,0.3279279553109405,0.0055077497743321385,0.014300868412676547
43.0,False,0.15030160353222957,0.09447361185975965,0.52476956323457,0.4915254237288136,0.13333333333333333,04746,False,0.2572730326559555,0.04352282921851543,0.021095656649282833
44.0,False,0.056302836696580226,0.02790894852185249,0.9471585536513838,0.5932203389830508,0.05,04746,False,0.008003806063843565,0.09683028805607441,0.00898759213815716
45.0,False,0.03493064576423793,0.02550851284810265,0.8960780276636778,0.4098360655737705,0.03225806451612903,04746,False,0.0029456255258589665,0.038800369680606045,0.0074863969508875885
46.0,False,0.2867362583968354,0.2962991970990814,0.8188558793654696,0.5797101449275363,0.4714285714285714,04746,True,0.8777186669531136,0.7433688179546016,0.4192513463755392
47.0,False,0.04914425651853487,0.030118267224082302,0.8539568264915027,0.4262295081967213,0.06451612903225806,04746,False,0.0071083118897440345,0.06340104478411608,0.010434845291068355
48.0,False,0.09346166129485589,0.1497648501201363,0.5928336804175817,0.49122807017543857,0.3275862068965517,04746,False,0.23877888521615365,0.06689618057691579,0.1394553901038098
49.0,False,0.33233338920644134,0.3866307202296236,0.8005656274874503,0.5333333333333333,0.4605263157894737,04746,True,0.9353324171998515,0.7150595213845665,0.3919601435732137
50.0,False,0.2189237654905811,0.23505937713109779,0.6822957677345078,0.4657534246575342,0.36486486486486486,04746,True,0.7516319146577011,0.3477139807176003,0.19268803370855164
51.0,False,0.30907314580782796,0.356289081255473,0.7177944227278129,0.5432098765432098,0.4634146341463415,04746,True,0.9173999355934792,0.6102786505372905,0.3991323404847467
52.0,False,0.13152927736141373,0.21415842545793487,0.6886901094884479,0.6461538461538462,0.30303030303030304,04746,True,0.5099370641761262,0.08693729728812959,0.11156413607813105
53.0,False,0.2884484795155621,0.3506560793470244,0.7545938408818197,0.48,0.5263157894736842,04746,True,0.9052868506285097,0.7614807134234761,0.5607536582332551
54.0,False,0.2987721950437587,0.3182723481290629,0.686386289367917,0.484375,0.36923076923076925,04746,True,0.8967806475015935,0.41437295926395623,0.1998403283526513
55.0,False,0.07275099061995093,0.10179532300350623,0.5079625811640857,0.5660377358490566,0.09259259259259259,04746,False,0.09609917298650632,0.005316081475408832,0.0139186720668503
56.0,False,0.05452410407598079,0.031208319862519096,0.9580299216854812,0.48214285714285715,0.15789473684210525,04746,False,0.009061951201887209,0.21778890521410238,0.027059954980934
57.0,False,0.030068718695953865,0.02224849477688789,0.8807115169273046,0.5535714285714286,0.017543859649122806,04746,False,0.0018011702937245366,0.02206283753945991,0.006432252119544172
58.0,False,0.0483578183717295,0.0238891963224373,0.8574201595096664,0.42105263157894735,0.034482758620689655,04746,False,0.004737020973540207,0.06522113561611095,0.007660051722196636
59.0,False,0.1954639731182699,0.23579309073592003,0.686013180175459,0.5,0.3230769230769231,04746,True,0.7127629280398412,0.22116687226355455,0.13392924838343687
60.0,False,0.06987099197926322,0.11132916641550573,0.5371003249257784,0.5789473684210527,0.2413793103448276,04746,False,0.10272107894989753,0.017451721832753748,0.062083459380960826
61.0,False,0.026122393330044416,0.03487516761577683,0.8400850765992282,0.7222222222222222,0.16363636363636364,04746,False,0.0029164518642529067,0.019848977895018983,0.028675043030591856
62.0,False,0.03186674057682693,0.031799881017550484,0.9322162955182097,0.7090909090909091,0.125,04746,False,0.003580961903385374,0.03918923060309791,0.019380477584384527
63.0,False,0.029480784378407947,0.03097386731741501,0.914871431686303,0.7962962962962963,0.09090909090909091,04746,False,0.002984291843882178,0.02077673415112885,0.013680717761299293
64.0,False,0.020432193834891196,0.03125185110778688,0.8569355787577324,0.6909090909090909,0.08928571428571429,04746,False,0.0015696748191535831,0.008519954462028155,0.013455062770481608
65.0,False,0.028525287926058157,0.030380182535927426,0.8799366823753206,0.6481481481481481,0.16363636363636364,04746,False,0.002725801683563863,0.0387110356416405,0.028675043030591856
66.0,False,0.024417933691100943,0.030028294321754127,0.9217527660412671,0.6226415094339622,0.14814814814814814,04746,False,0.002024119084837582,0.032731276720247775,0.024518641007621477
67.0,False,0.025292133254846146,0.03565117051513615,0.9233541751233126,0.6666666666666666,0.21818181818181817,04746,False,0.0028531868205132448,0.047425144673686255,0.04944830394458707
68.0,False,0.028371155328275766,0.03837602776915225,0.9016729673238711,0.5471698113207547,0.2777777777777778,04746,False,0.003952056472062997,0.09418766237476173,0.08809338096351178
69.0,False,0.04518770140026944,0.03655881025491015,0.8794290237454224,0.6730769230769231,0.22641509433962265,04746,False,0.008384778682915395,0.11790275191317516,0.053626068269914416
70.0,False,0.03158262565178777,0.037613702314247606,0.8602803047915641,0.6862745098039216,0.23076923076923078,04746,False,0.004633551037468641,0.053738873370570754,0.05596801887393009
71.0,False,0.047963405105876204,0.03800575467481084,0.8614987204249265,0.5882352941176471,0.28846153846153844,04746,False,0.009929119280848976,0.20374857632006407,0.09742431824182231
72.0,False,0.029754231106381274,0.036338047643255426,0.9318245500442744,0.6,0.21568627450980393,04746,False,0.003937039039649226,0.07203184187510514,0.04824414999038366
73.0,False,0.19917179161797313,0.20948991131793288,0.6476969215245273,0.75,0.45614035087719296,04746,True,0.6789586796830267,0.3636632434068587,0.38115854043511216
74.0,False,0.03538554014991085,0.03840955163999251,0.8759214706675421,0.6153846153846154,0.32075471698113206,04746,False,0.00587419798936038,0.15507543104423377,0.13115626634960295
75.0,False,0.05521914264879087,0.033732758554487374,0.8353217702514958,0.6538461538461539,0.16981132075471697,04746,False,0.01051383094733605,0.10153562855870835,0.03051638946436272
76.0,False,0.04706531204993433,0.029447728571001693,0.909284658417996,0.5283018867924528,0.1111111111111111,04746,False,0.006344205033061201,0.09639628059323199,0.016820871847613692
77.0,False,0.02511228411636141,0.03298528767953361,0.9304619591781559,0.7,0.1568627450980392,04746,False,0.0024812819887104214,0.030562510421326728,0.026779188484020684
78.0,False,0.056670168563966304,0.03730146104434092,0.8828470152780699,0.6981132075471698,0.2222222222222222,04746,False,0.01295417993987956,0.1633980170242164,0.05145847431838288
79.0,False,0.027760523533251473,0.03400184784547615,0.9245942141026223,0.7115384615384616,0.20754716981132076,04746,False,0.003120214110514431,0.051732171291433295,0.044507542392974636
80.0,False,0.024780448420110398,0.03839353778128808,0.8837937095086089,0.6730769230769231,0.2641509433962264,04746,False,0.0031042583781574606,0.0491548759433401,0.07736701455570306
81.0,False,0.029251930891910666,0.0324564507133322,0.857596674278498,0.6346153846153846,0.1509433962264151,04746,False,0.0031762557017935293,0.03088199084483714,0.02522268149893157
82.0,False,0.02401798657777354,0.03215246653621506,0.9222177669638384,0.6730769230769231,0.16981132075471697,04746,False,0.0021971778248768966,0.03217034699905948,0.03051638946436272
83.0,False,0.03251086117364376,0.033319443448977186,0.8662623806601528,0.5490196078431373,0.17307692307692307,04746,False,0.004005048419306092,0.052878213803701564,0.03153597057001181
84.0,False,0.027887975005333826,0.031768729843368954,0.9063861421067402,0.5686274509803921,0.17307692307692307,04746,False,0.002815782141909763,0.04914705959811428,0.03153597057001181
85.0,False,0.036161749366727815,0.03480899911000812,0.8923403589525544,0.6274509803921569,0.15384615384615385,04746,False,0.005202325162903096,0.05311550067081579,0.02597463577072707
86.0,False,0.025203511431867224,0.0339097092439509,0.9269075990706592,0.5660377358490566,0.2037037037037037,04746,False,0.002612738318264871,0.053156487331411165,0.042840458109976866
87.0,False,0.027626885217441277,0.037186594519626574,0.9019989153931952,0.5769230769230769,0.2641509433962264,04746,False,0.003579863847418702,0.07999000279194944,0.07736701455570306
88.0,False,0.02728843488644518,0.0357182921228651,0.912643181468723,0.5660377358490566,0.2962962962962963,04746,False,0.0032790215920635592,0.11209311160009361,0.104817819949213
89.0,False,0.025474310589081936,0.031691877650055364,0.9040737600516787,0.6274509803921569,0.17307692307692307,04746,False,0.00238477839953262,0.03711537306803456,0.03153597057001181
90.0,False,0.02128107903923462,0.02869963754851677,0.9133725716675344,0.6415094339622641,0.07407407407407407,04746,False,0.0014690813565888517,0.013167649626888682,0.01151134244014062
91.0,False,0.03152429724004737,0.037295705632628746,0.8348146171832781,0.5882352941176471,0.19230769230769232,04746,False,0.004554815869819331,0.04078960895741148,0.038241273712647336
92.0,False,0.0315317917220337,0.03267094844847247,0.8640384721601013,0.6274509803921569,0.17307692307692307,04746,False,0.0036722102064746863,0.044508050482179914,0.03153597057001181
93.0,False,0.034100771857967435,0.034648271699673175,0.9314691335145246,0.6037735849056604,0.2037037037037037,04746,False,0.004649136420250706,0.08896226055685355,0.042840458109976866
94.0,False,0.025771584249449194,0.03227600145038382,0.9119856279920853,0.6274509803921569,0.21153846153846154,04746,False,0.0025085782359698036,0.05282463802262747,0.04630411916865107
95.0,False,0.03991189450604624,0.03343742210868124,0.8855250597164399,0.5882352941176471,0.19230769230769232,04746,False,0.005812013339630349,0.09359605238834788,0.038241273712647336
96.0,False,0.04785397658775045,0.03687564969591092,0.916300824142065,0.54,0.21568627450980393,04746,False,0.00941662375116184,0.1707089457158598,0.04824414999038366
97.0,False,0.04935322605335711,0.03437344391787203,0.922592467970797,0.5686274509803921,0.21153846153846154,04746,False,0.008876580433280285,0.18556075113586154,0.04630411916865107
98.0,False,0.05407706890187834,0.030436669108272047,0.9312269863551279,0.4727272727272727,0.08928571428571429,04746,False,0.008574628128792082,0.1221532284671774,0.013455062770481608
99.0,False,0.03480667762862586,0.03195423707484792,0.9132591168076841,0.6153846153846154,0.1509433962264151,04746,False,0.0042266837696812165,0.060310788729141654,0.02522268149893157
100.0,False,0.024274343068622924,0.03136870384361623,0.8832328365535158,0.6274509803921569,0.15384615384615385,04746,False,0.0021509198336535393,0.02621808040673828,0.02597463577072707
101.0,False,0.07164730510366904,0.028600165132815783,0.8171933433616648,0.5,0.05084745762711865,04746,False,0.012782007526117382,0.09219837909413671,0.009066328372685199
102.0,False,0.02499324599806704,0.03344268779229471,0.9245100954978736,0.6078431372549019,0.2692307692307692,04746,False,0.002516194129983922,0.08279989629492138,0.08121807355120898
103.0,False,0.036573117519374684,0.029249845613137145,0.8590908511681863,0.6037735849056604,0.09259259259259259,04746,False,0.003998103815605584,0.035783725204634305,0.0139186720668503
104.0,False,0.03288182083655156,0.030192791153845187,0.8240742723678343,0.5,0.09433962264150944,04746,False,0.00348048091688693,0.028014102248130744,0.014169919908537278
105.0,False,0.06898820087499943,0.029855590276686633,0.9083193070706915,0.375,0.03508771929824561,04746,False,0.012812144880125312,0.1340454009751044,0.007707960982350523
106.0,False,0.02154519382960647,0.033988116687278545,0.9448680285163754,0.68,0.29411764705882354,04746,False,0.0019800334699272754,0.07362049677218582,0.102713531588874
107.0,False,0.1066469689372836,0.11326762480263115,0.7183670347075863,0.509090909090909,0.2857142857142857,04746,False,0.201084948510986,0.14918609471807825,0.0949439495369357
108.0,False,0.03395112464932692,0.03386185921121357,0.862230527017354,0.6274509803921569,0.21153846153846154,04746,False,0.0044433513912331395,0.06645998096225841,0.04630411916865107
109.0,False,0.03568132475330484,0.03136087837618264,0.818206458786738,0.58,0.17647058823529413,04746,False,0.004285583829014506,0.052490957040703355,0.03263043068787308
110.0,False,0.05970785420053486,0.03337968534612666,0.8116585595301642,0.5,0.12280701754385964,04746,False,0.011875437351928015,0.09341933365359772,0.018952314477367428
111.0,False,0.04427956516776738,0.03518259777932955,0.951334268746887,0.52,0.19607843137254902,04746,False,0.007598403376765245,0.1637971252854339,0.03970800368176581
112.0,False,0.04316379568998102,0.03896083133504098,0.9184608238437333,0.5471698113207547,0.24074074074074073,04746,False,0.008568436899966263,0.16123583579759038,0.061698386236309646
113.0,False,0.16366744641469508,0.2559596300174813,0.6466656594608052,0.6415094339622641,0.3888888888888889,04746,True,0.673546902523845,0.16657416819104437,0.23449171842394517
114.0,False,0.11707606471500934,0.18036449606267352,0.49619979956129145,0.6666666666666666,0.19230769230769232,04746,False,0.3892562100258361,0.012630496508682504,0.038241273712647336
115.0,False,0.12526529362234293,0.030368221337985914,0.9404245866762475,0.5161290322580645,0.12698412698412698,04746,False,0.03750092148180017,0.5123672110094301,0.019776024329409506
116.0,False,0.058253443495329585,0.0299995102921324,0.9072926751904313,0.5555555555555556,0.0625,04746,False,0.00956161167861093,0.0916575157587345,0.010220822731103488
117.0,False,0.03917110038432983,0.033051822428707106,0.9218645789028812,0.5892857142857143,0.10526315789473684,04746,False,0.005515637580316095,0.05488759531435341,0.015845322049148434
118.0,False,0.049542945067280665,0.03315024402275489,0.9357107318433409,0.5818181818181818,0.17857142857142858,04746,False,0.00842709162535531,0.15984555360628974,0.03332625322476698
119.0,False,0.043418786316766544,0.039786704948585404,0.8962012929765861,0.5892857142857143,0.19298245614035087,04746,False,0.008958528962084327,0.09475413050187907,0.038499863999317256
0.0,False,0.02099745606567451,0.018886714380132043,0.8855133813783815,0.22105263157894736,0.0,04908,False,0.0006370201327603983,0.021433398010941945,0.004565649052450256
1.0,False,0.040351155516627164,0.06016061079921233,0.4829990099558771,0.27956989247311825,0.031914893617021274,04908,False,0.015559896486801561,0.003425834753507615,0.006395363278969682
2.0,False,0.034278158023327156,0.022626890970661062,0.9431152046428914,0.25,0.0,04908,False,0.0018843974179198913,0.04736668571232716,0.004565649052450256
3.0,False,0.02296517628843642,0.019617631119940096,0.9089122049600535,0.22448979591836735,0.0,04908,False,0.0007841615415124417,0.026242514410354016,0.004565649052450256
4.0,False,0.025495854791736536,0.021563902818822353,0.9547840502907515,0.19387755102040816,0.0,04908,False,0.0011005960563149756,0.037417356476986935,0.004565649052450256
5.0,False,0.023646458878956358,0.020223852572974346,0.9200509180992688,0.19,0.0,04908,False,0.0008687622773900434,0.030759303960835288,0.004565649052450256
6.0,False,0.024718885399141275,0.021103306040399415,0.9460952660253651,0.22448979591836735,0.0,04908,False,0.0010078456120504982,0.032234672324066,0.004565649052450256
7.0,False,0.02269725655971248,0.020307157449337164,0.9085622869842744,0.20408163265306123,0.0,04908,False,0.000823258995468024,0.026157689314843083,0.004565649052450256
8.0,False,0.022102605900345053,0.01888505987643833,0.893873156699913,0.22105263157894736,0.0,04908,False,0.0006880663646019548,0.024248716035073777,0.004565649052450256
9.0,False,0.02154316448710821,0.019290583201082158,0.9153967810864696,0.26595744680851063,0.0,04908,False,0.0006895733031709895,0.022032057934292314,0.004565649052450256
10.0,False,0.02147897368364639,0.019667678290554116,0.91692899124039,0.2553191489361702,0.0,04908,False,0.0007124812886176729,0.02224553977479479,0.004565649052450256
11.0,False,0.022596482592829873,0.02011405232252856,0.921941834938975,0.21505376344086022,0.0,04908,False,0.0008028958619625111,0.026994074094047263,0.004565649052450256
12.0,False,0.023522439395877844,0.020447465532013643,0.912896907810638,0.26595744680851063,0.0,04908,False,0.000880300279157123,0.023702194703468907,0.004565649052450256
13.0,False,0.020004021428509502,0.01874235639939149,0.8574063766567209,0.15053763440860216,0.0,04908,False,0.0005835131518076515,0.021379134922427538,0.004565649052450256
14.0,False,0.020994664362396227,0.019481786760619086,0.8838491229601096,0.2127659574468085,0.0,04908,False,0.000675985456210737,0.02103033856259219,0.004565649052450256
15.0,False,0.02064000116305573,0.018332740246437287,0.8916080279765187,0.20430107526881722,0.0,04908,False,0.0005862637627036974,0.023146029501631433,0.004565649052450256
16.0,False,0.141909717497347,0.21702279233805372,0.0625381006150627,0.26595744680851063,0.042105263157894736,04908,True,0.5531008078884221,0.0012224600220139294,0.007120925501579465
17.0,False,0.02230198643852689,0.0182521464385715,0.931647748723459,0.24210526315789474,0.0,04908,False,0.0006532438248482686,0.028461777441874583,0.004565649052450256
18.0,False,0.02358258992729115,0.02110908085814732,0.937671922770506,0.21428571428571427,0.010101010101010102,04908,False,0.0009394025607563401,0.032406608479510685,0.005079892743191481
19.0,False,0.021540032385419666,0.018913728296351375,0.8942378388739252,0.1919191919191919,0.0,04908,False,0.0006637920277975693,0.025153170331298786,0.004565649052450256
20.0,False,0.034055115108481214,0.03907971414123919,0.8438010873260924,0.375,0.061855670103092786,04908,False,0.005314288260058104,0.02104006416887482,0.008767705901284525
21.0,False,0.021837252043777067,0.02173146434815672,0.9158195002818819,0.27956989247311825,0.0,04908,False,0.000884706303274259,0.01906474719251003,0.004565649052450256
22.0,False,0.018959689363072175,0.018047457771707163,0.8540631182979628,0.2553191489361702,0.0,04908,False,0.0005005686900685014,0.015006128307122918,0.004565649052450256
23.0,False,0.018837700193441755,0.01834938648146792,0.8157805522178475,0.18478260869565216,0.0,04908,False,0.0005117760282716267,0.014959902780336777,0.004565649052450256
24.0,False,0.01885031459877486,0.018279710314006943,0.8432842846004921,0.22826086956521738,0.0,04908,False,0.0005085627801307263,0.015056359040737585,0.004565649052450256
25.0,False,0.01813104908642975,0.01782109009507941,0.8371953621402517,0.2608695652173913,0.0,04908,False,0.0004567721859955007,0.012886404731279465,0.004565649052450256
26.0,False,0.019218634219351292,0.01877397214184781,0.8694620346506731,0.1978021978021978,0.0,04908,False,0.0005511328306173264,0.018453171878869697,0.004565649052450256
27.0,False,0.02163904828161976,0.022145743307111276,0.9261397764078448,0.25555555555555554,0.01098901098901099,04908,False,0.0009048612735490476,0.022776851820334603,0.005127766915937132
28.0,False,0.02255130990652153,0.021015583491921414,0.93997616142365,0.2717391304347826,0.0,04908,False,0.000870783794424525,0.023740934794626654,0.004565649052450256
29.0,False,0.08082611310942857,0.10114150533670939,0.36378487246398655,0.2604166666666667,0.041237113402061855,04908,False,0.10888421481943822,0.004263872216525983,0.007056051166748058
30.0,False,0.023625706564909418,0.018847296584093228,0.9420176443080738,0.29896907216494845,0.0,04908,False,0.0007577848239928071,0.027101238812180527,0.004565649052450256
31.0,False,0.023855778576160957,0.019647662802719266,0.910541446505187,0.21649484536082475,0.0,04908,False,0.0008328433277333404,0.028750832920298636,0.004565649052450256
32.0,False,0.020660413534221694,0.018158739365287488,0.8887707433018611,0.21428571428571427,0.0,04908,False,0.0005764819452461405,0.022511799350154123,0.004565649052450256
33.0,False,0.021562389895482367,0.019082676765566763,0.9010516428806897,0.21428571428571427,0.0,04908,False,0.0006762807111029879,0.02417448392491299,0.004565649052450256
34.0,False,0.01872471272740579,0.016527091591897122,0.8415013572148811,0.1919191919191919,0.0,04908,False,0.0004148554889904045,0.018271335802822142,0.004565649052450256
35.0,False,0.022433582655427792,0.01897477187332261,0.9030771840267445,0.2222222222222222,0.0,04908,False,0.0007100747100529043,0.025669833057978732,0.004565649052450256
36.0,False,0.021409705522910126,0.018478870631949706,0.8726933436344596,0.19,0.0,04908,False,0.0006290191277188813,0.023362866323827586,0.004565649052450256
37.0,False,0.02670923890149655,0.03134316101458562,0.7309305311350711,0.22,0.0297029702970297,04908,False,0.002418678363696059,0.012283340508339602,0.00624784671369252
38.0,False,0.022860532335712606,0.0199180231766841,0.9061860123932154,0.19387755102040816,0.0,04908,False,0.0008018450143322528,0.027524378072806596,0.004565649052450256
39.0,False,0.023118593845351722,0.02000612448835423,0.922000138758153,0.23469387755102042,0.0,04908,False,0.0008224540613401385,0.026743423863897813,0.004565649052450256
40.0,False,0.05129219859422713,0.07937787971707329,0.5170991020059407,0.2755102040816326,0.09090909090909091,04908,False,0.037214194008733346,0.007805039628367216,0.011898151856148674
41.0,False,0.02330219541020572,0.020086456650302748,0.9384650606610067,0.26804123711340205,0.0,04908,False,0.0008387377694565521,0.026462095797289323,0.004565649052450256
42.0,False,0.023027001246782496,0.02073627304102731,0.8900856852047673,0.25,0.0,04908,False,0.0008757996994821132,0.021281707845368408,0.004565649052450256
43.0,False,0.023636830054918238,0.022361917718071302,0.9026688231294661,0.20833333333333334,0.0,04908,False,0.0010529837504320563,0.024258275857469893,0.004565649052450256
44.0,False,0.03558537534622716,0.05426055185094953,0.48633824387866315,0.22916666666666666,0.030927835051546393,04908,False,0.010611624633061353,0.003591104324542636,0.006329112024909012
45.0,False,0.025068406414569446,0.022166656480608293,0.9545589579861055,0.21875,0.0,04908,False,0.001131241106493924,0.032958471788463346,0.004565649052450256
46.0,False,0.02254702705255389,0.021318908833807458,0.891638865968658,0.22916666666666666,0.0,04908,False,0.0008948176212699575,0.02124091727020904,0.004565649052450256
47.0,False,0.025737960431875772,0.02337909833326516,0.9526990487886695,0.2268041237113402,0.0,04908,False,0.001303687277087292,0.031532076915545736,0.004565649052450256
48.0,False,0.026023592520124348,0.0224804547371387,0.8878710290003399,0.21212121212121213,0.0,04908,False,0.0012294727770339204,0.026301594256447493,0.004565649052450256
49.0,False,0.023533631350602092,0.021751945595693222,0.9137424488637368,0.21,0.0,04908,False,0.0009919834963694782,0.025940844965272172,0.004565649052450256
50.0,False,0.02512763497115573,0.02125757477923579,0.9411119277462063,0.26,0.0,04908,False,0.0010475854745181784,0.02918742276727469,0.004565649052450256
51.0,False,0.023648719263032355,0.0213690127039239,0.9141651678391346,0.20202020202020202,0.0,04908,False,0.0009657983519733842,0.027311557975029325,0.004565649052450256
52.0,False,0.024497537898933927,0.019494210783878783,0.9491391127481376,0.1326530612244898,0.0,04908,False,0.0008538575335946855,0.04499348624650568,0.004565649052450256
53.0,False,0.021910277573071537,0.01914270345112523,0.8797126525837763,0.25773195876288657,0.0,04908,False,0.0006969707301090002,0.019989329031884606,0.004565649052450256
54.0,False,0.021290489584023877,0.019114226916138094,0.8878128981211112,0.20618556701030927,0.0,04908,False,0.0006655864802624154,0.022788153438207184,0.004565649052450256
55.0,False,0.023033066931147893,0.024670821765716656,0.8286714508079469,0.22916666666666666,0.010309278350515464,04908,False,0.0012229664837243917,0.015619601128238902,0.005091080893626938
56.0,False,0.01994755073733117,0.01807940380364124,0.8525947741457801,0.17894736842105263,0.0,04908,False,0.0005422065464802914,0.02004211072102175,0.004565649052450256
57.0,False,0.019577710369577637,0.019483364431828465,0.8635233476228092,0.23404255319148937,0.0,04908,False,0.0006085544501502147,0.0160996176259601,0.004565649052450256
58.0,False,0.02861847348405029,0.04137071232315817,0.6304210066059317,0.25806451612903225,0.031914893617021274,04908,False,0.0045653883012982364,0.005941838255192906,0.006395363278969682
59.0,False,0.018287105903556512,0.01776069644564995,0.8281814088808139,0.20430107526881722,0.0,04908,False,0.0004597003115410271,0.014759733824051392,0.004565649052450256
60.0,False,0.02330100934957904,0.027924805983326702,0.8150648246652682,0.29347826086956524,0.021505376344086023,04908,False,0.001578421923743494,0.012135417690789428,0.0057300307404972006
61.0,False,0.07681877832630683,0.07898697589404904,0.3915987904620182,0.28125,0.020618556701030927,04908,False,0.06574843067921862,0.004533025357341263,0.005676636548634139
62.0,False,0.020044229778227625,0.018192236812687147,0.8770540607234486,0.16666666666666666,0.0,04908,False,0.0005527347642120807,0.023118519595044757,0.004565649052450256
63.0,False,0.14390763599886197,0.2080227702854636,0.26119693140194855,0.2903225806451613,0.05319148936170213,04908,True,0.5381479505999169,0.0033233314996251964,0.008003309968690543
64.0,False,0.01876221221516702,0.019219605857402206,0.8405085410045644,0.3473684210526316,0.0,04908,False,0.0005560326934371935,0.010012123928705461,0.004565649052450256
65.0,False,0.01999371166496241,0.02008416575619283,0.87136964292808,0.25,0.0,04908,False,0.0006658578807368116,0.015977888049007044,0.004565649052450256
66.0,False,0.04580893411981179,0.07283038974668508,0.39013443879981796,0.2872340425531915,0.031578947368421054,04908,False,0.026884586982617947,0.0022107762577246153,0.006372737615970315
67.0,False,0.02137401143178415,0.025088605018565094,0.8285635629303103,0.26595744680851063,0.021052631578947368,04908,False,0.0011286041199542742,0.013472903929022062,0.005702709503983636
68.0,False,0.018454914339629053,0.01786296530814303,0.8352577016371835,0.22580645161290322,0.0,04908,False,0.00047123760058625526,0.01447835209011271,0.004565649052450256
69.0,False,0.020666953247321058,0.019562497134133945,0.8848333346405252,0.24731182795698925,0.0,04908,False,0.0006654189850068907,0.01860809228271296,0.004565649052450256
70.0,False,0.07155268058854451,0.0852016535397845,0.3485873928921024,0.24468085106382978,0.08421052631578947,04908,False,0.06815397281718114,0.006152392054441287,0.011090391150418578
71.0,False,0.020107828076000946,0.019605562806954798,0.8622217172844459,0.2391304347826087,0.0,04908,False,0.0006411945639500162,0.016401510534130265,0.004565649052450256
72.0,False,0.019197436340764755,0.01848491629277809,0.8647111244081221,0.2391304347826087,0.0,04908,False,0.0005340630345030526,0.016363904985508763,0.004565649052450256
73.0,False,0.09054929757658782,0.1448688615962809,0.3545343377911243,0.3548387096774194,0.0851063829787234,04908,False,0.22433878345720962,0.0038602488626499126,0.011195195698562702
74.0,False,0.16743454769599714,0.28587196721975416,0.5866419034053946,0.41935483870967744,0.2872340425531915,04908,True,0.729473028770933,0.07780041018552489,0.08826970121152743
75.0,False,0.20124761110813422,0.3458848650081633,0.595178487200874,0.4222222222222222,0.34065934065934067,04908,True,0.8369002836840582,0.13810679140156257,0.14582722574972085
76.0,False,0.06699774495233791,0.07650843850507252,0.4888614218149582,0.27956989247311825,0.05319148936170213,04908,False,0.05110943584121572,0.007846836700975798,0.008003309968690543
77.0,False,0.04668424856747871,0.07686576847512414,0.3922254782032239,0.2608695652173913,0.03225806451612903,04908,False,0.030566741449428645,0.002351805064157023,0.006418557921336444
78.0,False,0.02044485534259244,0.019027056204034835,0.8938459008706013,0.21739130434782608,0.0,04908,False,0.0006207014258591034,0.021294602802775956,0.004565649052450256
79.0,False,0.021354499143735894,0.020472167546792434,0.8868886622300631,0.1827956989247312,0.0,04908,False,0.0007627875111754808,0.022554175936275525,0.004565649052450256
80.0,False,0.07618781320204607,0.11944482337024522,0.3761619498358269,0.2872340425531915,0.08421052631578947,04908,False,0.13335306018333393,0.004706729740962671,0.011090391150418578
81.0,False,0.1065514397059269,0.10773572853401192,0.6458339603111746,0.4105263157894737,0.20833333333333334,04908,False,0.1730191898375175,0.0684328129873682,0.040207420639107365
82.0,True,0.1620418193354343,0.22902914895940799,0.8296220154147804,0.696078431372549,0.6407766990291263,04908,True,0.6263546417760182,0.802268972179645,0.8051419439507651
83.0,True,0.1865157990978417,0.2578512265226535,0.7919806460190983,0.6116504854368932,0.5961538461538461,04908,True,0.722393566971763,0.7601379412659985,0.7201024211550374
84.0,True,0.20299180458414942,0.27284568758781313,0.9011294850322363,0.5904761904761905,0.5754716981132075,04908,True,0.7671971835347352,0.8305259059846356,0.6737905423335334
85.0,True,0.18096915704950414,0.2481522369023697,0.7030831419793238,0.6530612244897959,0.5858585858585859,04908,True,0.6978740694036578,0.6294896786364254,0.6975506032780464
86.0,True,0.1515308411146058,0.21556551601796844,0.8075773989248015,0.6372549019607843,0.5533980582524272,04908,True,0.574227597782493,0.6428498768175007,0.6203456353231089
87.0,True,0.1845855491379571,0.2641640846946565,0.8471986744451521,0.6632653061224489,0.6666666666666666,04908,True,0.7285278426567375,0.8678877792175032,0.8447010326902562
88.0,True,0.17458348171342852,0.231957190780752,0.7929403291373037,0.5053763440860215,0.425531914893617,04908,True,0.6577693888566161,0.4595684523123843,0.2959649498440589
89.0,False,0.019508024960130883,0.01928661453908903,0.8815373997186129,0.26136363636363635,0.0,04908,False,0.0005936109497886322,0.0162471012451422,0.004565649052450256
90.0,False,0.020311989590409103,0.02023481669433204,0.8479819441886344,0.24719101123595505,0.0,04908,False,0.0006917412932292444,0.014790717159814643,0.004565649052450256
91.0,False,0.02415623546862221,0.0221716942278382,0.9638851987228738,0.2777777777777778,0.0,04908,False,0.0010703146159364713,0.027443566894623326,0.004565649052450256
92.0,False,0.020483802722672834,0.019765272328910642,0.8792033807142375,0.23076923076923078,0.0,04908,False,0.000669688775308064,0.018504389514383456,0.004565649052450256
93.0,False,0.020160817843400267,0.020125333407015344,0.8705451768812554,0.3111111111111111,0.0,04908,False,0.0006769134904829318,0.013594248301563255,0.004565649052450256
94.0,False,0.02158048680679639,0.02134141990258533,0.8999634363537289,0.26666666666666666,0.0,04908,False,0.0008393883731012092,0.01842325119992232,0.004565649052450256
95.0,False,0.01925451041138346,0.018770929453577456,0.8506568701767129,0.25555555555555554,0.0,04908,False,0.000552511189086195,0.014515480989877694,0.004565649052450256
96.0,False,0.020345217744673235,0.020147725788208292,0.8743749923975157,0.25274725274725274,0.0,04908,False,0.0006877264049691799,0.016493771464891782,0.004565649052450256
97.0,False,0.02080050114931418,0.02043108156485187,0.8853997850981484,0.2222222222222222,0.0,04908,False,0.0007303603313324061,0.019264563754739332,0.004565649052450256
98.0,False,0.01885378283132822,0.018403035729976442,0.80857111811146,0.23076923076923078,0.0,04908,False,0.0005153156726119782,0.012726808678810519,0.004565649052450256
99.0,False,0.02124280864474732,0.02053036067896419,0.8754056994191823,0.2222222222222222,0.0,04908,False,0.0007609234185650081,0.01900046698157018,0.004565649052450256
100.0,False,0.021811445839815636,0.021122217204256246,0.8684537896013634,0.23076923076923078,0.0,04908,False,0.0008362109145517516,0.01823597311931687,0.004565649052450256
101.0,False,0.021400923873300913,0.0208671765143416,0.8722102913141712,0.26373626373626374,0.0,04908,False,0.0007938897730782222,0.016607973395468528,0.004565649052450256
102.0,False,0.019335912573093507,0.018594435428462765,0.8358279440399916,0.22826086956521738,0.0,04908,False,0.0005460360565908358,0.014925182284784566,0.004565649052450256
103.0,False,0.02057466563843286,0.01979687891823079,0.8797815549479706,0.26373626373626374,0.0,04908,False,0.0006762394019550235,0.017030080833069408,0.004565649052450256
104.0,False,0.021481233552553988,0.02075294687682844,0.8891394635103264,0.23076923076923078,0.0,04908,False,0.0007900099322084541,0.019852799962007714,0.004565649052450256
105.0,False,0.234770110096985,0.4071951147195347,0.644818099196096,0.4444444444444444,0.46153846153846156,04908,True,0.8985404733150287,0.39230833496159,0.38123911140578304
106.0,False,0.31053729882776876,0.525147329678042,0.6575753155621359,0.6,0.8351648351648352,04908,True,0.9565388632255462,0.9495488204114553,0.9701897306660987
107.0,False,0.04621729188483458,0.06773182284207072,0.42242358958747334,0.21978021978021978,0.021739130434782608,04908,False,0.023775499408581452,0.0031002967180786367,0.005744187715170228
108.0,False,0.04711334599841448,0.07870306306002861,0.40494640574800056,0.23076923076923078,0.03260869565217391,04908,False,0.03236993081947954,0.0026895806826253386,0.006442343119076185
109.0,False,0.1215596780111665,0.2126309347431982,0.38773229074169546,0.34782608695652173,0.12903225806451613,04908,True,0.48516696353916433,0.007460647589151657,0.01772953532379487
110.0,False,0.01803662524397308,0.017981218086408932,0.8279426524031877,0.25555555555555554,0.0,04908,False,0.0004610471238280469,0.012317248659809047,0.004565649052450256
111.0,False,0.019583021261040216,0.018772582294899663,0.8735895654950716,0.26373626373626374,0.0,04908,False,0.0005668667844035428,0.016162927713980764,0.004565649052450256
112.0,False,0.022038314290906854,0.02061149150490738,0.9376769599028062,0.28888888888888886,0.0,04908,False,0.0008103510240788206,0.02203075628852614,0.004565649052450256
113.0,False,0.01976633681803042,0.01903421653155232,0.880081855452392,0.26373626373626374,0.0,04908,False,0.0005903637273715925,0.01664124395749944,0.004565649052450256
114.0,False,0.01870800207041401,0.018646022570004455,0.8468161811531825,0.24444444444444444,0.0,04908,False,0.0005223198963240019,0.014118523068100118,0.004565649052450256
115.0,False,0.16839047905238538,0.27961887892234355,0.4989106121351623,0.43478260869565216,0.27956989247311825,04908,True,0.7227275756862164,0.0497933092686525,0.08193661660943806
116.0,True,0.24256405400353462,0.2881908199163545,0.7795797085006096,0.6160714285714286,0.6017699115044248,04908,True,0.8272271102996541,0.812579390378694,0.7319615553050114
117.0,True,0.24266144494208652,0.33970767815030045,0.8677497339224978,0.652542372881356,0.7478991596638656,04908,True,0.867924768052905,0.9510613298852517,0.9279826795060265
118.0,True,0.2271312699868193,0.32392724603929707,0.9360014678657003,0.6194690265486725,0.7368421052631579,04908,True,0.8444417070327728,0.960886672636238,0.9197318707528446
119.0,True,0.2479857425854684,0.3763940599116163,0.8727506559903881,0.6293103448275862,0.7777777777777778,04908,True,0.8921123950569296,0.963072693572264,0.9465126354833435
0.0,False,0.02223505428666653,0.02281971577603855,0.9418272203913266,0.5303030303030303,0.0,04936,False,0.001141649734857474,0.010433927728190401,0.0038382749618615574
1.0,False,0.06706672440612944,0.11102826803287862,0.35248645668004375,0.6,0.07575757575757576,04936,False,0.10666003570785079,0.0012131584658512564,0.008748668860070415
2.0,False,0.02219451032999857,0.02587915675784474,0.7630434318505518,0.5757575757575758,0.029850746268656716,04936,False,0.0014508691852951313,0.004720554600770171,0.005312813535276606
3.0,False,0.019348757033892702,0.020729229398276264,0.871854957389151,0.6212121212121212,0.0,04936,False,0.0007759630647525199,0.005520979041752808,0.0038382749618615574
4.0,False,0.016681548242503712,0.022178053778147314,0.9264520962848546,0.5909090909090909,0.0,04936,False,0.0007132504332287136,0.005549491473135778,0.0038382749618615574
5.0,False,0.02369444600503013,0.02016208951774709,0.8845308651525919,0.5,0.0,04936,False,0.0009859200778740728,0.010733219007976493,0.0038382749618615574
6.0,False,0.019069572025930626,0.02090879968358639,0.9255177325628327,0.5970149253731343,0.0,04936,False,0.0007725617340677359,0.007238350081905734,0.0038382749618615574
7.0,False,0.025807516095921093,0.02252855208777419,0.9038285180675009,0.45454545454545453,0.014925373134328358,04936,False,0.0013813559858618795,0.015126465074368876,0.004516025796346117
8.0,False,0.023004827098350084,0.024947288898970264,0.8658748246300702,0.36923076923076925,0.0,04936,False,0.001423832419688893,0.009659359550739353,0.0038382749618615574
9.0,False,0.02115546577454578,0.02911496026067895,0.8350911876196677,0.5846153846153846,0.045454545454545456,04936,False,0.0016985056078235201,0.006173259154952977,0.006295563929796004
10.0,False,0.03122228731206066,0.03023983012678415,0.8010037496027637,0.59375,0.07692307692307693,04936,False,0.0032045391908476144,0.012608013355077795,0.008859943369694466
11.0,False,0.018957378705609915,0.0262517816496253,0.8422127336215028,0.5692307692307692,0.045454545454545456,04936,False,0.001187529598814885,0.006172949962415175,0.006295563929796004
12.0,False,0.019148515970105102,0.02429250822267054,0.7634015087863447,0.5,0.03076923076923077,04936,False,0.0010376415955572161,0.004687376978584054,0.005366181132387206
13.0,False,0.02007935865741284,0.02837234159484339,0.8266144390927909,0.6190476190476191,0.046875,04936,False,0.0014986696931583341,0.005297728851765934,0.006393533110241702
14.0,False,0.055552235608862785,0.08781171420004563,0.49802636107006815,0.5625,0.09230769230769231,04936,False,0.054665475876886804,0.0029312233330349067,0.010467045615937762
15.0,False,0.021719071094012877,0.026992156766883317,0.8713756686964723,0.609375,0.06153846153846154,04936,False,0.0015249535447943907,0.009239570530194734,0.007497724725788594
16.0,False,0.026462878210197355,0.032140514715854406,0.8854029605897976,0.609375,0.046153846153846156,04936,False,0.0028382227866866378,0.009691648440174904,0.0063436070687064305
17.0,False,0.022487636450586712,0.026325155101368333,0.8185202716230195,0.65625,0.03076923076923077,04936,False,0.001528099312907853,0.005282175635689216,0.005366181132387206
18.0,False,0.035141377347663864,0.026704845498143635,0.8004202455166669,0.6129032258064516,0.047619047619047616,04936,False,0.0029925763505231594,0.012657429476999969,0.006445453309649463
19.0,False,0.027442423041919684,0.0224015655283035,0.9012024195052231,0.5873015873015873,0.0,04936,False,0.0014932173697048453,0.011015642659449121,0.0038382749618615574
20.0,False,0.02728606813081807,0.023008857795157045,0.8147352460893901,0.5238095238095238,0.015625,04936,False,0.0015592192340140392,0.009300107682562436,0.0045505671548136195
21.0,False,0.017397428879887416,0.022254152301244508,0.9271671761168195,0.6451612903225806,0.0,04936,False,0.0007629486683939772,0.005322522220380679,0.0038382749618615574
22.0,False,0.026729064429426498,0.03158243154019315,0.8179135949639585,0.639344262295082,0.06451612903225806,04936,False,0.0027841239052556702,0.008194691062420227,0.007744077102021566
23.0,False,0.02145084137004851,0.024133421427910737,0.896930032388374,0.6031746031746031,0.015625,04936,False,0.0012073159431917968,0.007511080783142771,0.0045505671548136195
24.0,False,0.02320913352552686,0.02643450756965857,0.7712419143016749,0.5161290322580645,0.015873015873015872,04936,False,0.001612251257983877,0.005083059948594653,0.004562875009071972
25.0,False,0.03596884663959791,0.021182629147973035,0.9244739729187728,0.5714285714285714,0.015625,04936,False,0.001981880587331059,0.024208272124803712,0.0045505671548136195
26.0,False,0.01986452161091413,0.01964001202521149,0.8682265025908671,0.5076923076923077,0.0,04936,False,0.0007264174254535738,0.007561055360390106,0.0038382749618615574
27.0,False,0.2345241368575923,0.30904540625786503,0.6690823197824755,0.5483870967741935,0.6031746031746031,04936,True,0.8402941301414727,0.7232814545929479,0.738869207877135
28.0,True,0.1863225440826762,0.24671175295511658,0.7555398094928628,0.6428571428571429,0.7192982456140351,04936,True,0.7095191018780829,0.8988138204254583,0.9097463218077334
29.0,True,0.18357730765462835,0.22636871940258074,0.6903785774788997,0.5614035087719298,0.6379310344827587,04936,True,0.669429803043996,0.7886774923924162,0.8053932208046694
30.0,False,0.08209973185453322,0.11570834515532781,0.49569021031067795,0.5172413793103449,0.2033898305084746,04936,False,0.147663794072996,0.012974560726413377,0.03443248646234632
31.0,False,0.1520360116636728,0.16986180986256338,0.4241357597232178,0.5,0.12698412698412698,04936,False,0.4697805846584155,0.008187404096829552,0.01522272157492084
32.0,False,0.29120620410605813,0.43528344081359344,0.7047580713193559,0.5846153846153846,0.8333333333333334,04936,True,0.9330309150906044,0.963548185573975,0.972297352483689
33.0,False,0.11903966190193065,0.148417886902649,0.3777128409986846,0.5333333333333333,0.14754098360655737,04936,False,0.32402925083276507,0.0058319904606865675,0.018988966328489402
34.0,False,0.021755760464428474,0.02921193290515245,0.787161725915505,0.6,0.06557377049180328,04936,False,0.001779918331332232,0.006036656815795063,0.007833498592615545
35.0,False,0.02394158042411339,0.02916769799610835,0.8704120002848633,0.5645161290322581,0.047619047619047616,04936,False,0.0020378992755508973,0.009473732262994888,0.006445453309649463
36.0,False,0.01771956786133942,0.022360301078076582,0.9098645997774799,0.6451612903225806,0.0,04936,False,0.0007906760954802924,0.00502440259288708,0.0038382749618615574
37.0,False,0.023456190851488826,0.02611973358756057,0.8989775785144174,0.5967741935483871,0.047619047619047616,04936,False,0.001599775071155279,0.011090991161218785,0.006445453309649463
38.0,False,0.018737847159869977,0.025705613655852468,0.929714127948416,0.6557377049180327,0.03225806451612903,04936,False,0.0011213573685362774,0.00694056648735201,0.005453823166537225
39.0,False,0.017913364180453646,0.022697089577830717,0.8983231214869205,0.5806451612903226,0.0,04936,False,0.000826684713840811,0.005427027135278016,0.0038382749618615574
40.0,False,0.01720422837299138,0.024754073056782074,0.8926792018070133,0.6129032258064516,0.015873015873015872,04936,False,0.0009216735237639042,0.0049124477143653094,0.004562875009071972
41.0,False,0.027542591183225256,0.025761749010265754,0.9146544084688895,0.6612903225806451,0.031746031746031744,04936,False,0.0019645627247622892,0.01185577097078807,0.005423522282483292
42.0,False,0.020309724211168938,0.024971128433973845,0.77695533282998,0.5806451612903226,0.047619047619047616,04936,False,0.0011913945693405382,0.005338211784515319,0.006445453309649463
43.0,False,0.03173657573720917,0.02543336306405787,0.9006281623688852,0.43548387096774194,0.047619047619047616,04936,False,0.0023519206529603654,0.025846864445487436,0.006445453309649463
44.0,False,0.018527869486813633,0.024911558047907886,0.8751392604176653,0.6774193548387096,0.047619047619047616,04936,False,0.0010385259756429779,0.006042768922558409,0.006445453309649463
45.0,False,0.021487353788794596,0.026703032088035487,0.743082029716177,0.5081967213114754,0.06451612903225806,04936,False,0.0014706851424824811,0.006310614906859608,0.007744077102021566
46.0,False,0.02121537786571435,0.02532881419145702,0.8828753077073667,0.6190476190476191,0.015625,04936,False,0.0013041714477955893,0.006337944264998412,0.0045505671548136195
47.0,False,0.01627290510042135,0.022259503597957628,0.9310979633836518,0.6451612903225806,0.015873015873015872,04936,False,0.0006930031160531534,0.005669874776567721,0.004562875009071972
48.0,False,0.020872444333682256,0.022910460059196527,0.819622857503336,0.5555555555555556,0.03125,04936,False,0.0010499173589728216,0.0067473511891959865,0.005394327979033515
49.0,False,0.0378674790897976,0.02326498881329722,0.9645468669083294,0.6153846153846154,0.0,04936,False,0.0025567609686261623,0.02262561343886229,0.0038382749618615574
50.0,False,0.03750627920651794,0.0252640892661402,0.9020675889247958,0.578125,0.015384615384615385,04936,False,0.0029548676882193287,0.01897115414018087,0.004538669542716001
51.0,False,0.024399676724611283,0.021864648413342146,0.9048349459556232,0.5714285714285714,0.0,04936,False,0.001202479759149934,0.00982033480373263,0.0038382749618615574
52.0,False,0.0348873614198407,0.024355547615936415,0.9348517632886354,0.5625,0.015384615384615385,04936,False,0.0024807414072909057,0.021139715131870733,0.004538669542716001
53.0,False,0.09377683065767223,0.1675260276435872,0.42033319582292106,0.578125,0.12307692307692308,04936,False,0.3000795807064039,0.0030527631388644286,0.014595012958430856
54.0,False,0.027516672855152323,0.01901637372158072,0.8513275071018198,0.5303030303030303,0.0,04936,False,0.00109339219174626,0.011722221562811505,0.0038382749618615574
55.0,False,0.032471990357112755,0.019851727248849583,0.8832790893974873,0.59375,0.0,04936,False,0.0015089015469509535,0.01496391656208012,0.0038382749618615574
56.0,False,0.024349754513137447,0.02401382893900412,0.8429459572885751,0.5625,0.03076923076923077,04936,False,0.0014362110533951223,0.009025947169767347,0.005366181132387206
57.0,False,0.03296646296394294,0.02256192931400345,0.9343234882885163,0.5384615384615384,0.015151515151515152,04936,False,0.0019730683385273166,0.02189405337180291,0.004527162037047433
58.0,False,0.03387101717128079,0.021584589262103836,0.9479484302825583,0.676923076923077,0.015151515151515152,04936,False,0.0018840851446697842,0.01939920790785316,0.004527162037047433
59.0,False,0.07253738321209044,0.10357361004067712,0.5704578275481166,0.5909090909090909,0.05970149253731343,04936,False,0.10471540400192972,0.0036715415749081766,0.007349641781047625
60.0,False,0.03521203541690655,0.022608654433869235,0.9559386537247277,0.5454545454545454,0.014925373134328358,04936,False,0.0021786967920407545,0.026421820949728524,0.004516025796346117
61.0,False,0.053832091774889866,0.0268617629903553,0.8927367456477454,0.5538461538461539,0.045454545454545456,04936,False,0.005595437211175726,0.04213676907055228,0.006295563929796004
62.0,False,0.06051900658964429,0.02710904309124013,0.9066199161918016,0.5230769230769231,0.06060606060606061,04936,False,0.006738917533401719,0.0650390576663095,0.007422195034288318
63.0,False,0.047554937751102595,0.023661801528315728,0.9169797869604328,0.6461538461538462,0.015151515151515152,04936,False,0.0036687787984442423,0.02781761056676743,0.004527162037047433
64.0,False,0.0462173967941902,0.022857827484126066,0.8752213648665463,0.49230769230769234,0.015151515151515152,04936,False,0.0032946003949744116,0.030802310003093965,0.004527162037047433
65.0,False,0.041152025124088026,0.023082087963279853,0.9277880615664672,0.5714285714285714,0.015625,04936,False,0.0028394157790551707,0.027788086330085723,0.0045505671548136195
66.0,False,0.03522851797752264,0.02443439374351499,0.8808957921130529,0.59375,0.015384615384615385,04936,False,0.002531522786977477,0.01560357776283705,0.004538669542716001
67.0,False,0.02850336842183881,0.029646398932709716,0.7607678389703263,0.546875,0.046153846153846156,04936,False,0.002704753309119081,0.007505164616006636,0.0063436070687064305
68.0,False,0.18931949311445442,0.27404265164507446,0.7302354943405166,0.6615384615384615,0.5303030303030303,04936,True,0.7537587098816233,0.5238248003852971,0.5604167515019557
69.0,False,0.03092668167821701,0.02599353942083468,0.9270548746997618,0.6349206349206349,0.015625,04936,False,0.0023627634738076727,0.0135601528210171,0.0045505671548136195
70.0,False,0.03877786901818173,0.023637618666460886,0.9106458559948353,0.65625,0.0,04936,False,0.002728059472988203,0.016538398152381985,0.0038382749618615574
71.0,False,0.027348850626979705,0.03185234127262493,0.7150119738357844,0.5714285714285714,0.046875,04936,False,0.002925230213517788,0.004999391037821472,0.006393533110241702
72.0,False,0.16184307549641935,0.2176518842041387,0.6500177885399641,0.5384615384615384,0.3333333333333333,04936,True,0.610054474578884,0.12372688487246876,0.12874752648074111
73.0,True,0.2929765689559603,0.36150245425463196,0.7599876310325829,0.7285714285714285,0.7605633802816901,04936,True,0.9076092635750767,0.940040673823129,0.9405874713006692
74.0,True,0.2620661691440947,0.3503507676114795,0.7959633734208337,0.6857142857142857,0.6619718309859155,04936,True,0.8872569557276044,0.8703133346492898,0.8433497492600562
75.0,True,0.21040390563573486,0.2597018163347619,0.8370722269821462,0.6428571428571429,0.7464788732394366,04936,True,0.7627640671105218,0.9517136275923979,0.9313688607811774
76.0,True,0.2660815587805355,0.332033202008071,0.6988412018385476,0.6323529411764706,0.6666666666666666,04936,True,0.8788369597528418,0.8426175713301776,0.850016393142268
77.0,False,0.08280353312824368,0.12319438963304746,0.5494387911231975,0.6557377049180327,0.14516129032258066,04936,False,0.16523410256966017,0.006835580650183525,0.018510004148673244
78.0,True,0.30112833431537883,0.39954510871322974,0.8207765244575099,0.6470588235294118,0.8840579710144928,04936,True,0.925357283689807,0.987202301512891,0.9839059828459784
79.0,False,0.14004823383119122,0.16171038896153034,0.5639624469463189,0.5901639344262295,0.2903225806451613,04936,False,0.41709466488976965,0.057213877057296005,0.08450653490328644
80.0,True,0.23080732747757926,0.289978128150378,0.8492006935411024,0.6615384615384615,0.7121212121212122,04936,True,0.8197250128437906,0.9368193254975807,0.9030884374467983
81.0,True,0.20954843185753047,0.2936197049947505,0.8591863860261585,0.7638888888888888,0.8493150684931506,04936,True,0.8019826964367724,0.9758559510768535,0.9766374378587687
82.0,True,0.22111018371242036,0.3275602144166953,0.7899328319984695,0.6901408450704225,0.75,04936,True,0.8438825755489521,0.9254390856376687,0.9337907170154761
83.0,True,0.2579681656782793,0.30226838589535393,0.7934670123164601,0.6301369863013698,0.7297297297297297,04936,True,0.8526480648504119,0.9427705929989615,0.9186889969361929
84.0,True,0.20453796032008165,0.272992549550213,0.8421641438944274,0.676056338028169,0.8333333333333334,04936,True,0.7726322849465941,0.975443734845052,0.972297352483689
85.0,True,0.26033462448639283,0.34552381287569967,0.7486093598306509,0.7352941176470589,0.8115942028985508,04936,True,0.8835694882789031,0.9542311577160287,0.965118637641447
86.0,True,0.27589384252784116,0.3672428775977838,0.8577437570698371,0.6521739130434783,0.8571428571428571,04936,True,0.9027569976463713,0.9852211314287195,0.9785137150843736
87.0,True,0.23534930399080423,0.32575370493009087,0.7927553707839547,0.5882352941176471,0.7391304347826086,04936,True,0.8540899424825323,0.9394716392337841,0.9260482856538852
88.0,False,0.11475241678421211,0.09727628067185191,0.4682912927663176,0.5,0.13432835820895522,04936,False,0.16753945743338988,0.012621042601877675,0.01647535052416731
89.0,True,0.2532021436761954,0.32130827633699355,0.8745110287246094,0.6666666666666666,0.8428571428571429,04936,True,0.8636976639923427,0.9839869045117062,0.9749699172859324
90.0,False,0.16655981125070468,0.1908853930494478,0.5924558246724617,0.6417910447761194,0.2647058823529412,04936,True,0.5587364672491818,0.05120376924278598,0.06519885575919286
91.0,True,0.29267601954480815,0.32981545957821373,0.9365613473912634,0.5974025974025974,0.7564102564102564,04936,True,0.891522102671738,0.9806015514895505,0.9379969190061801
92.0,False,0.135095888863545,0.1701230256716175,0.6383102628391581,0.6461538461538462,0.2727272727272727,04936,True,0.42824881278270555,0.05484839912480322,0.07075596847233401
93.0,True,0.2416007283206483,0.3264109652691799,0.8681406588094241,0.6428571428571429,0.8028169014084507,04936,True,0.85922494237268,0.9747214803520758,0.9617374902393165
94.0,False,0.021144087685462668,0.022555503978486866,0.9052314862574491,0.6721311475409836,0.016129032258064516,04936,False,0.0010380253602571248,0.007184828445476191,0.004575614648350798
95.0,True,0.23827098823109877,0.31585884922762736,0.6425476578610941,0.6376811594202898,0.5142857142857142,04936,True,0.8488243698811965,0.44735959046851176,0.5168979014182483
96.0,True,0.24372292089627196,0.3328693045156768,0.92534596749554,0.620253164556962,0.825,04936,True,0.865216287117882,0.9849385205557784,0.9697330211487096
97.0,True,0.33173901581202797,0.39233136200265256,0.7112601722468097,0.6527777777777778,0.7534246575342466,04936,True,0.9322903568145728,0.938038853273907,0.9360698410152981
98.0,True,0.3227272927677394,0.4019790177876118,0.7642378287791404,0.6103896103896104,0.8461538461538461,04936,True,0.9327308492297293,0.9799189956567719,0.9758351728464797
99.0,True,0.2569219935426446,0.32046184380002535,0.725049864906282,0.5526315789473685,0.7402597402597403,04936,True,0.8655722157823293,0.9348496636550653,0.9268899557816495
100.0,True,0.20961372859354485,0.3097541020689056,0.7020007840879877,0.6111111111111112,0.6301369863013698,04936,True,0.81792456559076,0.743922960682828,0.7916795910630341
101.0,True,0.23774068421546424,0.32195913024380335,0.7289279416206055,0.6756756756756757,0.7066666666666667,04936,True,0.8530941328160166,0.8778674176266772,0.897738595720543
102.0,True,0.22984547184635226,0.30577958509446623,0.7256046960434869,0.6176470588235294,0.7101449275362319,04936,True,0.8335183691915699,0.8918825470494773,0.9011795774717335
103.0,True,0.24713845831812462,0.30418040263726936,0.8161512208062719,0.5526315789473685,0.7272727272727273,04936,True,0.8462680623685593,0.9510565709671907,0.9166582926678435
104.0,True,0.26914436838391037,0.36142408554046274,0.9148220123875221,0.6438356164383562,0.8378378378378378,04936,True,0.8967476773257897,0.986329361346208,0.9735943022760798
105.0,True,0.20043011138457276,0.29733643470501947,0.7383688769392006,0.7466666666666667,0.8157894736842105,04936,True,0.7955346417015648,0.9395400780553915,0.9666312230583521
106.0,True,0.18674651411624738,0.25359977555256025,0.7538419258715904,0.6805555555555556,0.6575342465753424,04936,True,0.7210035129280778,0.8132535981568099,0.8368284628324713
107.0,True,0.2158240430177596,0.292398804882234,0.6915712504825814,0.7105263157894737,0.7662337662337663,04936,True,0.8074298407267936,0.9046955207181928,0.9439609459434989
108.0,True,0.16401836475021989,0.22320429688880525,0.821337505898219,0.6527777777777778,0.5753424657534246,04936,True,0.626081364354243,0.7268858512726214,0.6760338526196752
109.0,True,0.20044283635550167,0.30538905198782246,0.7574963202374505,0.7631578947368421,0.8571428571428571,04936,True,0.8038043349941941,0.9598618605466253,0.9785137150843736
110.0,True,0.16534949964630313,0.22133765758995802,0.8347935576581013,0.6857142857142857,0.7464788732394366,04936,True,0.6250272645324222,0.9349079885667279,0.9313688607811774
111.0,False,0.09814070836239454,0.1328709223789032,0.5007351537062027,0.5373134328358209,0.17647058823529413,04936,False,0.22651955327689194,0.011308621655282566,0.025875980885319557
112.0,False,0.0953686623046431,0.13549252773958625,0.35011571900721017,0.6060606060606061,0.08955223880597014,04936,False,0.22585817463197733,0.0019349010502142617,0.010159374302741355
113.0,True,0.2554145738971817,0.3283650159633185,0.8977194644745276,0.6216216216216216,0.8266666666666667,04936,True,0.8699858647915353,0.9845347516863397,0.97026364686526
114.0,True,0.2694257208458604,0.30975329619066233,0.8564488360769162,0.4731182795698925,0.6170212765957447,04936,True,0.8659459103097948,0.9144865936412447,0.767024956752537
115.0,True,0.27869364625774357,0.30136504586721835,0.8107694247042103,0.5346534653465347,0.5686274509803921,04936,True,0.8654799044035465,0.8376116338859394,0.6597407246231922
116.0,True,0.16593058075396894,0.19517379712701569,0.6326387373206191,0.5196850393700787,0.2890625,04936,True,0.5679289399638492,0.09345125184580122,0.08344608365903533
117.0,True,0.2658196760065158,0.2389642414520047,0.6641815546986396,0.5089285714285714,0.36283185840707965,04936,True,0.7934242119089923,0.3030661021745092,0.16947507253681512
118.0,True,0.25063904149432337,0.3353763286127148,0.7026933889626364,0.4732142857142857,0.5221238938053098,04936,True,0.8714979365331054,0.623444689630543,0.5382676086529067
119.0,True,0.12889518198954228,0.14979612235633763,0.4846638823554289,0.43609022556390975,0.11940298507462686,04936,False,0.3537968205928749,0.0101221412965752,0.014028074202052853
0.0,False,0.023226593903093354,0.03289658078439661,0.9407885423751363,0.42857142857142855,0.14035087719298245,05091,False,0.0018764905943481954,0.027407492634523647,0.01946103791408382
1.0,False,0.022316577078145994,0.03201040521948384,0.921943762663728,0.47368421052631576,0.05172413793103448,05091,False,0.001670006148538686,0.01056671336016649,0.0075801834740776945
2.0,False,0.024653001440210966,0.03517126869154627,0.9243688380016167,0.48214285714285715,0.15789473684210525,05091,False,0.0023437257524651337,0.02934406479045522,0.023415587188956838
3.0,False,0.02625339028593052,0.033064269179417564,0.8863119155483662,0.47368421052631576,0.1724137931034483,05091,False,0.002317641354414713,0.03402315736288436,0.027272589834582216
4.0,False,0.022596477679191727,0.03133283585522401,0.8969315656614022,0.42105263157894735,0.08620689655172414,05091,False,0.001638201634743641,0.014230005278678891,0.010953637159578321
5.0,False,0.021675257013743503,0.029208688434631452,0.9051602881607944,0.49122807017543857,0.05172413793103448,05091,False,0.0013425032689691663,0.010147545496229753,0.0075801834740776945
6.0,False,0.02204827184077354,0.03147611093246682,0.860544504207486,0.43859649122807015,0.08620689655172414,05091,False,0.0015866409428670141,0.011451800477866609,0.010953637159578321
7.0,False,0.025154600451045915,0.035553531750798985,0.930258314148918,0.5172413793103449,0.13559322033898305,05091,False,0.0024718619575329116,0.024444826528167263,0.01850656136734832
8.0,False,0.02518594130255517,0.027438270144807226,0.8992093411731535,0.39655172413793105,0.01694915254237288,05091,False,0.0015305751685291307,0.01093845479031393,0.005223779525805724
9.0,False,0.026732554454719077,0.03003011730294556,0.93998089002633,0.423728813559322,0.06666666666666667,05091,False,0.001996784227045982,0.01990719555655715,0.008892555265926527
10.0,False,0.023731046998897422,0.028624754569494426,0.948347649108485,0.43103448275862066,0.03389830508474576,05091,False,0.001501250061587559,0.013107436674629817,0.006263856492398469
11.0,False,0.02266950035970495,0.028281710077595147,0.9044210624536341,0.4166666666666667,0.03278688524590164,05091,False,0.001361358336403718,0.010226617117540809,0.0061897547804414645
12.0,False,0.10802051857895602,0.1172442755443427,0.5292004701134023,0.5535714285714286,0.24561403508771928,05091,False,0.20188867264512272,0.03970915983868186,0.058111913289352383
13.0,False,0.021492592840201972,0.030895479550238813,0.9361034573944028,0.5172413793103449,0.05084745762711865,05091,False,0.0014695527299981995,0.010400179248340575,0.007509454003190319
14.0,False,0.02434886156224872,0.03276490491510073,0.9326612415322907,0.45614035087719296,0.08620689655172414,05091,False,0.0020130690788796655,0.01735052570279046,0.010953637159578321
15.0,False,0.024515586650568078,0.03453502347502342,0.9153522702603503,0.4827586206896552,0.13559322033898305,05091,False,0.002244840999065509,0.023404114231806872,0.01850656136734832
16.0,False,0.022623574536702076,0.030446942540255442,0.9279451618074859,0.4482758620689655,0.05084745762711865,05091,False,0.0015562324577431757,0.011889933566871113,0.007509454003190319
17.0,False,0.02539465138575718,0.03391752912189825,0.9173389012943283,0.46551724137931033,0.0847457627118644,05091,False,0.0023004910826680243,0.016488254717086037,0.010784387497516118
18.0,False,0.11267023443654917,0.15544037881264589,0.3690635888745641,0.5,0.13114754098360656,05091,False,0.31431251875777466,0.00611106415937758,0.01765626565223182
19.0,False,0.09916102199056234,0.10106892751048409,0.4071881762935027,0.423728813559322,0.16666666666666666,05091,False,0.14281633623131676,0.013485466697248082,0.025677057542381188
20.0,False,0.025024427912083026,0.03426529351546008,0.9328913743395404,0.46551724137931033,0.1694915254237288,05091,False,0.0022884889503778203,0.036017279575974406,0.02644961193311389
21.0,False,0.09788736591001361,0.10337293447251898,0.41320395504356683,0.4745762711864407,0.11666666666666667,05091,False,0.14536040351828294,0.00802755821295812,0.015144213407124383
22.0,False,0.025290272360407297,0.032902168116983176,0.9534780824747348,0.49122807017543857,0.08620689655172414,05091,False,0.002159527333040432,0.01946607643721398,0.010953637159578321
23.0,False,0.02363916677760293,0.03297944789592555,0.9044935081904069,0.41379310344827586,0.06779661016949153,05091,False,0.0019407497912470276,0.012831476737402177,0.009000501061332537
24.0,False,0.024979987708716445,0.03287981690639621,0.9232994407737922,0.5087719298245614,0.10344827586206896,05091,False,0.002113406891341272,0.019282179112405012,0.013160336751294181
25.0,False,0.022054073283263396,0.031110310250501236,0.8933340302840262,0.4482758620689655,0.11864406779661017,05091,False,0.0015532136950741702,0.017659132653128493,0.015465290881297103
26.0,False,0.02323971541985629,0.031248109245860266,0.9368689511828037,0.43103448275862066,0.1016949152542373,05091,False,0.0017071127904206898,0.020155081078958383,0.012917229130670203
27.0,False,0.022089324787141606,0.03080894839854525,0.9341380023187176,0.42105263157894735,0.06896551724137931,05091,False,0.001529383817019688,0.013966521212114141,0.009113535534311473
28.0,False,0.02707739812732699,0.038319074466165254,0.8929853304509727,0.4482758620689655,0.13559322033898305,05091,False,0.0032066222718941306,0.023360618989714504,0.01850656136734832
29.0,False,0.022174210604042618,0.0286331385456229,0.9142291732224259,0.4576271186440678,0.06666666666666667,05091,False,0.0013431803326256631,0.013220360091560315,0.008892555265926527
30.0,False,0.02386563130459347,0.031190313287943035,0.8982303219599485,0.45614035087719296,0.05172413793103448,05091,False,0.0017773778958210817,0.011208022698748902,0.0075801834740776945
31.0,False,0.02199618556637358,0.02930658539748928,0.8881816703498951,0.423728813559322,0.03333333333333333,05091,False,0.0013839957269147656,0.008711845131284948,0.006226078615485286
32.0,False,0.025494051255331086,0.032303007529042874,0.9074343552225851,0.4482758620689655,0.05084745762711865,05091,False,0.0021148088314565756,0.01256866842027159,0.007509454003190319
33.0,False,0.023363373319195236,0.03099836043074518,0.9028955625364699,0.4827586206896552,0.01694915254237288,05091,False,0.0016966106025801155,0.007907653552978691,0.005223779525805724
34.0,False,0.023724549608288004,0.03301005628458621,0.9521911011968295,0.5,0.1016949152542373,05091,False,0.0019556749351384646,0.01970759392838132,0.012917229130670203
35.0,False,0.025068359277468696,0.03392263025343121,0.8959965702884015,0.46551724137931033,0.15254237288135594,05091,False,0.002252660954594796,0.026975923394579004,0.02213245714679616
36.0,False,0.02800944274013067,0.033278309254627846,0.8857051582903334,0.41379310344827586,0.0847457627118644,05091,False,0.0026093546362701307,0.01826896999417044,0.010784387497516118
37.0,False,0.02589837994403089,0.03346788015994134,0.8911285093966059,0.4482758620689655,0.0847457627118644,05091,False,0.0023179218574302094,0.01573699425432681,0.010784387497516118
38.0,False,0.024154518081804455,0.033449920420115284,0.9340608532457652,0.4827586206896552,0.13559322033898305,05091,False,0.002064532988276341,0.0255165208471115,0.01850656136734832
39.0,False,0.024343644122176624,0.029842327668936196,0.9411170762188616,0.3793103448275862,0.05084745762711865,05091,False,0.0016916511059508106,0.01552949965147375,0.007509454003190319
40.0,False,0.021758958582327202,0.02772158192892694,0.8788233961689421,0.4406779661016949,0.016666666666666666,05091,False,0.001225976361790153,0.007381607578909995,0.005207986850388543
41.0,False,0.025284890245359966,0.032697634450059986,0.9353386514358916,0.41379310344827586,0.06779661016949153,05091,False,0.002133909280477605,0.016548864318230758,0.009000501061332537
42.0,False,0.09661382918571289,0.10173853838288266,0.41623974543338377,0.45,0.14754098360655737,05091,False,0.13910552939489232,0.010931361672111483,0.02099572441419437
43.0,False,0.023774028270642653,0.032239950648259616,0.883041445543695,0.3559322033898305,0.08333333333333333,05091,False,0.001878187889346255,0.014713062014786232,0.010623239063731818
44.0,False,0.17312334625715606,0.2366858559421919,0.26403225937587754,0.47540983606557374,0.22580645161290322,05091,True,0.6707194184283092,0.012600689154459735,0.0474739972004255
45.0,False,0.2558710591474534,0.32096666023886167,0.3536805186765956,0.515625,0.3384615384615385,05091,True,0.8724822463126232,0.06669607507600138,0.1436723475747151
46.0,False,0.09590186458565472,0.10486864556155837,0.4109561224790958,0.4262295081967213,0.06451612903225806,05091,False,0.1444842014229797,0.00493652978714524,0.008690642597352305
47.0,False,0.09162787559371559,0.09676493029887086,0.3006219089773119,0.4,0.06557377049180328,05091,False,0.11883895605208193,0.0032143851162505597,0.008789369566663758
48.0,False,0.02290744362321964,0.030221085462549882,0.9216429994450459,0.41379310344827586,0.03389830508474576,05091,False,0.0015667004037694795,0.010571899501183302,0.006263856492398469
49.0,False,0.02376043693926817,0.03227621836764335,0.899825491506455,0.5166666666666667,0.03278688524590164,05091,False,0.001880343770930545,0.008600700080166068,0.0061897547804414645
50.0,False,0.10734225578574211,0.11199591165693268,0.43778614278852296,0.4406779661016949,0.1,05091,False,0.18691553902961128,0.008519572737654444,0.01268643990639523
51.0,False,0.02628315433120566,0.030609357874044757,0.8694660309268688,0.46551724137931033,0.05084745762711865,05091,False,0.0020119674606834366,0.011749775278446893,0.007509454003190319
52.0,False,0.11241214009517989,0.11603343303762165,0.3523912266298137,0.4406779661016949,0.15,05091,False,0.20947350929324404,0.009706279249508867,0.021547294556564137
53.0,False,0.16817422300622284,0.19260285840407124,0.4351385216065441,0.48333333333333334,0.21311475409836064,05091,True,0.5695251980625178,0.027093210170878738,0.04165910144722926
54.0,False,0.21684277294155052,0.2501545636859968,0.5676029049163764,0.44776119402985076,0.3088235294117647,05091,True,0.7660251992036357,0.12477237193644156,0.10866442820340644
55.0,False,0.12400948524197708,0.13276360684324182,0.4349884238092465,0.45454545454545453,0.1044776119402985,05091,False,0.28590462900658614,0.009257510693050567,0.013305153970850959
56.0,False,0.15381525386014747,0.15605468498751202,0.33563208281689516,0.42857142857142855,0.125,05091,False,0.43559484931410525,0.009137286762645079,0.016543370634810487
57.0,False,0.24213428936657405,0.30740406082004385,0.49408851502552104,0.53125,0.3076923076923077,05091,True,0.8521627914025895,0.0845680093748434,0.10748951156601666
58.0,False,0.10085694750292072,0.10731625603786778,0.4186301787695277,0.5,0.15254237288135594,05091,False,0.16077659353007143,0.011212147919261676,0.02213245714679616
59.0,False,0.2128552291082923,0.18745039931541882,0.5187328106534661,0.49206349206349204,0.28125,05091,True,0.6498096382042013,0.10221185052461525,0.08305448417192511
60.0,False,0.03408544967688131,0.03279981595292217,0.9055834469324465,0.45614035087719296,0.1206896551724138,05091,False,0.0035085001134072206,0.03712948798039416,0.01580449016376964
61.0,False,0.098855559177805,0.10189228947154506,0.4234305372605787,0.49122807017543857,0.10344827586206896,05091,False,0.14404650837490798,0.0075654151254793,0.013160336751294181
62.0,False,0.023904248331255835,0.0320590947519622,0.9515222708047616,0.5,0.12280701754385964,05091,False,0.00187545507580227,0.024768691345061638,0.016163300277875995
63.0,False,0.17329608070793964,0.12198314312913419,0.4501280190319312,0.48333333333333334,0.16393442622950818,05091,False,0.372656812509486,0.03160825103525141,0.02495075689987994
64.0,False,0.025254302728503573,0.03203134558532906,0.9219759217863421,0.4642857142857143,0.12280701754385964,05091,False,0.0020497499469006473,0.024860649463532326,0.016163300277875995
65.0,False,0.21482499930184354,0.21690963070716698,0.47849741394361484,0.532258064516129,0.2698412698412698,05091,True,0.7120013459233142,0.06737100907661375,0.07416002556827946
66.0,False,0.12954358241491967,0.13483504081718092,0.41311349315335055,0.4406779661016949,0.11666666666666667,05091,False,0.30693263168400564,0.010117341410557548,0.015144213407124383
67.0,False,0.14562404777787616,0.16798408986995472,0.4714636245276415,0.48333333333333334,0.18032786885245902,05091,False,0.44714081984350723,0.021305797350883844,0.02962826453188343
68.0,False,0.13752884222986678,0.1673446155782039,0.3819865911262953,0.46774193548387094,0.15873015873015872,05091,False,0.4222112847623094,0.011125233892762758,0.023622309542455425
69.0,False,0.13716928555677152,0.15990811863139193,0.38198659112629535,0.41935483870967744,0.15873015873015872,05091,False,0.4006782909295489,0.01216257910360076,0.023622309542455425
70.0,False,0.17783585951805658,0.1953264810375747,0.47887287092731445,0.4153846153846154,0.18181818181818182,05091,True,0.598261234716271,0.02841372885828169,0.030093430272877083
71.0,False,0.16163505495175204,0.14977610296106508,0.549260223225114,0.5081967213114754,0.14516129032258066,05091,False,0.43691772614567487,0.02837351210474723,0.020475112508262703
72.0,False,0.10389388967612155,0.11748355161289697,0.36513716981259503,0.45614035087719296,0.13793103448275862,05091,False,0.19231975620510294,0.007803035944182874,0.018969690355855166
73.0,False,0.10051303368469201,0.10973644119533316,0.42611726377881987,0.45614035087719296,0.1206896551724138,05091,False,0.16567673754687873,0.008788252164628679,0.01580449016376964
74.0,False,0.15063601752270767,0.1827420968602984,0.31477953555018845,0.5535714285714286,0.17543859649122806,05091,True,0.5000894710718486,0.009556958329282663,0.028150644157596938
75.0,False,0.02292516706730832,0.03437004231573105,0.919245407776798,0.4909090909090909,0.19642857142857142,05091,False,0.001992320155609972,0.036265396098259184,0.03504423182059246
76.0,False,0.02818608358864815,0.03082387462043821,0.8606796214746173,0.48148148148148145,0.07272727272727272,05091,False,0.002286849985744691,0.015189848369733925,0.00948693294876873
77.0,False,0.024787163077408064,0.03502566501017471,0.8647853560216887,0.5,0.12727272727272726,05091,False,0.0023466096894432806,0.01736521848335292,0.016946532435506034
78.0,False,0.0249355500156388,0.03390020683774655,0.8789294502472335,0.48148148148148145,0.14545454545454545,05091,False,0.002230305926126348,0.023050900817416713,0.020538579535887842
79.0,False,0.022441336190979412,0.02972203425679176,0.9033929986820745,0.5,0.09090909090909091,05091,False,0.0014683705185273553,0.014803822761151676,0.011516340008388113
80.0,False,0.0981419347495608,0.10212659359045634,0.47411635596065393,0.5,0.2,05091,False,0.14310232294461986,0.021791070880859485,0.03636904506791084
81.0,False,0.022184895722765878,0.028553479481330125,0.8813550147897363,0.4727272727272727,0.03571428571428571,05091,False,0.0013373029409710828,0.008614474584017118,0.006386834852233846
82.0,False,0.020111557790643095,0.02946538387013448,0.9270985525396959,0.46296296296296297,0.05454545454545454,05091,False,0.001206124377922224,0.010218055527355194,0.0078123211770084935
83.0,False,0.022595555120876583,0.02915111585806196,0.9382339704041277,0.5,0.07272727272727272,05091,False,0.0014324470727371458,0.015045019267321297,0.00948693294876873
84.0,False,0.02584988825436838,0.03496703319571358,0.9374077063303901,0.5,0.18181818181818182,05091,False,0.002506684960896722,0.040946236663001484,0.030093430272877083
85.0,False,0.025732843522722173,0.039312958602035916,0.8053453093392816,0.5471698113207547,0.18518518518518517,05091,False,0.0030924449507021565,0.020494968792222276,0.03117055677312272
86.0,False,0.02084400341333229,0.03030958656824514,0.9553833377365246,0.5094339622641509,0.09259259259259259,05091,False,0.0013483458537419226,0.01601199258970808,0.011724670770836502
87.0,False,0.02231214716143096,0.03244395295696157,0.9320959430698911,0.48148148148148145,0.14545454545454545,05091,False,0.0017117244901622764,0.024962579920530224,0.020538579535887842
88.0,False,0.02030448901920221,0.029048943733465,0.898128560862588,0.5192307692307693,0.07547169811320754,05091,False,0.0011932507438520677,0.010681395169367417,0.00976887077231912
89.0,False,0.023495940452472375,0.03466995124025602,0.9401788924276775,0.5094339622641509,0.2037037037037037,05091,False,0.0021084112368027776,0.04276560703461009,0.03779377715365235
90.0,False,0.022579299785210376,0.0323361567638633,0.9589861859909521,0.5192307692307693,0.1509433962264151,05091,False,0.0017348517629580656,0.028983125412097306,0.02176264355017417
91.0,False,0.02069412065306125,0.028965877726001437,0.8343415628133853,0.49056603773584906,0.09259259259259259,05091,False,0.0012246832347223666,0.01012598772157314,0.011724670770836502
92.0,False,0.025258451761189737,0.03466071115776961,0.9020116189240224,0.5192307692307693,0.18867924528301888,05091,False,0.0023738762002298705,0.03585250555741347,0.03232775152942444
93.0,False,0.020923455621219663,0.030957215961479215,0.9193662761548299,0.4807692307692308,0.16981132075471697,05091,False,0.0014112133941142043,0.027691375333360215,0.026538483174708118
94.0,False,0.02217053146112967,0.03207131357938766,0.8818796025092225,0.5,0.1320754716981132,05091,False,0.0016578879082296048,0.0176688803387083,0.01783051706792369
95.0,False,0.022986314976205006,0.03019205870361201,0.9183755675089051,0.5094339622641509,0.14814814814814814,05091,False,0.0015727854046464135,0.026675130522563262,0.021130616341192145
96.0,False,0.022523331590267242,0.03171303082646481,0.8994734407489459,0.5384615384615384,0.1320754716981132,05091,False,0.0016664123407080387,0.019079886652817003,0.01783051706792369
97.0,False,0.02304717326088685,0.03283376498160728,0.8660708809558675,0.5283018867924528,0.14814814814814814,05091,False,0.0018461089728238963,0.019373936182022992,0.021130616341192145
98.0,False,0.1081975975317811,0.12787455155048535,0.30578382582670566,0.5283018867924528,0.18518518518518517,05091,False,0.22965401133596997,0.008505902360573298,0.03117055677312272
99.0,False,0.02285735668409351,0.03250973427648246,0.9321132673785075,0.5471698113207547,0.12962962962962962,05091,False,0.0017878792771913285,0.021213183016087787,0.017374823486880197
100.0,False,0.021965799823912197,0.02949560382370672,0.8949145468820703,0.4716981132075472,0.07407407407407407,05091,False,0.0013974486056441539,0.012253856624873665,0.009624269729420492
101.0,False,0.024298129275051865,0.031104828920532852,0.8940517806716795,0.5961538461538461,0.11320754716981132,05091,False,0.0018214274350103136,0.017343198642385815,0.014598254304602761
102.0,False,0.02488400914089396,0.03023045368486313,0.9443380220030407,0.46153846153846156,0.11320754716981132,05091,False,0.0017965721556635244,0.026036414625250148,0.014598254304602761
103.0,False,0.025559556621408287,0.03512232564425043,0.9577481930782249,0.5,0.20754716981132076,05091,False,0.002480844411417985,0.05433014111372264,0.03932890377567058
104.0,False,0.10307122922003645,0.11289687836288044,0.303300642664952,0.5283018867924528,0.16666666666666666,05091,False,0.1791293736247613,0.007478050032118457,0.025677057542381188
105.0,False,0.023170717801928538,0.0304575458822653,0.9400146071856231,0.5098039215686274,0.11538461538461539,05091,False,0.0016197677667638803,0.0219158352835024,0.014939558831272294
106.0,False,0.17756979751187102,0.2049898331018034,0.4334625045674889,0.4909090909090909,0.26785714285714285,05091,True,0.6190799380780476,0.044378621363697336,0.07270548556239478
107.0,False,0.24182749504506432,0.21294325078291887,0.5511201192498288,0.46551724137931033,0.3559322033898305,05091,True,0.7438609839869403,0.22366389716960453,0.16841845488990834
108.0,False,0.20562720109768762,0.16666952916526825,0.5136230060311658,0.5,0.2807017543859649,05091,False,0.5847892380670587,0.10515336606012882,0.08260572349870711
109.0,False,0.3678165366063472,0.7175617142356706,0.4530600853470805,0.9841269841269841,1.0,05091,True,0.982355805611856,0.9581016112597741,0.9952399150428228
110.0,False,0.19932853370020293,0.3116331480569888,0.5289900655531917,0.6037735849056604,0.46296296296296297,05091,True,0.8109366871716611,0.22429750337772664,0.39086915950557394
111.0,False,0.25876618216363895,0.48464244175394117,0.6557128190939141,0.8181818181818182,0.6607142857142857,05091,True,0.9375405888971969,0.7062736158243205,0.8438342678927114
112.0,False,0.35221549972788424,0.7028569371493859,0.5183764039907601,1.0,1.0,05091,True,0.9803433772872707,0.9658155789221807,0.9952399150428228
113.0,False,0.3528496735597622,0.7034660100156618,0.4922260461106582,1.0,1.0,05091,True,0.9804314544933996,0.9620002661994143,0.9952399150428228
114.0,False,0.35609091014657845,0.7108721791813299,0.43335794385151666,1.0,1.0,05091,True,0.9810840579317418,0.951847817704276,0.9952399150428228
115.0,False,0.34981360940306977,0.6991613871003021,0.4813845433763667,1.0,1.0,05091,True,0.979932542871,0.9599438007666423,0.9952399150428228
116.0,False,0.3438196351184758,0.6787753151545299,0.471562437749382,0.9830508474576272,1.0,05091,True,0.9782208176002414,0.9590019164267057,0.9952399150428228
117.0,False,0.2836030036708754,0.3742060712079153,0.6406986585187205,0.7407407407407407,0.6181818181818182,05091,True,0.9151782195260686,0.7183416327782279,0.7736025978978855
118.0,False,0.024781913630338798,0.03559078901662418,0.8946410788057635,0.5714285714285714,0.28,05091,False,0.002416565651950665,0.06892220470502963,0.08203452984332939
119.0,False,0.023068445595531055,0.03210472174304116,0.8944342544987165,0.56,0.21568627450980393,05091,False,0.0017733595397247464,0.03944608148037195,0.0427794287831411
0.0,False,0.02500323238900757,0.030220585700356482,0.8890429488106832,0.5,0.013333333333333334,05121,False,0.0020838592618439757,0.009412284815321827,0.005785809125333626
1.0,False,0.14184066951458132,0.21728922163660097,0.1856934465336216,0.45714285714285713,0.1267605633802817,05121,True,0.5663486523166654,0.0028886903333341144,0.018817658541671497
2.0,False,0.2814668866820468,0.45637273487267105,0.1792014752185604,0.5116279069767442,0.13636363636363635,05121,True,0.9391186464903509,0.004300328654427418,0.020775323097187284
3.0,False,0.3432628262703202,0.4715266618959369,0.39344073729150814,0.5833333333333334,0.40816326530612246,05121,True,0.9564530263492765,0.1353606325178232,0.2698714524374169
4.0,False,0.34533566688390777,0.3324437990952399,0.27266588649697404,0.5208333333333334,0.1836734693877551,05121,True,0.9171700643081452,0.018548999564670102,0.03371303430494716
5.0,False,0.01870900709263209,0.024871464614165485,0.893469833555372,0.5217391304347826,0.0,05121,False,0.000929760628837457,0.005978723208285158,0.005032806163749792
6.0,False,0.07885830816276936,0.12297545352535189,0.48825618134437837,0.5362318840579711,0.11428571428571428,05121,False,0.15235945200383993,0.005825585846986201,0.016542785632554145
7.0,False,0.09101090761194436,0.07370960773544538,0.3885620395147738,0.42857142857142855,0.04225352112676056,05121,False,0.07421402287800274,0.004903433317964747,0.007825777953389427
8.0,False,0.14176272573487544,0.188770765343159,0.5273913211564478,0.41333333333333333,0.14473684210526316,05121,True,0.49673493326232593,0.02207646268280567,0.022643940305372375
9.0,False,0.0684850289959454,0.09430674177476166,0.5034278791403369,0.4057971014492754,0.07142857142857142,05121,False,0.07958222030410138,0.005873772501346222,0.010605430336641885
10.0,False,0.062099333467622204,0.09256780122996672,0.3905283988030386,0.4264705882352941,0.07246376811594203,05121,False,0.06740393886645182,0.002822363975409867,0.010720247486105235
11.0,False,0.1004767893979582,0.11509854802912876,0.5225489981954964,0.37681159420289856,0.12857142857142856,05121,False,0.18311585557010773,0.017966959603223278,0.01917243613499089
12.0,False,0.0638454634065573,0.0926782074450092,0.4732799965614775,0.40298507462686567,0.058823529411764705,05121,False,0.07013682022755507,0.004133334651264765,0.009301290201338066
13.0,False,0.019897199195520385,0.022731302319893187,0.890820859545941,0.43478260869565216,0.0,05121,False,0.0008506039313508885,0.008706069370113582,0.005032806163749792
14.0,False,0.059019649754834744,0.08733196010925091,0.464044003414228,0.38235294117647056,0.10144927536231885,05121,False,0.05642466597464097,0.0056074766298848016,0.01448447835364355
15.0,False,0.08222218105812651,0.12147626880176926,0.5518118577266167,0.4057971014492754,0.1,05121,False,0.1571180057996844,0.010315929484962466,0.01426856544799164
16.0,False,0.02264205167361551,0.024429054827360047,0.9167010300940561,0.4411764705882353,0.0,05121,False,0.0011837442957695632,0.011273165965272502,0.005032806163749792
17.0,False,0.061005710657993796,0.09308976982290067,0.4534076371136645,0.36764705882352944,0.07246376811594203,05121,False,0.06648755496068173,0.004259029996170317,0.010720247486105235
18.0,False,0.05953828206285035,0.09014472652930834,0.4558125536637227,0.4264705882352941,0.043478260869565216,05121,False,0.06058911399153102,0.002860594401844707,0.007926398181940221
19.0,False,0.030860935362448428,0.04056743067880326,0.6713650853017259,0.3235294117647059,0.043478260869565216,05121,False,0.0050611480249459825,0.007128352913955817,0.007926398181940221
20.0,False,0.02680820332165728,0.02811016349950901,0.9005495481767218,0.35294117647058826,0.014492753623188406,05121,False,0.0019976425816183225,0.01701907074278578,0.00585635551129754
21.0,False,0.05540792755490806,0.08194177045718799,0.5528634008525172,0.391304347826087,0.04285714285714286,05121,False,0.0458691196487508,0.004788265714636115,0.007875209979916146
22.0,False,0.028516664267539557,0.027166164917677166,0.9079292886318415,0.44776119402985076,0.029411764705882353,05121,False,0.002042031560672972,0.01830117318610457,0.006844140700396055
23.0,False,0.060737605682444636,0.0897728099602571,0.3952911727846858,0.36231884057971014,0.04285714285714286,05121,False,0.06178320527782475,0.002565508833119981,0.007875209979916146
24.0,False,0.028132674008083076,0.021850006352583603,0.9116869372883813,0.391304347826087,0.0,05121,False,0.0013005438688479137,0.019484291774442403,0.005032806163749792
25.0,False,0.13881291324750467,0.15938509416798766,0.5752446685929081,0.47619047619047616,0.22727272727272727,05121,False,0.40625939226529584,0.054249652968491005,0.0522936045551619
27.0,False,0.11011586493947573,0.1077544968354283,0.3259604335923117,0.46153846153846156,0.025,05121,False,0.18346331595766172,0.0028076442240053674,0.00653594915233276
28.0,False,0.0319862178916045,0.037940413133383324,0.8134098248908125,0.4117647058823529,0.057971014492753624,05121,False,0.004670110337746734,0.014644688163127594,0.009219056702003568
29.0,False,0.028457846999401522,0.028737179255946987,0.9220239916890317,0.373134328358209,0.029411764705882353,05121,False,0.0022756931877733343,0.022140671641865534,0.006844140700396055
30.0,False,0.025840096015339445,0.03178680476221072,0.7896545122883879,0.417910447761194,0.014705882352941176,05121,False,0.002415798791492943,0.00723912666784621,0.005869416330501155
31.0,False,0.04530084359602351,0.05172083218977906,0.714528946092537,0.4,0.04225352112676056,05121,False,0.014188665539827186,0.01098452051675694,0.007825777953389427
32.0,False,0.02402611390214048,0.025165354964952005,0.8536851141791508,0.3333333333333333,0.0,05121,False,0.0013684617843809763,0.011549004152429739,0.005032806163749792
33.0,False,0.024019129757266555,0.025913640926498144,0.8798727823857843,0.37681159420289856,0.02857142857142857,05121,False,0.0014496696957275706,0.014790971755881113,0.006784345099814041
34.0,False,0.0639775315518064,0.08784613563420117,0.4738902877767868,0.391304347826087,0.05714285714285714,05121,False,0.06369376532219907,0.0044196505441446215,0.009139862538335982
35.0,False,0.11024052094830891,0.15392573908816107,0.574807232187056,0.40298507462686567,0.17647058823529413,05121,False,0.3135313796263847,0.029642350337499457,0.03133121321516516
36.0,False,0.0873245639959026,0.12978061665860097,0.5073506686024813,0.4057971014492754,0.11428571428571428,05121,False,0.18830436343244605,0.00983479298282926,0.016542785632554145
37.0,False,0.05889019762641968,0.08798810557127563,0.4469205962079214,0.3283582089552239,0.04411764705882353,05121,False,0.05704884479024314,0.0034972491094206375,0.007979436687747867
38.0,False,0.023944661912393594,0.02637287391678825,0.9046451794274402,0.36764705882352944,0.014492753623188406,05121,False,0.0014942732079753784,0.01473960197108169,0.00585635551129754
39.0,False,0.06512039565280867,0.09095584007823541,0.45987165475308484,0.3939393939393939,0.05970149253731343,05121,False,0.06958540154242385,0.00419073565483252,0.009386737924976235
40.0,False,0.030439655178028647,0.02822749475975721,0.8739913238525087,0.3582089552238806,0.029411764705882353,05121,False,0.002421758467099234,0.020671120646127028,0.006844140700396055
41.0,False,0.09447268190987987,0.12113755816138429,0.6166391955745626,0.39705882352941174,0.11594202898550725,05121,False,0.1849048675720622,0.020793802601518932,0.016828504333921482
42.0,False,0.03208971853948495,0.021829118071313745,0.9110967898366356,0.45454545454545453,0.014925373134328358,05121,False,0.0015713502537743047,0.023636567726649668,0.005882897290822005
43.0,False,0.06417844618385171,0.0947963260269332,0.4871496027854942,0.4153846153846154,0.09090909090909091,05121,False,0.07363282648513712,0.0056371382399785785,0.012984780774571098
44.0,False,0.10915754677158097,0.15477045460618888,0.5921231643042636,0.4,0.13636363636363635,05121,False,0.3127806021716053,0.022416814772542582,0.020775323097187284
45.0,False,0.08408080988869551,0.12681382812939845,0.5644263575536516,0.3582089552238806,0.08823529411764706,05121,False,0.17336105706856741,0.011053600647944875,0.012629375521860215
46.0,False,0.08726306672356204,0.09422383206710411,0.6712595415355082,0.423728813559322,0.13333333333333333,05121,False,0.10933847969936272,0.03219362026852244,0.02013695676628425
47.0,False,0.11425090307490335,0.12206768317919996,0.7463996802412373,0.375,0.13846153846153847,05121,False,0.23291194794486578,0.06549009734457782,0.021228829651430057
48.0,False,0.12031849064775876,0.10669152317630763,0.5237310071045066,0.3582089552238806,0.08823529411764706,05121,False,0.2003809988294788,0.019026037326700957,0.012629375521860215
49.0,False,0.2786403581314608,0.3139870061624229,0.5278507759379221,0.4647887323943662,0.375,05121,True,0.8785926967669534,0.23250940002874196,0.2068602872887686
50.0,False,0.17025784644951608,0.23637796506299596,0.29897731771840125,0.4375,0.06153846153846154,05121,True,0.6680888200164958,0.0036923507977650936,0.009568044172454484
51.0,False,0.12935171302743043,0.17599032361709718,0.339856421504262,0.2923076923076923,0.030303030303030304,05121,True,0.4291337856759447,0.003985088075013019,0.006908132276167092
52.0,False,0.06681770410915816,0.0939823028156578,0.53863399945085,0.3787878787878788,0.029850746268656716,05121,False,0.07651218269749145,0.0049517981724278015,0.006875585031538204
53.0,False,0.1303636062209823,0.15736410646151106,0.37601420209355263,0.391304347826087,0.1,05121,False,0.3784640158107688,0.007767609512590537,0.01426856544799164
54.0,False,0.06325758456771555,0.09301506102648743,0.4434899766414095,0.3333333333333333,0.029850746268656716,05121,False,0.06973045249327754,0.003208756864982314,0.006875585031538204
55.0,False,0.06443760634157573,0.09437233612047695,0.48108305762740844,0.4090909090909091,0.07462686567164178,05121,False,0.07342588303017362,0.004862285865598324,0.010964147459007145
56.0,False,0.08539171492156633,0.12607346412377726,0.45117724117788527,0.4696969696969697,0.05970149253731343,05121,False,0.17492437290541424,0.003926306562613585,0.009386737924976235
57.0,False,0.022837109866005446,0.025564598306097686,0.944579779406456,0.373134328358209,0.0,05121,False,0.0013115342765498436,0.014758661865701805,0.005032806163749792
58.0,False,0.15929154149215186,0.22275405032115236,0.5799079553534575,0.36065573770491804,0.25806451612903225,05121,True,0.6189158207625629,0.08675130984218496,0.07086853906273614
59.0,False,0.08643371303934895,0.07867091641788876,0.5357178068434866,0.4375,0.06153846153846154,05121,False,0.07802946373126554,0.010049079519779375,0.009568044172454484
60.0,False,0.03141230001612193,0.026777876350651212,0.8263479245033465,0.3283582089552239,0.014705882352941176,05121,False,0.0022835412041393834,0.017124668010165368,0.005869416330501155
61.0,False,0.040240433696552634,0.03087925409106083,0.923692091179358,0.3787878787878788,0.07462686567164178,05121,False,0.004334287493822547,0.05316655040203346,0.010964147459007145
62.0,False,0.15572432606355424,0.2020494789382663,0.4414948639109473,0.43859649122807015,0.13793103448275862,05121,True,0.5642454374706888,0.01427382258089028,0.021113243078440185
63.0,False,0.22726443643884678,0.24687599818703132,0.6561390530498009,0.4925373134328358,0.35294117647058826,05121,True,0.7695272770487054,0.2775236360200834,0.171379229239106
64.0,False,0.07924034617501506,0.09695459410646838,0.6294101838138336,0.43283582089552236,0.16176470588235295,05121,False,0.10146790040798788,0.027613918286772413,0.02696378599502941
65.0,False,0.057751858643285664,0.07762890621037488,0.6415241939963606,0.5362318840579711,0.22857142857142856,05121,False,0.04385242449992902,0.029789234876494895,0.05297446617036363
66.0,False,0.19876666991989128,0.32070109159621085,0.5247520874130704,0.39622641509433965,0.35185185185185186,05121,True,0.8220196761147522,0.13818708264567103,0.16975889002860825
67.0,False,0.27520315993277167,0.3476975637531059,0.4580248268429956,0.6,0.2608695652173913,05121,True,0.896925604309753,0.04804175678207675,0.07283525516816743
68.0,False,0.027394044031915633,0.029869563628576217,0.8423328152778796,0.38461538461538464,0.037037037037037035,05121,False,0.0023246100237599232,0.014296800034813468,0.007411215170105233
69.0,False,0.09031546259691074,0.13404184327477245,0.6021712269228626,0.47692307692307695,0.24242424242424243,05121,False,0.2061990891983869,0.04094973381087824,0.0607755693475289
70.0,False,0.04638064113416998,0.054589274991076304,0.812095762752345,0.4393939393939394,0.31343283582089554,05121,False,0.01630809068036926,0.15249526580909323,0.12012180178175787
71.0,False,0.09392275409635932,0.13652992057807112,0.6319126211289638,0.43283582089552236,0.27941176470588236,05121,False,0.22191281103525118,0.07412318584875482,0.0871471067171371
72.0,False,0.10010195711739303,0.16366521353605434,0.5388971728374021,0.4852941176470588,0.3188405797101449,05121,False,0.30956554038536516,0.05685433908375002,0.12626217660205186
73.0,False,0.11865226994099358,0.12897006944194406,0.6334641713208143,0.40625,0.4307692307692308,05121,False,0.26350620014768616,0.33908826181814555,0.31916882740860614
74.0,False,0.1003345687682829,0.16223460125023575,0.6357828345274651,0.5671641791044776,0.4117647058823529,05121,False,0.30657065492604535,0.15511563101123524,0.27739724220084067
75.0,False,0.05074531000708298,0.04845814340787356,0.9550792227063547,0.4857142857142857,0.23943661971830985,05121,False,0.014696398381988886,0.17748175907782457,0.05900705399891897
76.0,False,0.09061904479751216,0.13449545631836418,0.5338774061017525,0.4246575342465753,0.14864864864864866,05121,False,0.2081015167519698,0.014882237222029415,0.023572269489995086
77.0,False,0.03179826981790672,0.03674008962356969,0.9033637550559893,0.43243243243243246,0.09333333333333334,05121,False,0.004345490176413,0.029682434402186278,0.01331553574129988
78.0,False,0.09789978912378419,0.14719531479688938,0.6021358558477524,0.40540540540540543,0.14666666666666667,05121,False,0.26018909833458037,0.022230020844530435,0.023097365256490476
79.0,False,0.06223174110746879,0.08187324996959065,0.5121819492547695,0.3815789473684211,0.06493506493506493,05121,False,0.053767232578199424,0.005932883798001093,0.009912465740634977
80.0,False,0.027030173459992708,0.028128262322416428,0.9020626943528847,0.3424657534246575,0.013513513513513514,05121,False,0.002024263793644669,0.017648238454422545,0.005796716710555333
81.0,False,0.12008974343116709,0.17125773842912118,0.3419635427102676,0.43243243243243246,0.10666666666666667,05121,True,0.3899564606730651,0.005132509319502176,0.015288749191578115
82.0,False,0.05989594903070599,0.09201042661731994,0.47246840165151777,0.36486486486486486,0.06666666666666667,05121,False,0.06346048175184771,0.0043784740554907095,0.010092748627943288
83.0,False,0.0588076306760277,0.08835336795426689,0.46727796088102985,0.36486486486486486,0.06666666666666667,05121,False,0.057382314420518984,0.004294068210006671,0.010092748627943288
84.0,False,0.07216848420745266,0.10149739788680247,0.5786241400218005,0.4305555555555556,0.0821917808219178,05121,False,0.09743596461706881,0.008946157507379694,0.011861067541087927
85.0,False,0.046526670820346686,0.05713194532119446,0.6911459645560921,0.4383561643835616,0.06756756756756757,05121,False,0.01790287685797828,0.010715574855259187,0.010187824126116067
86.0,False,0.132133544879354,0.2008877717017884,0.6282207582711025,0.49295774647887325,0.2638888888888889,05121,True,0.5020372958592437,0.06893567317564128,0.07500831494384284
87.0,False,0.10590727479749348,0.1583387597099329,0.6073978150596071,0.4084507042253521,0.20833333333333334,05121,False,0.31305843650603155,0.041046290276462165,0.043260102273192366
88.0,False,0.1180862319655598,0.1616405080620514,0.6579107383824532,0.38461538461538464,0.22784810126582278,05121,False,0.3574025673442928,0.0750275973921419,0.052594226030034566
89.0,False,0.08518903386368308,0.11963441548933647,0.6623342178873941,0.3670886075949367,0.0875,05121,False,0.15994744954254747,0.018497377935280734,0.012533334093323441
90.0,False,0.08892518823793805,0.13809352401104039,0.5250995341913477,0.4358974358974359,0.16455696202531644,05121,False,0.21224557564243418,0.015133293307479513,0.027744834228061142
91.0,False,0.09595681313851159,0.1401923671930433,0.6223559913388546,0.5131578947368421,0.11688311688311688,05121,False,0.2366978797967804,0.014784823227544854,0.016992999657855373
92.0,False,0.061075272635418294,0.09233866440322037,0.4480473261901127,0.4189189189189189,0.10666666666666667,05121,False,0.06559803261057723,0.005015567652830589,0.015288749191578115
93.0,False,0.1049239075692822,0.15560081199242345,0.6756433687070194,0.5,0.25333333333333335,05121,False,0.30279174748185905,0.06671284019444851,0.06766219311939889
94.0,False,0.08204090178817272,0.11617130634136556,0.6024793972954716,0.410958904109589,0.12162162162162163,05121,False,0.14533617799550308,0.01628886661969444,0.017845560577661613
95.0,False,0.08810449694577495,0.13902727072116133,0.5422591910758726,0.4,0.18421052631578946,05121,False,0.21222805260046024,0.02078969640182199,0.03389746745632418
96.0,False,0.03533902512172106,0.03963024521000112,0.9307240415452878,0.49295774647887325,0.09722222222222222,05121,False,0.005878875658358409,0.033669829677310116,0.013863561578450624
97.0,False,0.08297064952146833,0.11288840355633975,0.5168441518733861,0.43478260869565216,0.17142857142857143,05121,False,0.14037630648649319,0.016506932676263405,0.029761681088985397
98.0,False,0.13731985833901308,0.19761483845013844,0.3108696000819192,0.4084507042253521,0.125,05121,True,0.5078789629893006,0.00604443983365752,0.01847891236139506
99.0,False,0.1389046793971611,0.22035809825581637,0.6958136725454157,0.48,0.25,05121,True,0.5657164100527917,0.08579288661036195,0.06548451305432763
100.0,False,0.028364350086436764,0.030248226511908883,0.9420441909776509,0.35,0.0,05121,False,0.0025067156035291083,0.018930480960962417,0.005032806163749792
101.0,False,0.08345385452655336,0.1260176239028193,0.5464060023557372,0.4050632911392405,0.1625,05121,False,0.1700359888603625,0.017293768550051096,0.027167363972615797
102.0,False,0.10581663744877523,0.15721364838842425,0.6714785086287485,0.44871794871794873,0.21518987341772153,05121,False,0.3097567667345393,0.053656347889904685,0.04634402422358327
103.0,False,0.05137611665209042,0.06564969504691247,0.5943751861708073,0.3333333333333333,0.023529411764705882,05121,False,0.02699371387161253,0.006088571053021361,0.00643631387026318
104.0,False,0.21931800930419817,0.32089068105998536,0.617238589187106,0.5384615384615384,0.5316455696202531,05121,True,0.842148610331231,0.5103066297001194,0.5751822603676812
105.0,False,0.1549819408112351,0.20694774286204465,0.6406940894802328,0.527027027027027,0.4,05121,True,0.5741986388688943,0.23606420547346954,0.2532971496285208
106.0,False,0.10182617024379452,0.14704709379325595,0.6001720537035027,0.39473684210526316,0.15584415584415584,05121,False,0.2709478036503695,0.02608764532361264,0.025377786652323098
107.0,False,0.11009875453037572,0.1770029712257463,0.6053453523113371,0.39473684210526316,0.18181818181818182,05121,False,0.37559557102280694,0.03232339574440278,0.03308332505688558
108.0,False,0.1545187651871127,0.25725827268984736,0.7775270937928429,0.42857142857142855,0.358974358974359,05121,True,0.6740448036864309,0.30239055687076327,0.18057591649013413
109.0,False,0.11885414192600922,0.18268484222636816,0.6738722667278285,0.3875,0.2345679012345679,05121,False,0.41718569715604764,0.07729295302582845,0.056228056432259366
110.0,False,0.1604150972868474,0.25800342233413287,0.7369855196620432,0.4691358024691358,0.3170731707317073,05121,True,0.6871265141460939,0.190909027929644,0.12422633420808675
111.0,False,0.2902060760649351,0.4356027624938531,0.7133688636366403,0.6296296296296297,0.7195121951219512,05121,True,0.9363162188747295,0.8961250293290445,0.9070612754661658
112.0,False,0.14096079042754914,0.22644949099744888,0.7149507979342645,0.47619047619047616,0.29411764705882354,05121,True,0.5841598407883066,0.1334226820878651,0.10025824351050831
113.0,False,0.09585622340985207,0.13657933961162483,0.620763994626042,0.38095238095238093,0.18823529411764706,05121,False,0.22719594366100954,0.037954844213952434,0.03531094092076507
114.0,False,0.21547378661320704,0.37093042863963205,0.8517984460983243,0.6352941176470588,0.6976744186046512,05121,True,0.873933696692736,0.9063252565768201,0.8858127249824961
115.0,False,0.3099901688435124,0.5927056703773632,0.5801853584637726,0.9186046511627907,0.9655172413793104,05121,True,0.9675511067505311,0.9446323600547742,0.992345547739675
116.0,False,0.24208705632379726,0.43200680185939044,0.7019458644192075,0.6125,0.5432098765432098,05121,True,0.9174362248715624,0.5689242041803607,0.6045869707767421
117.0,False,0.22613367580691238,0.4140253133547158,0.7675826564399133,0.6666666666666666,0.620253164556962,05121,True,0.9024309233839762,0.7459784024068442,0.7746319554037833
118.0,False,0.19318470824722642,0.34741063937877453,0.6549729227303123,0.5,0.3924050632911392,05121,True,0.8385458223549883,0.23083706958367664,0.23849330812438196
119.0,False,0.19739596674263585,0.34646188354402113,0.6502192821024667,0.5625,0.4691358024691358,05121,True,0.8420247450593729,0.3417127252687676,0.4123630104741799
0.0,False,0.22229284939344507,0.40079281920945115,0.709462666119838,0.5522388059701493,0.4852941176470588,05261,True,0.9151331359579455,0.5068864561298954,0.46601616776547916
1.0,False,0.355822702253955,0.5333462671123124,0.829316489772213,0.5915492957746479,0.7638888888888888,05261,True,0.9735411382755391,0.9750282854546481,0.9488505531026467
2.0,False,0.24741864319902754,0.4228267305301907,0.7098057269817611,0.5352112676056338,0.5555555555555556,05261,True,0.9326812467262013,0.712394687612278,0.6535631946247223
3.0,False,0.22999408429699136,0.3551353403037725,0.709895404599432,0.47368421052631576,0.42857142857142855,05261,True,0.8922068700150688,0.4778757090548921,0.3189748807954646
4.0,False,0.2427123709861284,0.4113504842720008,0.755820195824939,0.618421052631579,0.5584415584415584,05261,True,0.9268289251746401,0.6929222762379144,0.6606972695317895
5.0,False,0.13907277732331305,0.2562626906247854,0.5728672685016688,0.5833333333333334,0.273972602739726,05261,True,0.6790105618766887,0.039514964463270894,0.07909615654615443
6.0,False,0.08846399859437595,0.0854454227996857,0.4973606446130719,0.4520547945205479,0.04054054054054054,05261,False,0.07686118574970144,0.005347694484680024,0.006588451523079049
7.0,False,0.020717657768785137,0.015093749612311082,0.7426825776687975,0.2876712328767123,0.0,05261,False,0.0002251465992159639,0.009146583425154247,0.004232911281960133
8.0,False,0.012124330305694042,0.010576618248152012,0.7774440354917632,0.3698630136986301,0.0,05261,False,5.160872898569114e-05,0.004664048924921883,0.004232911281960133
9.0,False,0.12071370277257187,0.19969376048726506,0.6238098146152066,0.3611111111111111,0.2465753424657534,05261,True,0.4930290944305657,0.0856642393977435,0.0597888917456545
10.0,False,0.01673182840665985,0.01203891216702504,0.7988748787636931,0.40540540540540543,0.0,05261,False,0.00010139219713734025,0.006459157302878221,0.004232911281960133
11.0,False,0.11086756481916782,0.1804519619593008,0.6185771693758136,0.5138888888888888,0.1643835616438356,05261,False,0.4076409556678047,0.02054618283823997,0.025158866026538128
12.0,False,0.1947692821656566,0.3223123673376012,0.7110601703854483,0.5147058823529411,0.6086956521739131,05261,True,0.8441878817289108,0.7968807945265473,0.7716714810374982
13.0,False,0.09651198193268945,0.1410959481997697,0.621670733747904,0.3384615384615385,0.21212121212121213,05261,False,0.24246826993627194,0.0624863137026495,0.0417542401637362
14.0,False,0.05037379502027287,0.025344374644906277,0.8342595583350552,0.47761194029850745,0.058823529411764705,05261,False,0.0021636897597739854,0.028694303150581933,0.00804017235235767
15.0,False,0.04455902349852848,0.034889990711532884,0.7955033955348867,0.417910447761194,0.08823529411764706,05261,False,0.004191754926550735,0.027424695651098747,0.011068340037972593
16.0,False,0.018571605969387874,0.018793022467767474,0.8723893120785757,0.32857142857142857,0.0,05261,False,0.0003451349265666946,0.010568062308074161,0.004232911281960133
17.0,False,0.051807330210911495,0.029022081127080022,0.8443932415281835,0.3283582089552239,0.04411764705882353,05261,False,0.003125521887824576,0.04398337010862408,0.006850361557634976
18.0,False,0.024946029214838888,0.02142005407830206,0.8444042277988396,0.4411764705882353,0.0,05261,False,0.0006603559095057739,0.008236606272338055,0.004232911281960133
19.0,False,0.06869781850826306,0.10939705798775896,0.5222821004041286,0.5416666666666666,0.1232876712328767,05261,False,0.1047213181125135,0.005640626493805447,0.016175433353528775
20.0,False,0.03204619500074815,0.021244963696003753,0.7922921767746857,0.42857142857142855,0.0,05261,False,0.0008506781108554718,0.009689771346985182,0.004232911281960133
21.0,False,0.12888298342432045,0.2223822680977255,0.5944065415004941,0.4647887323943662,0.2916666666666667,05261,True,0.5774261739375579,0.07918075313980466,0.09444261637390941
22.0,False,0.09217009408077866,0.13184137686550354,0.5637920529701654,0.45588235294117646,0.10144927536231885,05261,False,0.2044363273209719,0.010329204313175131,0.012773115919548265
23.0,False,0.041558202761981716,0.06597288628749286,0.43342559327122415,0.4166666666666667,0.0410958904109589,05261,False,0.018755907431038922,0.0018805017451888958,0.006628451297439038
24.0,False,0.11822198916428488,0.19703196490250105,0.5856134762385917,0.5352112676056338,0.2916666666666667,05261,False,0.4789684419647327,0.056538729579498785,0.09444261637390941
25.0,False,0.14941072311871723,0.24394293416858598,0.6395427887408393,0.5588235294117647,0.2753623188405797,05261,True,0.6692344054070263,0.06726949051630077,0.08021393432845642
26.0,False,0.020215300445473122,0.018761593799448632,0.8602542301143115,0.5070422535211268,0.0,05261,False,0.0003770872707262211,0.00556876787605029,0.004232911281960133
27.0,False,0.21469180938795962,0.35926396326570925,0.7546093008538908,0.5142857142857142,0.704225352112676,05261,True,0.8876564032685296,0.9297763054252989,0.9060125648654949
28.0,False,0.22757914610685623,0.3761872219371888,0.7481683661521836,0.5223880597014925,0.6911764705882353,05261,True,0.9042718200476635,0.9200179481509726,0.8930923185206483
29.0,False,0.19546563557518767,0.2808871570323881,0.5249270207426555,0.5,0.42028985507246375,05261,True,0.7941959940159168,0.2280710243069649,0.29956935833860776
30.0,False,0.18658669429358643,0.3119851793237993,0.6871989773470921,0.6,0.5211267605633803,05261,True,0.8265736859820502,0.5025406354172384,0.5638982040003564
31.0,False,0.23478191548681912,0.3710072239075739,0.698801366541719,0.5428571428571428,0.8169014084507042,05261,True,0.9042271732082755,0.9684894081586348,0.9707484424423917
32.0,False,0.11751570505110646,0.1827792857697102,0.5656144559994506,0.4383561643835616,0.25675675675675674,05261,False,0.4309283934319032,0.055898736611653725,0.0663859549536441
33.0,False,0.16046059926684214,0.27058568485263823,0.6014749489877564,0.5694444444444444,0.5342465753424658,05261,True,0.7391135149314899,0.43538235112242907,0.5989144676830624
34.0,False,0.1468296896396092,0.24863717145722122,0.5730814515275118,0.5405405405405406,0.4266666666666667,05261,True,0.6755116257573424,0.19600490854131558,0.3144524003966247
35.0,False,0.2905200508129499,0.4573610070072122,0.5493558186383377,0.6486486486486487,0.8666666666666667,05261,True,0.9525801921594854,0.9502486256722208,0.9828446608107628
36.0,False,0.13575267500370863,0.235656853093308,0.6293469520025974,0.47368421052631576,0.4025974025974026,05261,True,0.625664715561348,0.232839546371281,0.26048201042148844
37.0,False,0.25676160571597906,0.44342609174573694,0.7473203714198647,0.6666666666666666,1.0,05261,True,0.942015312827131,0.9931657261494542,0.995974323712056
38.0,False,0.26743896874722956,0.4495479313748229,0.6879713480277806,0.6623376623376623,1.0,05261,True,0.9461709878742448,0.9915409858913742,0.995974323712056
39.0,False,0.1565035941368363,0.1721729988918355,0.5002434751400623,0.42391304347826086,0.17204301075268819,05261,True,0.4715638585200454,0.030177453623517304,0.027304293148720668
40.0,False,0.1803609576515682,0.2424586696715198,0.7108516551769059,0.5604395604395604,0.44565217391304346,05261,True,0.7100016317137134,0.41496860849168027,0.36098700218806384
41.0,False,0.183244635154401,0.2692782690232365,0.784160295204067,0.6382978723404256,0.7789473684210526,05261,True,0.7639559246925512,0.9498748204018712,0.9562996847264024
42.0,False,0.19384381654543448,0.28215870338007126,0.7822703706739318,0.6458333333333334,0.9896907216494846,05261,True,0.7945482544561993,0.9935401544586322,0.9954944014119353
43.0,False,0.20038368659228553,0.256371466143599,0.8216457709707976,0.5980392156862745,0.8252427184466019,05261,True,0.7594621305613122,0.9801030450362541,0.9732381772754374
44.0,False,0.13275238825321942,0.2258261446184911,0.8215446252160589,0.6630434782608695,0.989247311827957,05261,True,0.5945744607746053,0.991546491432583,0.9954725280296709
45.0,False,0.19257765290650122,0.32392067376554434,0.8341015879794055,0.6463414634146342,0.891566265060241,05261,True,0.8441934458355356,0.9852875354405362,0.9868919156660941
46.0,False,0.22896809146496183,0.39654087093264423,0.682533933570296,0.6707317073170732,1.0,05261,True,0.9155785338989239,0.9897563632800145,0.995974323712056
47.0,False,0.12233154751463222,0.20411948392816606,0.5305883352328321,0.5185185185185185,0.23170731707317074,05261,True,0.5103397238078948,0.02719213671077303,0.05125089296162705
48.0,False,0.09217809745092959,0.1572629043626578,0.5669132281667639,0.5,0.21176470588235294,05261,False,0.28520314545730546,0.022936323478485007,0.04159801954371269
49.0,False,0.03351553813883929,0.0389570856369533,0.7071661428919755,0.43209876543209874,0.036585365853658534,05261,False,0.004042565550583796,0.006485558325066587,0.006310427199275604
50.0,False,0.16037445791063487,0.26378614876895384,0.7846937472943946,0.5454545454545454,0.5641025641025641,05261,True,0.7265687647248847,0.7336438178808804,0.6744790100279174
51.0,False,0.2059113923465173,0.35408505221073416,0.7513903608998943,0.6351351351351351,0.7866666666666666,05261,True,0.8792266586129582,0.9455289847949836,0.9597054224772799
52.0,False,0.16563194510238072,0.282900377153491,0.6319892798601766,0.5675675675675675,0.48,05261,True,0.7662212186229843,0.34740329149253213,0.4515944687679779
53.0,False,0.09742702891766832,0.16299009319549368,0.5525745706128534,0.49333333333333335,0.21052631578947367,05261,False,0.31669893304612867,0.02294665990452009,0.041059691951380595
54.0,False,0.19560453886756746,0.3097621372822099,0.6629476388237523,0.5211267605633803,0.5138888888888888,05261,True,0.8313625611793053,0.5521122672800167,0.5442803495848345
55.0,False,0.059837507850699585,0.019880563320225406,0.7496309834635667,0.4583333333333333,0.0,05261,False,0.0014262357579274691,0.017674906472935303,0.004232911281960133
56.0,False,0.11466655537238644,0.18747167130767017,0.6083022031959742,0.6338028169014085,0.16666666666666666,05261,False,0.43987619742498263,0.01280062683236356,0.025780588437337715
57.0,False,0.021108171537056637,0.01474604041507372,0.9633935478418817,0.4857142857142857,0.0,05261,False,0.00021681319059099839,0.012281605055937094,0.004232911281960133
58.0,False,0.0173900683490851,0.016598508563582096,0.9217298094525184,0.5205479452054794,0.013513513513513514,05261,False,0.00023565111754272558,0.0070760028635691915,0.004906099812399443
59.0,False,0.13674072351314864,0.23240480691819276,0.5532946846909593,0.4142857142857143,0.352112676056338,05261,True,0.6193816493719179,0.14242412216103853,0.16835012294403606
60.0,False,0.03409049181674674,0.023891499021337838,0.9017094906769387,0.4027777777777778,0.0,05261,False,0.0012195135290381475,0.017986074658017756,0.004232911281960133
61.0,False,0.04027743879722758,0.02251919091028361,0.8783488902492875,0.34285714285714286,0.0,05261,False,0.0012626538444737102,0.026706869564963685,0.004232911281960133
62.0,False,0.05401478231039156,0.07672824433748578,0.5040227447784654,0.38028169014084506,0.05555555555555555,05261,False,0.03578460129459189,0.004563462899291247,0.0077591955472554415
63.0,False,0.026657163248302553,0.021000814565787698,0.8901115274319346,0.4722222222222222,0.0,05261,False,0.0006758729304317453,0.010041243686330713,0.004232911281960133
64.0,False,0.07340283165445426,0.08110002394970096,0.47622143442954923,0.43243243243243246,0.05333333333333334,05261,False,0.056246903000871575,0.004727878030843296,0.007573718209068774
65.0,False,0.11571247740283734,0.10684144259952896,0.4625057176637008,0.42857142857142855,0.07058823529411765,05261,False,0.1632037044123743,0.008389932796937945,0.009137817970296851
66.0,False,0.15437119245188088,0.16029602628362363,0.49107656447783565,0.42857142857142855,0.15384615384615385,05261,False,0.42379786954422394,0.024542130694628034,0.02247375561683582
67.0,False,0.05237631941864177,0.035171154069514,0.8777268355854247,0.36764705882352944,0.07246376811594203,05261,False,0.005098837607594555,0.05151875000422098,0.009326029401407854
68.0,False,0.09553169291787796,0.09576006417540842,0.4378321380026936,0.391304347826087,0.04285714285714286,05261,False,0.10741935817994645,0.005423458953261682,0.006756910177247158
69.0,False,0.09413469360735816,0.09471834484084593,0.3766390995337063,0.3380281690140845,0.041666666666666664,05261,False,0.10332842651979851,0.004897669280023274,0.006669813550428449
70.0,False,0.29888980369323925,0.45559900895143746,0.7731813990142065,0.7037037037037037,0.6585365853658537,05261,True,0.9535389768938621,0.8547114866215192,0.8537861933244855
71.0,False,0.1709425590625065,0.2541100354305459,0.5328568550505891,0.4225352112676056,0.2777777777777778,05261,True,0.7218863414123476,0.08278235659458964,0.08219109161848022
72.0,False,0.028392270381219626,0.021376009585271197,0.8971840816426034,0.3787878787878788,0.014925373134328358,05261,False,0.0007567776715046844,0.018683401136835448,0.004982307497329008
73.0,False,0.14090937389860309,0.22617079559348208,0.595765485812672,0.5428571428571428,0.2535211267605634,05261,True,0.6110980213567667,0.04652353640807257,0.06421927277445096
74.0,False,0.3561847979304271,0.4763288697332692,0.8266850986045634,0.7105263157894737,0.7792207792207793,05261,True,0.9652557814763654,0.9680029450328274,0.9564248753756315
75.0,False,0.1871763456147219,0.33792511357306215,0.5827703490857196,0.7101449275362319,0.38571428571428573,05261,True,0.8537414867863102,0.09021826279452734,0.22640895135250183
76.0,False,0.16459566132202097,0.22078458296708134,0.451948342333022,0.4788732394366197,0.16666666666666666,05261,True,0.6368511066607053,0.016818455191187298,0.025780588437337715
77.0,False,0.37502471813584487,0.4157778209296052,0.8299585039593556,0.5671641791044776,0.6617647058823529,05261,True,0.9544161758725626,0.9525137540269996,0.8581524211857032
78.0,False,0.05882808382760207,0.08123420569390798,0.5286900006731446,0.3380281690140845,0.041666666666666664,05261,False,0.04487060630580804,0.0057309908240075445,0.006669813550428449
79.0,False,0.019303115712455923,0.0124548034106691,0.8839610371396213,0.4305555555555556,0.0,05261,False,0.0001290299814702622,0.01040938001244367,0.004232911281960133
80.0,False,0.11405023719025244,0.19178687480705145,0.3680146053271997,0.38666666666666666,0.15789473684210525,05261,False,0.4524486793905446,0.009871237777299664,0.023470577039031333
81.0,False,0.14722242857844683,0.2384942842794971,0.45316361216398676,0.44285714285714284,0.2112676056338028,05261,True,0.6529950128090255,0.024395703173984002,0.04138112389074198
82.0,False,0.15551057829049847,0.24372481479847175,0.5121556194981477,0.43661971830985913,0.2638888888888889,05261,True,0.6783621844399784,0.05722832123225874,0.07140357144756661
83.0,False,0.062065868907126,0.0875163856161793,0.4612047443741514,0.4722222222222222,0.0410958904109589,05261,False,0.05659242315330984,0.002499488779290025,0.006628451297439038
84.0,False,0.08903058724921065,0.14245439952058234,0.3926995097855829,0.3972602739726027,0.10810810810810811,05261,False,0.2308472559687115,0.0056311693798442525,0.013727942985596547
85.0,False,0.05593011360710058,0.0923819032338827,0.3428129078348666,0.39436619718309857,0.041666666666666664,05261,False,0.05773197961951079,0.0016298023527531115,0.006669813550428449
86.0,False,0.09300810524841835,0.14749154154560618,0.5225446686792604,0.27631578947368424,0.11688311688311688,05261,False,0.2555862003144228,0.01880826412401507,0.015094392271064985
87.0,False,0.10568032100398825,0.1757766897705478,0.5746800802798604,0.36,0.14473684210526316,05261,False,0.3795110398094379,0.024027857208631338,0.020379792112078746
88.0,False,0.052733200850370705,0.08469385309672636,0.31433222851031983,0.375,0.0410958904109589,05261,False,0.04420829105379965,0.0014938768138550234,0.006628451297439038
89.0,False,0.05283801848177593,0.0850327866114646,0.34785978114105953,0.2602739726027397,0.04054054054054054,05261,False,0.044723935667340224,0.0027435113695978217,0.006588451523079049
90.0,False,0.09428773878552826,0.1602161131971065,0.39213862789555726,0.4,0.11842105263157894,05261,False,0.29992994238948495,0.006155043654177916,0.015347309343788688
91.0,False,0.07774052817785512,0.1268204905750928,0.40358753175311296,0.32,0.07894736842105263,05261,False,0.16221074911777847,0.005398275207284811,0.010006729459931177
92.0,False,0.0929237470799317,0.15931629817899132,0.5071699757979338,0.3783783783783784,0.14666666666666667,05261,False,0.29367124398376604,0.01488901204455915,0.020806827462068165
93.0,False,0.16094938142647608,0.29321049019199946,0.671107619285406,0.4342105263157895,0.36363636363636365,05261,True,0.7764399577742556,0.24383548830047316,0.18680103138832752
94.0,False,0.1901666940155673,0.29396963936478543,0.5070432813329211,0.4342105263157895,0.3246753246753247,05261,True,0.8075122368876245,0.11323116774732159,0.13028981444875826
95.0,False,0.19378895209264266,0.35857349263396276,0.6867646785163333,0.5263157894736842,0.44155844155844154,05261,True,0.87546790510985,0.37107941796365246,0.3506922245496864
96.0,False,0.23744670598401524,0.37805372856345415,0.7686496933576057,0.5747126436781609,0.6136363636363636,05261,True,0.9092396538127965,0.8349149791336358,0.7810817112399263
97.0,False,0.1752260358025671,0.22067133431873312,0.5407547151918587,0.42168674698795183,0.2619047619047619,05261,True,0.6522376427248219,0.08392706578108042,0.06997356439989273
98.0,False,0.024087109051660033,0.019158456175877723,0.8930019257427754,0.32894736842105265,0.025974025974025976,05261,False,0.0004811827405400744,0.0212166100718265,0.00562079559495801
99.0,False,0.12722855806312658,0.2123304930245964,0.5646027770489856,0.5526315789473685,0.2727272727272727,05261,True,0.5455451521760254,0.042383795917356165,0.07810662652470084
100.0,False,0.14337640750309336,0.2462800204615201,0.6427040085123336,0.4935064935064935,0.3333333333333333,05261,True,0.6645029540125329,0.1363320180430638,0.14143695211491394
101.0,False,0.2190464972228646,0.39412478785426347,0.6590560065223698,0.55,0.6049382716049383,05261,True,0.9105231087903264,0.7256456971610513,0.7643266979789803
102.0,False,0.15977854827100377,0.28624971762382345,0.5633648940379533,0.5,0.37037037037037035,05261,True,0.764427947590543,0.13827095803843623,0.19828487364404124
103.0,False,0.059556064282645836,0.10453108213814623,0.45456477647887383,0.375,0.06172839506172839,05261,False,0.08199652713365764,0.003649249070762428,0.008298388601855632
104.0,False,0.08295716724389357,0.14335565525743726,0.4537723859314253,0.3780487804878049,0.12048192771084337,05261,False,0.2201020138106213,0.008238114902515085,0.0156927757492135
105.0,False,0.03638981474462202,0.05723733189891041,0.3603272066017808,0.3125,0.037037037037037035,05261,False,0.011464950587351086,0.0017668830230024417,0.006341577828150779
106.0,False,0.12376700672791321,0.21338148207392604,0.6121458996053963,0.47560975609756095,0.25301204819277107,05261,True,0.5411164177142161,0.05602541121277708,0.06388443118866512
107.0,False,0.036227646886305934,0.05387983979118769,0.5034203941259846,0.3493975903614458,0.03571428571428571,05261,False,0.009828109697208263,0.0030624644977789287,0.0062507797287450935
108.0,False,0.09981808593674456,0.1684755231391788,0.6684655361954718,0.5113636363636364,0.25842696629213485,05261,False,0.34076591633082287,0.057877512585832944,0.06753077963342995
109.0,False,0.18788750915730645,0.2914372866453438,0.720181408504908,0.5483870967741935,0.5957446808510638,05261,True,0.8020495293749158,0.7623846561361336,0.7456755747756668
110.0,False,0.11401069686775252,0.16468204422801494,0.40338123738095827,0.45348837209302323,0.20689655172413793,05261,False,0.36093525986147884,0.016009692877192033,0.03951999464190802
111.0,False,0.21311930269034,0.3402858880765156,0.8304159099678947,0.5638297872340425,0.6842105263157895,05261,True,0.87253715204674,0.9291105553922461,0.8855728520096671
112.0,False,0.20980327633281654,0.3846446024050186,0.7028094663585157,0.6421052631578947,0.7291666666666666,05261,True,0.9013345163762635,0.8805774614833111,0.9268676176295424
113.0,False,0.19145140671147537,0.317413668957382,0.7454075732209756,0.6185567010309279,0.5408163265306123,05261,True,0.8365422967622865,0.6060861540876448,0.6160995107134418
114.0,False,0.16244034654839795,0.24453432164142888,0.6885674199889509,0.5,0.3333333333333333,05261,True,0.6904467264093193,0.18638599598652425,0.14143695211491394
115.0,False,0.2045131332771712,0.3376540959190561,0.817840450766055,0.6534653465346535,0.5686274509803921,05261,True,0.8651953640006411,0.7232683449607996,0.6852832211786424
116.0,False,0.21706546096850526,0.34766220472208276,0.8228693541099236,0.65,0.5544554455445545,05261,True,0.8804974853584915,0.7155348929149145,0.6508252782125218
117.0,False,0.1375938063432457,0.185209105486006,0.4873325588260784,0.36666666666666664,0.25274725274725274,05261,True,0.48185588660404155,0.06082352326633246,0.06371090828122755
118.0,False,0.15263587492708358,0.2562598488891557,0.6131055634952185,0.5697674418604651,0.42528735632183906,05261,True,0.7007715595401682,0.2111678036005725,0.31119927719791796
119.0,False,0.11843157325548266,0.20557909627416932,0.7337106408578846,0.6547619047619048,0.4,05261,False,0.5059266379314447,0.17584173298089234,0.2550300302008695
0.0,True,0.2376872751249806,0.28515040040434575,0.9035501465703237,0.65,0.7037037037037037,06426,True,0.8331846929299782,0.9534388959644109,0.9033494446764085
1.0,True,0.2548832953136327,0.3726573989536351,0.7580874330602584,0.6282051282051282,0.7974683544303798,06426,True,0.8985098918341514,0.958262428972183,0.9615164452989955
2.0,True,0.20873694509427912,0.2746926558336329,0.8787416195214481,0.6666666666666666,0.7926829268292683,06426,True,0.79314416100343,0.971325958671939,0.9596159312970344
3.0,True,0.20462915645810065,0.23847270089435255,0.882940170815534,0.6233766233766234,0.7307692307692307,06426,True,0.7441633679095775,0.9596554508577156,0.9254515884718901
4.0,True,0.2127830069319964,0.3309278543632128,0.9391393975487585,0.6153846153846154,0.8227848101265823,06426,True,0.8451620592805894,0.9816111659481912,0.970222270913435
5.0,True,0.19604243031777907,0.27068609106573094,0.9438989084008578,0.7051282051282052,0.7974683544303798,06426,True,0.7724322308452305,0.9754305327977543,0.9615164452989955
6.0,True,0.1941386874186056,0.2633108587369563,0.8796444225407265,0.618421052631579,0.7662337662337663,06426,True,0.7611694179322075,0.9641579893620027,0.9473865687290823
7.0,True,0.20691876458999514,0.3334680606060768,0.8961714865011624,0.684931506849315,0.918918918918919,06426,True,0.8412453068210658,0.9890079180777138,0.9889245288476197
8.0,True,0.2395061255919985,0.36272626309493616,0.9109771372178193,0.72,0.8552631578947368,06426,True,0.8847575695329744,0.9832146045112006,0.9786339013906875
9.0,True,0.24808209572995216,0.34062959026537304,0.847378393185417,0.581081081081081,0.7733333333333333,06426,True,0.879007668529489,0.9685328979872851,0.9509763406245894
10.0,True,0.17931206939718944,0.2763863863314351,0.9357744800637736,0.7272727272727273,0.7307692307692307,06426,True,0.7542355504907621,0.9435295949871964,0.9254515884718901
11.0,True,0.21849456031952186,0.3154562158284359,0.8455582656602837,0.6962025316455697,0.7625,06426,True,0.8395134708666706,0.9515186591409373,0.9454003613047209
12.0,True,0.235061940115475,0.3326210857704179,0.8861072462172995,0.6153846153846154,0.810126582278481,06426,True,0.865172329391769,0.9781501577569963,0.9661383044620668
13.0,True,0.20004775788491083,0.27497219775638054,0.8770643136103395,0.6883116883116883,0.8589743589743589,06426,True,0.7825276527929161,0.9822507605413614,0.9794326789199528
14.0,True,0.25299652490670865,0.3669419186457592,0.866735677255081,0.6533333333333333,0.8289473684210527,06426,True,0.8949663443706364,0.9790118226644373,0.9720336591258177
15.0,True,0.23407220021416839,0.3290115877784973,0.8514770208558643,0.6455696202531646,0.7875,06426,True,0.8621768672070755,0.9675868436179705,0.9574562244002108
16.0,True,0.24282173803476875,0.34889874672073784,0.8523424295049119,0.6883116883116883,0.8461538461538461,06426,True,0.8799377499892328,0.9794028677970207,0.976542462193626
17.0,True,0.21908921482681504,0.2998439140285335,0.9355332173521175,0.6666666666666666,0.7804878048780488,06426,True,0.8278652199670968,0.9743582178056374,0.9543580775486542
18.0,True,0.24467303538062737,0.33659803858856424,0.8090958151108912,0.6883116883116883,0.8333333333333334,06426,True,0.8744757800404565,0.9737353274799495,0.9732571882066413
19.0,True,0.24321554626479097,0.3739780390363934,0.7549430891271759,0.6842105263157895,0.8311688311688312,06426,True,0.8923495287931461,0.9625048710209599,0.9726600162657533
20.0,True,0.23671344248418874,0.34168362431991706,0.8095795576161366,0.6153846153846154,0.7974683544303798,06426,True,0.8717364929829992,0.9658844581860385,0.9615164452989955
21.0,True,0.20734060171293503,0.30599278564824794,0.9136603024332138,0.6753246753246753,0.7692307692307693,06426,True,0.8207171167919007,0.9647235276526055,0.9489312785002894
22.0,True,0.23068250775751692,0.3079361385904221,0.893918516200355,0.5822784810126582,0.8375,06426,True,0.8450163776077937,0.985215969592224,0.9743712307990555
23.0,True,0.2062977160692702,0.3114359405584001,0.9316965775957498,0.5945945945945946,0.8133333333333334,06426,True,0.8240619245009106,0.9803532477550289,0.9672213659691189
24.0,True,0.23461251932344482,0.3262156342565641,0.8946878248025718,0.6538461538461539,0.8734177215189873,06426,True,0.860829634031945,0.9875030699894125,0.9822721564405482
25.0,True,0.2942416981572619,0.420901145928542,0.8735024220396873,0.6705882352941176,0.8488372093023255,06426,True,0.9316846289801852,0.9842013344371102,0.9771784880308895
26.0,True,0.2367725932054406,0.3210014923310937,0.9422297930120204,0.6666666666666666,0.7631578947368421,06426,True,0.8591524897744228,0.9724674094856799,0.9457553894587227
27.0,True,0.2383727088190448,0.300370971844038,0.7662875038583843,0.6363636363636364,0.8205128205128205,06426,True,0.8459476703092101,0.9703404203544348,0.969526163274226
28.0,True,0.20428541371285797,0.29156441466721206,0.8324920986958598,0.64,0.8289473684210527,06426,True,0.8044707247910067,0.9735889217828934,0.9720336591258177
29.0,True,0.1841106497513115,0.24797711433687836,0.886474384334396,0.5675675675675675,0.6666666666666666,06426,True,0.7257935207057356,0.9220140579761305,0.86372912932818
30.0,True,0.222068386196558,0.32535200381848633,0.8777252705938384,0.7066666666666667,0.868421052631579,06426,True,0.849822278034478,0.9831212687567771,0.9813362829002462
31.0,True,0.23949037664716688,0.33509391778253794,0.8660106252952594,0.64,0.9210526315789473,06426,True,0.8699441689850468,0.9911500761867307,0.9891669402718325
32.0,True,0.1967664678926023,0.2899003407733691,0.9274079032574657,0.6103896103896104,0.8589743589743589,06426,True,0.7936289093242022,0.9863667892237596,0.9794326789199528
33.0,True,0.34885360879925453,0.4964662490792719,0.6482198903788837,0.6125,0.8271604938271605,06426,True,0.9593503017906406,0.9606281395765378,0.97151974363338
34.0,True,0.32584004473098666,0.4232089692488874,0.7408809321521049,0.6973684210526315,0.8701298701298701,06426,True,0.9415306862154641,0.9799101267635378,0.9816616737250549
35.0,False,0.351467531794473,0.4162124045321368,0.738634190174704,0.625,0.6301369863013698,06426,True,0.9461549924731383,0.8748197603158164,0.81207384168058
36.0,True,0.2989638708666711,0.45864248603304736,0.623532554060246,0.7012987012987013,0.8461538461538461,06426,True,0.941944670743566,0.9491328132213039,0.976542462193626
37.0,False,0.14501026702924916,0.14840881862884875,0.5663918744240387,0.6333333333333333,0.36065573770491804,06426,False,0.4291267686875365,0.15814495950250082,0.20385017183798992
38.0,False,0.2213139817269456,0.21736424079422767,0.7364186432544019,0.7014925373134329,0.5441176470588235,06426,True,0.7363371563564816,0.7155207250778751,0.6367974703480167
39.0,True,0.22714693791289034,0.3113467679202819,0.8431226057990149,0.6744186046511628,0.8045977011494253,06426,True,0.8444162632131186,0.9699752921809038,0.9641893836346089
40.0,True,0.4524741103797796,0.5862294327236461,0.7767621009752624,0.6282051282051282,0.8354430379746836,06426,True,0.9791531598058162,0.9828834844930707,0.9738270248347172
41.0,True,0.28801974111919854,0.3817002218802241,0.5721046264962075,0.6,0.7763157894736842,06426,True,0.9175968829855776,0.9157426558732535,0.9524140359461957
42.0,True,0.19014856184801016,0.25842841372175085,0.9583796726703646,0.6419753086419753,0.7804878048780488,06426,True,0.7492624913145466,0.9758515254436226,0.9543580775486542
43.0,True,0.2732940305214222,0.33873471349928297,0.7094099531584812,0.7160493827160493,0.8170731707317073,06426,True,0.8930234375814323,0.9598262392650128,0.9684422208306965
44.0,True,0.4639397178353518,0.6801337696378703,0.7023420455939589,0.7096774193548387,0.8412698412698413,06426,True,0.9844210366318153,0.9712876027774388,0.9753401460478455
45.0,True,0.5119429841010168,0.7489188383893198,0.717061280640093,0.65625,0.8307692307692308,06426,True,0.9886234862742879,0.9745895854522895,0.9725483606221478
46.0,True,0.478925087470848,0.657450816487202,0.7766512488293553,0.6938775510204082,0.88,06426,True,0.9842648726221671,0.9867889360649529,0.9834349706021728
47.0,True,0.38060236454980334,0.5352607353055927,0.7391923986409403,0.5909090909090909,0.7761194029850746,06426,True,0.9685006396881511,0.9613970816578158,0.9523206124787967
48.0,True,0.3461813419969984,0.5243840489363445,0.7146546717386941,0.6756756756756757,0.8533333333333334,06426,True,0.9624762963101957,0.9715111892037592,0.9782066233344047
49.0,True,0.37322583130741505,0.5288679803577955,0.7157096081828428,0.6235294117647059,0.813953488372093,06426,True,0.966909089109732,0.9672312181420529,0.9674269232805758
50.0,True,0.4894152007051141,0.6671758529886955,0.7378693571938871,0.5952380952380952,0.8117647058823529,06426,True,0.9851499586143534,0.9763383601243731,0.9666958179248939
51.0,True,0.36070015265316213,0.49213647534939714,0.9185756086782837,0.6464646464646465,0.9,06426,True,0.9607334284437354,0.9934128180634627,0.986526825323176
52.0,True,0.36470334230962925,0.4266916566460167,0.7780755206682036,0.5888888888888889,0.8461538461538461,06426,True,0.951027288162061,0.985293401161451,0.976542462193626
53.0,True,0.4907572326574502,0.6536475734606355,0.7304265837383207,0.6741573033707865,0.8222222222222222,06426,True,0.9846835701523092,0.9751312795359613,0.9700513506890358
54.0,True,0.2127224668752738,0.27794529279427777,0.8048791029982547,0.6046511627906976,0.735632183908046,06426,True,0.8011480254160381,0.9435294342135674,0.9288944004896297
55.0,True,0.3014889581912618,0.4195602216725469,0.6912504943516019,0.7108433734939759,0.8571428571428571,06426,True,0.9336822587519068,0.9679907158365839,0.9790421989164582
56.0,True,0.5271567668152658,0.7487276194396694,0.7148969591488942,0.7402597402597403,0.8846153846153846,06426,True,0.9891135393087236,0.9825771256462571,0.9842052589983332
57.0,True,0.3609898840134778,0.5149280289938383,0.6947833293224764,0.7051282051282052,0.8481012658227848,06426,True,0.9636395060163987,0.968793037927487,0.9770057460240604
58.0,True,0.20580611015576714,0.2645487026078242,0.9618268877557958,0.6421052631578947,0.7604166666666666,06426,True,0.7784876178006683,0.9743806935697122,0.9442616107957634
59.0,True,0.22446909395669581,0.258159615341601,0.9302142911957416,0.6372549019607843,0.7669902912621359,06426,True,0.7937509041581537,0.9770178919877508,0.9477806095517981
60.0,True,0.20015540184662764,0.27362003432127197,0.8369558907959649,0.6893203883495146,0.6826923076923077,06426,True,0.7812073904171978,0.9022775163903555,0.8823286701246914
61.0,True,0.25842482230730046,0.34528607629835395,0.6826396248001857,0.5698924731182796,0.7127659574468085,06426,True,0.887891904908876,0.9043418046965157,0.9113345539252972
62.0,True,0.2845110864274527,0.3985372985428623,0.6361384735147639,0.5416666666666666,0.711340206185567,06426,True,0.9217475845452638,0.890435480258009,0.9101189780838614
63.0,True,0.2506102592446766,0.37031708810509584,0.8905455043374642,0.632183908045977,0.8522727272727273,06426,True,0.8950940961412684,0.9847902750359118,0.9779682510190977
64.0,True,0.24503909322809792,0.37177223769606216,0.8560305099515869,0.6741573033707865,0.7666666666666667,06426,True,0.8924637560157368,0.9575505406611945,0.9476123900897376
65.0,True,0.24659039551390619,0.3683397238509079,0.8009508025580777,0.6451612903225806,0.7127659574468085,06426,True,0.8918451546131064,0.9212512785062105,0.9113345539252972
66.0,True,0.23600884094215135,0.33745497326691193,0.8433050165661417,0.717391304347826,0.7849462365591398,06426,True,0.8687760426744052,0.9606158157530943,0.956351897343877
67.0,True,0.24005981401026533,0.30692927603196773,0.8481505870322977,0.6195652173913043,0.7204301075268817,06426,True,0.8521460700996576,0.9493318230755152,0.9176177382841966
68.0,True,0.2444691116517904,0.33002304035731633,0.8656207594281543,0.6483516483516484,0.7717391304347826,06426,True,0.8705196642264003,0.9669761660989585,0.9501910497013735
69.0,True,0.22715301210591574,0.3154962974507298,0.8871194933661595,0.5894736842105263,0.75,06426,True,0.8474206143553915,0.9643469131431517,0.9382254399936225
70.0,True,0.22241984722609598,0.30127842042705005,0.8813171213221158,0.6555555555555556,0.7472527472527473,06426,True,0.8323028347821344,0.9586075362156907,0.9365344619169801
71.0,True,0.22545526013774547,0.3143568498503972,0.8381421981108815,0.6896551724137931,0.8068181818181818,06426,True,0.8451037129766457,0.9684349518375126,0.9649847509827089
72.0,True,0.22211025370522658,0.3189165009932653,0.9031721458207641,0.6195652173913043,0.8172043010752689,06426,True,0.8453748458183539,0.9797734884505471,0.9684842198024113
73.0,True,0.2490776722752652,0.3184358052482897,0.7837833573553469,0.6989247311827957,0.6808510638297872,06426,True,0.8667038638294816,0.8977087568917961,0.8803091334754112
74.0,True,0.24491731920298868,0.347377490143581,0.8699053005150867,0.6666666666666666,0.7692307692307693,06426,True,0.8805282843443532,0.9639332531652292,0.9489312785002894
75.0,True,0.2285225058665616,0.32126466544857707,0.8702993744218375,0.6382978723404256,0.7368421052631579,06426,True,0.8526113709123408,0.9528890710944128,0.9297278889717462
76.0,False,0.2431562560761258,0.3188663978073519,0.5277240206051642,0.4953271028037383,0.28703703703703703,06426,True,0.8626556707428604,0.09825147102545628,0.10579681636316914
77.0,False,0.24693967424644508,0.2523314595072566,0.5273144124901887,0.49122807017543857,0.2,06426,True,0.8106913599421969,0.061207017049977185,0.045341285731437225
78.0,True,0.22381591323936906,0.2760573401670417,0.8124830593758051,0.6635514018691588,0.5555555555555556,06426,True,0.8114874682599593,0.7641553650184277,0.6640591036156704
79.0,True,0.26338557111382643,0.35702763077465427,0.8707624046618044,0.6595744680851063,0.6526315789473685,06426,True,0.8962933443590126,0.9106572931693886,0.84546081644185
80.0,True,0.2737030626512744,0.363432207812193,0.8401573713689393,0.632183908045977,0.7954545454545454,06426,True,0.9043575026117114,0.9735349026667519,0.9607273627321777
81.0,True,0.22849304104567247,0.3472920218592812,0.8849982568117465,0.6888888888888889,0.8351648351648352,06426,True,0.8688033004629643,0.9780840186410491,0.9737525633101975
82.0,True,0.2426535057449789,0.22160032024955315,0.8341178208050456,0.4939759036144578,0.4523809523809524,06426,True,0.7688659270437086,0.7316651320170924,0.4011884367569
83.0,False,0.0958320027428958,0.099755954227565,0.3706015960879512,0.4264705882352941,0.057971014492753624,06426,False,0.16632944486061915,0.005532513500936928,0.010596921889783813
84.0,True,0.23439565988785827,0.2959625450590672,0.864745696948348,0.525,0.5802469135802469,06426,True,0.8391115439568059,0.8674457013406552,0.719173281856435
85.0,True,0.22707217375351912,0.3104090215215729,0.9173792297853522,0.6896551724137931,0.7272727272727273,06426,True,0.843659622193492,0.9548580848072128,0.9228821395096131
86.0,True,0.17722502549681166,0.2534745749593453,0.9156729253082593,0.5955056179775281,0.8777777777777778,06426,True,0.7217098131469613,0.9878726864914725,0.983051032742917
87.0,False,0.20809426785853402,0.22149159157335196,0.5733343666631079,0.5857142857142857,0.28169014084507044,06426,True,0.7241469915183142,0.10869048384033926,0.10060834386117545
88.0,True,0.26746342002794715,0.3893867845412616,0.8199477566174677,0.6979166666666666,0.7835051546391752,06426,True,0.9114183616131294,0.9598798499333414,0.9557167069273965
89.0,True,0.2963171316351719,0.40680614866279385,0.7239582039574836,0.6082474226804123,0.8163265306122449,06426,True,0.9285387712919261,0.9664799376510226,0.9682020500834089
90.0,True,0.27617176291310574,0.3353866794493758,0.8276920303164997,0.5978260869565217,0.8817204301075269,06426,True,0.8929108760023852,0.989159675585109,0.9837263285152053
91.0,True,0.2018673551581863,0.2880105294610261,0.9245136332889125,0.6597938144329897,0.7448979591836735,06426,True,0.7981667113982488,0.9600336901165308,0.9350508057768746
92.0,True,0.20212937807760617,0.2780148589334484,0.833463351145481,0.6373626373626373,0.75,06426,True,0.7884286064930993,0.9489318289173928,0.9382254399936225
93.0,True,0.21727297970912404,0.2975891114088424,0.8456431076280403,0.6593406593406593,0.7717391304347826,06426,True,0.824142690482242,0.9602134568510058,0.9501910497013735
94.0,True,0.2413137050822307,0.318928530360099,0.8610032526896094,0.6777777777777778,0.7362637362637363,06426,True,0.8613063054746274,0.9522194648772094,0.9293305959119178
95.0,True,0.23471217033219488,0.3328845293736874,0.8741491642553444,0.6263736263736264,0.6847826086956522,06426,True,0.8650660536606919,0.9290215500901267,0.884585522506182
96.0,True,0.2247952257008898,0.3212144809545081,0.8834966555852548,0.61,0.7425742574257426,06426,True,0.8493748527102098,0.9584723141119853,0.9335551511712951
97.0,True,0.2261534619310111,0.3231804049036653,0.881210168961593,0.6597938144329897,0.7551020408163265,06426,True,0.8518974312582221,0.9592295734991932,0.9412546509338626
98.0,True,0.23732982973336955,0.3045348093972677,0.8830706234538119,0.6629213483146067,0.8444444444444444,06426,True,0.8481749857808443,0.9842049640427596,0.9761283034187644
99.0,True,0.23849020620243924,0.3278568082255597,0.8747871616425184,0.5851063829787234,0.7473684210526316,06426,True,0.8648408834711785,0.9634010834368125,0.9366065231705684
100.0,True,0.20406848802870867,0.295103918707406,0.8360043987938955,0.7128712871287128,0.7647058823529411,06426,True,0.8074948653214741,0.9469768664052913,0.9465821833033076
101.0,True,0.23215132947979036,0.3316445295467824,0.8643243018096279,0.5714285714285714,0.7272727272727273,06426,True,0.8623192455049793,0.9528821051078714,0.9228821395096131
102.0,True,0.2312445948461127,0.32076531559709315,0.9170232767912553,0.6702127659574468,0.8,06426,True,0.8545461268274884,0.9770519562667876,0.9624868564639895
103.0,True,0.222034236826806,0.3062907254255105,0.8687097023139507,0.648936170212766,0.8105263157894737,06426,True,0.8359020119483875,0.974994746457797,0.966275173493517
104.0,True,0.25427248276533787,0.33758545954006897,0.7846865050076037,0.5652173913043478,0.6989247311827957,06426,True,0.8813538263462591,0.9279920919557093,0.8988846067190087
105.0,True,0.3761099964774419,0.5634019979545497,0.49478414204117627,0.6288659793814433,0.7244897959183674,06426,True,0.9705908488455991,0.8261951588996553,0.9207793267629374
106.0,True,0.21515069381420543,0.2873525875591573,0.8949594935035505,0.58,0.6435643564356436,06426,True,0.8128693229249643,0.9149774210387767,0.8326254427513149
107.0,True,0.23822019171956177,0.3344681815329131,0.8759318585191883,0.648936170212766,0.8526315789473684,06426,True,0.868647249119265,0.9837982659627433,0.9780491872161693
108.0,True,0.2375495873384983,0.3061777245888851,0.871240551378276,0.6041666666666666,0.7628865979381443,06426,True,0.8495569350587329,0.9686975904156795,0.9456092505204466
109.0,True,0.22707098232626932,0.32804985345079835,0.8350917185486673,0.65625,0.7938144329896907,06426,True,0.8559151882917309,0.9650021793774141,0.9600732641147639
110.0,True,0.21911527303138717,0.2899632054828865,0.8361274854377303,0.5306122448979592,0.7272727272727273,06426,True,0.8194344607644422,0.9530106744112815,0.9228821395096131
111.0,True,0.22598006572011772,0.3098456389731077,0.7869155867614241,0.6391752577319587,0.7551020408163265,06426,True,0.8422616360956937,0.9448666342211045,0.9412546509338626
112.0,True,0.1919296641436605,0.26227278127340503,0.9503710497251704,0.6132075471698113,0.7009345794392523,06426,True,0.7566983896022936,0.9518281368397972,0.9007842309491846
113.0,True,0.31786316481643784,0.4376533782818099,0.7708921585092008,0.5959595959595959,0.71,06426,True,0.9426363785680099,0.9335358127574318,0.9089626631964981
114.0,True,0.2830775296120221,0.40175867312709146,0.887625963563055,0.5978260869565217,0.7634408602150538,06426,True,0.9221960647048066,0.9712774794011891,0.9459074195424169
115.0,True,0.27671869335299726,0.43595833789918725,0.8559381425471777,0.7777777777777778,0.8571428571428571,06426,True,0.9295408524251282,0.9780302117481545,0.9790421989164582
116.0,True,0.26194917549864627,0.37882183133889213,0.8168123769945491,0.6344086021505376,0.7978723404255319,06426,True,0.9047609864494254,0.9678205262343542,0.9616728984465976
117.0,True,0.24230331866659557,0.34069729243922886,0.8600878546922966,0.7142857142857143,0.8152173913043478,06426,True,0.8751429699174231,0.9730033066985695,0.967842008351562
118.0,True,0.2595695974634219,0.3587741294493101,0.9186188529887397,0.6091954022988506,0.7727272727272727,06426,True,0.8949913266339573,0.9756977012276716,0.9506791934330524
119.0,True,0.2508701118857389,0.3385410303176182,0.8392119852541128,0.6923076923076923,0.782608695652174,06426,True,0.8796943765308661,0.9644991660877671,0.9553171341373226
0.0,False,0.08704573162824798,0.09476911400400799,0.3542958975588868,0.4722222222222222,0.0821917808219178,06453,False,0.11490725760289927,0.003986686943030885,0.012081198524842941
1.0,False,0.020378153422313996,0.022129416911427044,0.8867043484318109,0.4142857142857143,0.0,06453,False,0.0008492034843293008,0.00879451951089268,0.0051479877364491704
2.0,False,0.09010537709049918,0.10282191544754751,0.2747465246030772,0.42857142857142855,0.04225352112676056,06453,False,0.136583719460177,0.002058374729233554,0.007987515867340091
3.0,False,0.01732139380497471,0.024348457407227988,0.8877298716636258,0.5217391304347826,0.0,06453,False,0.0007429009417447772,0.004629268058414681,0.0051479877364491704
4.0,False,0.06255168964565491,0.10740665075404629,0.30283176777426885,0.45588235294117646,0.043478260869565216,06453,False,0.081027260306909,0.001074643611506214,0.008089704594513773
5.0,False,0.06045336988574574,0.10357493910372605,0.2592028950788635,0.5588235294117647,0.043478260869565216,06453,False,0.0724124509859571,0.0006731525486138572,0.008089704594513773
6.0,False,0.3366967136006163,0.36555197043764953,0.6149736163477696,0.6470588235294118,0.5348837209302325,06453,True,0.9330798096639665,0.6147376281287344,0.5824710858531378
7.0,False,0.2665339943271817,0.312371176391677,0.5649205138340054,0.5256410256410257,0.34177215189873417,06453,True,0.8758074381724842,0.1846237552730307,0.15607141236244992
8.0,False,0.24034540583643174,0.27147647172496864,0.42379898440308744,0.5324675324675324,0.24358974358974358,06453,True,0.8226128352915711,0.0431614739157089,0.06208733344691218
9.0,False,0.223750045304541,0.2591661755248475,0.2497822180489305,0.5333333333333333,0.2236842105263158,06453,True,0.7905609798618343,0.01469654977437922,0.051008756049519766
10.0,False,0.2545292307648811,0.2951401244190392,0.3471865202169393,0.5324675324675324,0.3333333333333333,06453,True,0.8552192864612601,0.06559327530721332,0.14479078749774266
11.0,False,0.2846169251478839,0.32225205335282614,0.7660797305084822,0.5747126436781609,0.5454545454545454,06453,True,0.8931356106067927,0.7812395129706603,0.6091014307692313
12.0,False,0.19336651997114943,0.16878396942017476,0.5736764080990967,0.525,0.2345679012345679,06453,False,0.5874642555181435,0.0880565941105163,0.05681202689250433
13.0,False,0.16427046035067885,0.20123553825484736,0.5947254984092115,0.3974358974358974,0.2911392405063291,06453,True,0.5871005949912483,0.12512758234031424,0.09818405372032869
14.0,False,0.11797094087284327,0.15255647680962042,0.4784473703994382,0.4861111111111111,0.2054794520547945,06453,False,0.33097024300623845,0.021997346381412933,0.04253780060249563
15.0,False,0.11968243298123414,0.1314138791535055,0.35953427600473736,0.5416666666666666,0.0958904109589041,06453,False,0.2838177160055533,0.00507335273141863,0.013917260363505194
16.0,False,0.09029189064946942,0.10059550032458098,0.3776959185063837,0.4861111111111111,0.0821917808219178,06453,False,0.13278120548582395,0.004349330658234195,0.012081198524842941
17.0,False,0.16661942472380975,0.2028320092357728,0.21692268185639174,0.5394736842105263,0.1038961038961039,06453,True,0.5964438903296713,0.0032255347695561497,0.015114951545817679
18.0,False,0.1213445049864194,0.13438801718817706,0.4456092365288864,0.5063291139240507,0.15,06453,False,0.2965844964844727,0.013371640114795507,0.02425878051644121
19.0,False,0.33123577466262555,0.3872165040869181,0.6813559173967376,0.5918367346938775,0.5858585858585859,06453,True,0.9370953520060888,0.7810223778785274,0.7039786205694454
20.0,False,0.17403995624024296,0.15851283504281405,0.45497500232036175,0.6144578313253012,0.14285714285714285,06453,False,0.5149201367223002,0.017001711369199413,0.022551144102762214
21.0,False,0.17282877625068868,0.21728537044772409,0.5381082392086677,0.4050632911392405,0.3,06453,True,0.6389545997405202,0.10489975528659354,0.10670494266580095
22.0,False,0.1723741251260522,0.23949966441122078,0.47356960468662845,0.4675324675324675,0.3076923076923077,06453,True,0.6743065667320606,0.06672845125624144,0.114623643157336
23.0,False,0.07856355267096023,0.11168095616189022,0.4848915108179945,0.4864864864864865,0.12,06453,False,0.12417897464938692,0.006997908215039563,0.017839622681405834
24.0,False,0.17445026182283563,0.19994677990173979,0.41308118119630266,0.581081081081081,0.2,06453,True,0.6105310794864057,0.019385510038353832,0.04026289778670101
25.0,False,0.17351812891292484,0.20717197857947772,0.4500574650702854,0.5263157894736842,0.19480519480519481,06453,True,0.6221886894839612,0.023761413977848964,0.03821413424500199
26.0,False,0.03000013581249027,0.0215577245098745,0.9031028051012973,0.4925373134328358,0.014705882352941176,06453,False,0.001629710574571691,0.01922582255913166,0.00599921873587942
27.0,False,0.12178380314404573,0.2010203262259498,0.5094685151413776,0.5625,0.26153846153846155,06453,True,0.4530277116021827,0.027786332062129826,0.07396615719558138
28.0,False,0.02148560781859797,0.018948238906447326,0.9298967018965306,0.49206349206349204,0.0,06453,False,0.0007219562421554047,0.011843911524731002,0.0051479877364491704
29.0,False,0.12206987533229667,0.1742469214776412,0.46673360620169446,0.4444444444444444,0.265625,06453,True,0.39614107256226005,0.035465195834301445,0.07694894299571298
30.0,False,0.1036156468847226,0.1493515777114719,0.4341313159680313,0.5,0.15873015873015872,06453,False,0.27436297985251784,0.00922275456347368,0.026517674986570136
31.0,False,0.11552095972055541,0.17027749762125222,0.37525088350993707,0.41935483870967744,0.12698412698412698,06453,False,0.3637586562838203,0.006713600352827596,0.0191662480502079
32.0,False,0.14075098778714343,0.18005716812540307,0.5520937120754708,0.59375,0.3230769230769231,06453,True,0.4723297733196729,0.07710114730688836,0.1320014364417589
33.0,False,0.12569706552119495,0.14767190236700176,0.32252573632962067,0.5352112676056338,0.125,06453,False,0.3444204212144351,0.005388869499307743,0.01877982611149299
34.0,False,0.14523651663478993,0.13708700885996938,0.3461534207706486,0.4675324675324675,0.10256410256410256,06453,False,0.37587493153825197,0.008183393124614677,0.014908862915215012
35.0,False,0.14676962487543305,0.140925045666164,0.3656079265055334,0.6,0.10526315789473684,06453,False,0.3911830754059317,0.006782350323179199,0.015329380067103882
36.0,False,0.11777256786989235,0.13783485559464523,0.3741824156818346,0.527027027027027,0.08,06453,False,0.29414421866022405,0.004509670585144316,0.011810512395736737
37.0,False,0.3514489428188825,0.43790324961012417,0.6668570314438137,0.6590909090909091,0.6292134831460674,06453,True,0.9531157515467447,0.804444436077613,0.7891772283467707
38.0,False,0.129553327891194,0.17532974803810059,0.440069030806948,0.5588235294117647,0.17391304347826086,06453,True,0.4245338295545836,0.012183579427661862,0.03094237193600691
39.0,False,0.017418853687630367,0.022318516072842836,0.8856919694968253,0.6065573770491803,0.016129032258064516,06453,False,0.0006494983284335931,0.004847290158118076,0.0060886768823875
40.0,False,0.08931254546754833,0.148654371175151,0.3560608170215831,0.5245901639344263,0.14516129032258066,06453,False,0.2230913476479842,0.004045556866417466,0.023088756365075937
41.0,False,0.016620825064876648,0.020640023476348777,0.8845018259428248,0.4666666666666667,0.0,06453,False,0.0005243105954654479,0.0056883380974596534,0.0051479877364491704
42.0,False,0.08904794772012387,0.12467058485709319,0.3779920189679932,0.4166666666666667,0.11475409836065574,06453,False,0.1757724950559994,0.005252869303566552,0.016902866978341848
43.0,False,0.12017088147108304,0.1039809754104866,0.4286201134346865,0.4666666666666667,0.08196721311475409,06453,False,0.2129755770956872,0.009563000142933698,0.012053184857147762
44.0,False,0.06513188341752131,0.09176773265624892,0.29749114939135424,0.5084745762711864,0.06666666666666667,06453,False,0.06805078188829271,0.0014591394467459667,0.010288347209426698
45.0,False,0.1543326135524242,0.15749958774461242,0.3643873229016768,0.47540983606557374,0.16129032258064516,06453,False,0.4582829527785152,0.01419221312197426,0.027218062014381084
46.0,False,0.013832799237477855,0.01838702818668177,0.7856012395208812,0.4827586206896552,0.0,06453,False,0.0003110227896311994,0.0027264285929445376,0.0051479877364491704
47.0,False,0.01564783647963557,0.01977511976057035,0.9366271949738728,0.5,0.0,06453,False,0.00043812630747429163,0.006342340026595444,0.0051479877364491704
48.0,False,0.016532004701315325,0.02356395451436892,0.8387061912578689,0.43859649122807015,0.034482758620689655,06453,False,0.0006469819472147946,0.005657072167531993,0.007368337515277058
49.0,False,0.014641967535677258,0.019150490365806204,0.9006628560056239,0.47368421052631576,0.0,06453,False,0.0003685919077092928,0.005166322778642627,0.0051479877364491704
50.0,False,0.09553262876090592,0.0750309039488833,0.44428353887467165,0.5166666666666667,0.09836065573770492,06453,False,0.09432578110193483,0.009799550731273613,0.014276482459316588
51.0,False,0.14047696715945965,0.10742906491851922,0.5650328271087094,0.4918032786885246,0.16129032258064516,06453,False,0.2745042923251922,0.04421317944694364,0.027218062014381084
52.0,False,0.014380493095556435,0.018054531166113753,0.8998285891990014,0.4827586206896552,0.0,06453,False,0.0003235786029123242,0.0051902990337139125,0.0051479877364491704
53.0,False,0.01717537296666351,0.02071719243230548,0.8850194004259718,0.4107142857142857,0.0,06453,False,0.0005596546123178806,0.00684476763262684,0.0051479877364491704
54.0,False,0.09650941981155839,0.10224466385314562,0.3915591203183666,0.5344827586206896,0.1016949152542373,06453,False,0.1506229863059397,0.005520270758433556,0.01477587605900482
55.0,False,0.3754860855324577,0.4674490898519967,0.6725040458848459,0.6538461538461539,0.620253164556962,06453,True,0.9622959608252629,0.8067741993129312,0.7731552739664844
56.0,False,0.1879344504191877,0.2071689509626798,0.3822163529396929,0.5230769230769231,0.19696969696969696,06453,True,0.6553136141377377,0.02049217272359888,0.039055330058435464
57.0,False,0.3345836017076703,0.396171611642672,0.5994025951302001,0.4868421052631579,0.5194805194805194,06453,True,0.9403204882509879,0.6265236789671956,0.5428322130002828
58.0,False,0.3423808314828341,0.4218390973809619,0.5327389563943303,0.547945205479452,0.5675675675675675,06453,True,0.9479916315219176,0.6128129061436071,0.6626045861784365
59.0,False,0.0838412286489992,0.14267464795142945,0.500477550215559,0.559322033898305,0.1,06453,False,0.19314452410448502,0.004679660978919371,0.014519903825667419
60.0,False,0.309520746826401,0.30416612860372516,0.6560391152062057,0.6470588235294118,0.36231884057971014,06453,True,0.898278718782638,0.30497529391571293,0.186523795003218
61.0,False,0.1553528128041838,0.09739907928866179,0.6415404785045856,0.42857142857142855,0.1875,06453,False,0.27818671149211155,0.1157226105325974,0.03550173573256758
62.0,False,0.2269437823761478,0.20791727778529645,0.7392642095501889,0.5882352941176471,0.42028985507246375,06453,True,0.728682823988724,0.5114944150235954,0.29605374100213255
63.0,False,0.014809107948957843,0.021499203591450883,0.9321258805511394,0.5689655172413793,0.0,06453,False,0.0004558388271004583,0.004387752627281115,0.0051479877364491704
64.0,False,0.027328665704671008,0.04232814673758114,0.6056331697439414,0.5,0.1016949152542373,06453,False,0.004213736692718261,0.003994777125342432,0.01477587605900482
65.0,False,0.023300347525242647,0.023319135420594602,0.8114875104225019,0.40350877192982454,0.06896551724137931,06453,False,0.0011786518341611416,0.013963799367899463,0.010536191770236783
66.0,False,0.016723773805276294,0.022917865747756245,0.8362422266926149,0.49122807017543857,0.017241379310344827,06453,False,0.0006307612726134448,0.004494381477059945,0.006159520228690288
67.0,False,0.025659296074648875,0.03376141124522404,0.8045575442216556,0.5087719298245614,0.10344827586206896,06453,False,0.002588352080514126,0.011702707182477763,0.015045352007253163
68.0,False,0.03882008313184442,0.06496772751000011,0.4021447176246322,0.5087719298245614,0.10344827586206896,06453,False,0.015954122102239027,0.001824930916579115,0.015045352007253163
69.0,False,0.1750886943719394,0.13841602085988408,0.6767082032404715,0.49206349206349204,0.265625,06453,False,0.46142345265589174,0.18775460153899243,0.07694894299571298
70.0,True,0.14851874618596417,0.17571003047763312,0.7513001036628453,0.7761194029850746,0.6617647058823529,06453,True,0.4863317325138597,0.7683844529875763,0.8403161704755838
71.0,False,0.10014220006468448,0.18336086542092497,0.46958721292952943,0.543859649122807,0.13793103448275862,06453,False,0.3332990942334217,0.006231095504418097,0.02144247180135153
72.0,False,0.023466953761511908,0.026517330719908812,0.7971774769092521,0.5087719298245614,0.08620689655172414,06453,False,0.001477451852347598,0.010617264549689684,0.012593055387054764
73.0,False,0.016984288286610895,0.01883397640613182,0.8913280203902756,0.5357142857142857,0.0,06453,False,0.00046825827074807217,0.005784869748979791,0.0051479877364491704
74.0,False,0.07873580349023963,0.11145369462414263,0.43481605034313814,0.42857142857142855,0.22807017543859648,06453,False,0.12423983663378403,0.016231205153514536,0.05327666722284791
75.0,False,0.09221214366235192,0.15945468006874727,0.414818931570368,0.5178571428571429,0.19298245614035087,06453,False,0.2546869778249575,0.008181322491605459,0.037519278431341896
76.0,False,0.02759283801357163,0.033728382320640446,0.8381016602799445,0.5535714285714286,0.17543859649122806,06453,False,0.0029441054758741455,0.026633271093916607,0.03142462447083374
77.0,False,0.015950606047720736,0.021381389879093056,0.8046906692260088,0.625,0.05263157894736842,06453,False,0.0005162582232646289,0.0038509931982999455,0.008895609633534248
78.0,False,0.07552527749356734,0.12933186215343456,0.3555626403461183,0.6181818181818182,0.17857142857142858,06453,False,0.14420872373796242,0.003718754752470229,0.03243786635884929
79.0,False,0.017324537375585227,0.024708370086165644,0.794116789298812,0.509090909090909,0.07142857142857142,06453,False,0.000761459604511637,0.005603411442225429,0.01080829636279142
80.0,False,0.023443179281668315,0.03632287347958191,0.6927916906184649,0.6296296296296297,0.07272727272727272,06453,False,0.002484272788360446,0.003109671177420605,0.010954556587669508
81.0,False,0.01466378297762678,0.02052141920148978,0.7477579982915916,0.5272727272727272,0.03571428571428571,06453,False,0.0004145263622728229,0.0027965514383711957,0.007463190413661584
82.0,False,0.013932470700241024,0.019536718024002614,0.8179914153762413,0.42592592592592593,0.0,06453,False,0.0003484396512630669,0.0034399394288460563,0.0051479877364491704
83.0,False,0.018025642422796046,0.02424231493414206,0.7650859607119194,0.509090909090909,0.05357142857142857,06453,False,0.0007923404296295894,0.0045769913634603875,0.008982734437047526
84.0,False,0.010351630897954552,0.01438818511091712,0.8398145392169575,0.3888888888888889,0.0,06453,False,0.00012285733518304376,0.003289813795987054,0.0051479877364491704
85.0,False,0.01980049623971872,0.019151173065130478,0.8830791528959726,0.5454545454545454,0.017857142857142856,06453,False,0.0006344320478964681,0.008339109438357598,0.0061990887090794715
86.0,False,0.020101078789878782,0.02620603564771348,0.7341553340179386,0.5,0.05454545454545454,06453,False,0.0010968316924535983,0.004584768580071461,0.009073919697809268
87.0,False,0.014703079349412713,0.019767268862300093,0.929585113133375,0.5272727272727272,0.0,06453,False,0.00039142834888047435,0.005133678638243848,0.0051479877364491704
88.0,False,0.01951083928526139,0.028592476996411882,0.7797448817877428,0.5454545454545454,0.10714285714285714,06453,False,0.001201296772020158,0.007063693004566767,0.015629116119588206
89.0,False,0.02071669129747883,0.02936644080711315,0.7284832912271337,0.5818181818181818,0.125,06453,False,0.0013986352857607966,0.006477626030149825,0.01877982611149299
90.0,False,0.09172289189293813,0.15442969397951492,0.2528142248711022,0.6,0.21428571428571427,06453,False,0.24296043056794855,0.0038564150855260053,0.046453064599788714
91.0,False,0.04256473641386077,0.07376498952052377,0.4484068459326591,0.5357142857142857,0.14035087719298245,06453,False,0.023082630235104235,0.0030911572697004857,0.021980256917267776
92.0,False,0.02221949680735063,0.026435854783196214,0.8162267354268414,0.6071428571428571,0.017543859649122806,06453,False,0.0013324724424633987,0.004627230151550069,0.006178925912521901
93.0,False,0.01857627118644069,0.026280144271961115,0.8683888377107832,0.625,0.05263157894736842,06453,False,0.0009562478569704639,0.005596361422999681,0.008895609633534248
94.0,False,0.024546479806681162,0.03581443076617115,0.803693197868651,0.6071428571428571,0.14035087719298245,06453,False,0.002635825339483382,0.011188135345097338,0.021980256917267776
95.0,False,0.024312666637925483,0.03156135071882315,0.6507580214737851,0.5263157894736842,0.08620689655172414,06453,False,0.002101351533683363,0.004483088516581236,0.012593055387054764
96.0,False,0.06759022504832561,0.11758572984068481,0.3213383415367831,0.5714285714285714,0.08771929824561403,06453,False,0.10539441544669287,0.0014089050320894353,0.012791362112479691
97.0,False,0.02112374631047147,0.023231552807024318,0.8068727270996146,0.5535714285714286,0.017543859649122806,06453,False,0.0009819640712372356,0.00520319169129259,0.006178925912521901
98.0,False,0.02421911844662926,0.03344207602146405,0.6081545829928539,0.4642857142857143,0.08771929824561403,06453,False,0.002296902985594046,0.003966565895897699,0.012791362112479691
99.0,False,0.021044673395030168,0.030994758807208766,0.8299792601493188,0.5272727272727272,0.125,06453,False,0.0015733515089065948,0.011580075613422265,0.01877982611149299
100.0,False,0.029688709297268513,0.04659302002503652,0.609611440923503,0.5357142857142857,0.14035087719298245,06453,False,0.005727786640115461,0.0055754124469494315,0.021980256917267776
101.0,False,0.025355311792758076,0.03797642490438237,0.712155333275855,0.6,0.17857142857142858,06453,False,0.003078489738824968,0.010229739570769926,0.03243786635884929
102.0,False,0.050889582332817866,0.07816048097369405,0.4918384788178619,0.48214285714285715,0.15789473684210525,06453,False,0.03463362381595608,0.00659723444370024,0.026292944495491858
103.0,False,0.02581087438884254,0.03218891719066711,0.7535773478901308,0.5178571428571429,0.10526315789473684,06453,False,0.0024171568244585086,0.009706178691863644,0.015329380067103882
104.0,False,0.12199988233980588,0.21377437719803094,0.4647083068688024,0.6428571428571429,0.2807017543859649,06453,True,0.47923584245233597,0.02093299318377031,0.08892901460759066
105.0,False,0.022570321717319215,0.031177966659227164,0.7612237478994798,0.5636363636363636,0.08928571428571429,06453,False,0.0018017172187646609,0.006356881804438006,0.013000000566339534
106.0,False,0.10360591101724508,0.11000395867398932,0.4344799458840691,0.5862068965517241,0.1864406779661017,06453,False,0.185345134407045,0.013439217630729144,0.03512413439400007
107.0,False,0.12243647082291462,0.18587307772596556,0.4057365793954363,0.5357142857142857,0.21052631578947367,06453,True,0.42337934962644486,0.01267993111888811,0.04474135965839723
108.0,False,0.013400750798266546,0.019218378832273994,0.8924993034152373,0.5178571428571429,0.017543859649122806,06453,False,0.0003161379661909808,0.004429388644608677,0.006178925912521901
109.0,False,0.014603265293601855,0.021042800648403363,0.9260906564517869,0.6071428571428571,0.017543859649122806,06453,False,0.0004289501739311108,0.004551751334122602,0.006178925912521901
110.0,False,0.018748370039803564,0.027183069590383233,0.8121764542984682,0.5892857142857143,0.08771929824561403,06453,False,0.0010282756127691375,0.006180186347785083,0.012791362112479691
111.0,False,0.01880577841919911,0.026865290434767524,0.7487634403647585,0.5714285714285714,0.07017543859649122,06453,False,0.001013970417236697,0.004134564003124717,0.010668999615907709
112.0,False,0.0805575811648731,0.09850786876115872,0.41353605778475194,0.5535714285714286,0.12280701754385964,06453,False,0.10748034942972545,0.005247090889942659,0.018361616351135403
113.0,False,0.02551636950807338,0.03411143166320173,0.7598794212044937,0.4727272727272727,0.10714285714285714,06453,False,0.0026066771278214166,0.010348481922448123,0.015629116119588206
114.0,False,0.03099182435274339,0.045976640826365274,0.6854707551209083,0.6428571428571429,0.12280701754385964,06453,False,0.006050911953140901,0.005958831962926312,0.018361616351135403
115.0,False,0.032612078757046845,0.04585496322261605,0.7369564421577869,0.5185185185185185,0.2,06453,False,0.006599406972682373,0.021762042709672955,0.04026289778670101
116.0,False,0.0755298363030235,0.12160933794726947,0.4220235664316254,0.5636363636363636,0.21428571428571427,06453,False,0.13205687643818795,0.008460286442605902,0.046453064599788714
117.0,False,0.06983432317238257,0.10514536414825237,0.4866995697565288,0.6,0.21428571428571427,06453,False,0.09401453455957277,0.010723044281123615,0.046453064599788714
118.0,False,0.07156311209421606,0.11555908333233747,0.3444604115988761,0.7037037037037037,0.10909090909090909,06453,False,0.11257166280972175,0.001605181066113494,0.01594583725605269
119.0,False,0.03985103886920778,0.0467102023843331,0.8219380606783772,0.5185185185185185,0.2545454545454545,06453,False,0.009731157871248697,0.07229471545204741,0.06910775846056853
0.0,True,0.16564015304531465,0.229761916009646,0.7962914353695199,0.6395348837209303,0.735632183908046,06995,True,0.6311206992252604,0.9252127395982875,0.929012225220185
1.0,True,0.14147023591636435,0.19660243923916831,0.8737100811603993,0.6046511627906976,0.6436781609195402,06995,True,0.49890389408344077,0.8779560462762929,0.8320359658821482
2.0,True,0.17288952043544892,0.24133375017890824,0.8437230379697913,0.632183908045977,0.7954545454545454,06995,True,0.6677170062954267,0.9649222130665462,0.9609707903593908
3.0,True,0.1564547416804694,0.23676588631420842,0.8860651333243977,0.6477272727272727,0.7191011235955056,06995,True,0.6263289916721746,0.9326348347625425,0.9165955473484962
4.0,True,0.1649227599074247,0.2609740508004349,0.8856533675526864,0.6588235294117647,0.6627906976744186,06995,True,0.6876736525084651,0.8887661598411848,0.8583981189297765
5.0,True,0.14843041828213466,0.206078879971521,0.8205458922400196,0.6666666666666666,0.6704545454545454,06995,True,0.5398390137879904,0.8686747905224254,0.8679572353534255
6.0,True,0.2360935411169146,0.30167401670545085,0.8436797586538818,0.6413043478260869,0.7741935483870968,06995,True,0.8313876582081104,0.9668892093162965,0.9516169293128377
7.0,True,0.22652557015840194,0.2952464966585642,0.790959538005911,0.5813953488372093,0.6896551724137931,06995,True,0.8164883502554835,0.9201427696863852,0.8895222137010724
8.0,True,0.17868859139217327,0.24204600642733173,0.8724562079560957,0.6162790697674418,0.6896551724137931,06995,True,0.6793876188066579,0.9269892997003646,0.8895222137010724
9.0,True,0.17903679231126768,0.22381579710838323,0.903181196825321,0.5882352941176471,0.7441860465116279,06995,True,0.6444810936495732,0.9647117234979615,0.9347458628319266
10.0,True,0.1652924095120026,0.2207272454783892,0.8591225787699507,0.5411764705882353,0.6046511627906976,06995,True,0.6112658765636562,0.8601459441365666,0.7663488031606985
11.0,True,0.14570795054356633,0.21553137333424338,0.9059851294385376,0.6091954022988506,0.7045454545454546,06995,True,0.555830138665362,0.9330683465805821,0.9040610548678787
12.0,True,0.15781092803677493,0.2207259029878925,0.8423295349874573,0.5955056179775281,0.6333333333333333,06995,True,0.5954387073045577,0.8611457246545012,0.8162033203241024
13.0,True,0.18653068981135082,0.24560786474282842,0.810794721293415,0.6363636363636364,0.7,06995,True,0.6988692913508673,0.9150125105570459,0.8998142559717142
14.0,True,0.19782344836038673,0.2236059493497945,0.9431644943930452,0.5238095238095238,0.6698113207547169,06995,True,0.6759946306192588,0.9560690948729321,0.867176456243481
15.0,True,0.1919268472689044,0.23119741831327723,0.9253990400526032,0.7,0.7128712871287128,06995,True,0.6813449946286203,0.9505394513759122,0.9114239611319203
16.0,True,0.1849726794438854,0.24147518140815896,0.9417583843578783,0.5670103092783505,0.7653061224489796,06995,True,0.6890142651713627,0.9759219062911219,0.9471058193915816
17.0,True,0.18065804389782764,0.2168782982350956,0.918356643674038,0.5157894736842106,0.6979166666666666,06995,True,0.6327083847866164,0.9584867233536577,0.8978125260217
18.0,True,0.20396873610503263,0.2773792639303423,0.8846727726359698,0.5824175824175825,0.7717391304347826,06995,True,0.7714167194726733,0.970921374134357,0.9504089421455608
19.0,True,0.1705401047482807,0.24166427975445565,0.8598827077551707,0.6063829787234043,0.7473684210526316,06995,True,0.6639886431998798,0.9513484556684726,0.9367669144457385
20.0,True,0.18680858081707113,0.24665114143329026,0.9010834978615545,0.6292134831460674,0.8,06995,True,0.7011216220239962,0.9761228923037514,0.9627325774830624
21.0,True,0.15110361090042734,0.22263532786022217,0.8884462531172231,0.7222222222222222,0.7362637362637363,06995,True,0.5846673397786918,0.9333760420400373,0.929450996556672
22.0,True,0.16461033326396282,0.22341006864478802,0.9305276949005671,0.5747126436781609,0.7159090909090909,06995,True,0.6156782178798396,0.95569830411022,0.9139809538256113
23.0,True,0.1685529876390634,0.22263774860042507,0.9110356377517383,0.6705882352941176,0.6976744186046512,06995,True,0.6219917282772787,0.9341978658571506,0.8975774801154897
24.0,True,0.20238056864124887,0.2783435060486447,0.866798325341251,0.691358024691358,0.7560975609756098,06995,True,0.7706895347195961,0.9543792988845895,0.9420146063316421
25.0,True,0.1717175920700268,0.25220247939541174,0.8422474542754139,0.575,0.7037037037037037,06995,True,0.6851502162080522,0.9263970009548219,0.903286943117812
26.0,True,0.18838396894739173,0.23686550549709845,0.9226873059407841,0.6097560975609756,0.7349397590361446,06995,True,0.6862185909261507,0.9641090628980344,0.9285282671438915
27.0,True,0.18199551652075138,0.25754661769380105,0.919022829999908,0.6329113924050633,0.7375,06995,True,0.7115817646802783,0.9580281481225641,0.9303026444625027
28.0,True,0.16173695760831283,0.20631449404464425,0.949328295409122,0.6419753086419753,0.7560975609756098,06995,True,0.570670716488204,0.968452911198774,0.9420146063316421
29.0,True,0.16142640067760158,0.236752517692947,0.8803785518153243,0.6785714285714286,0.7529411764705882,06995,True,0.6366948916060082,0.9477271332549438,0.9401660133928242
30.0,True,0.22054368259050952,0.2754994602208226,0.913544582984541,0.6770833333333334,0.6701030927835051,06995,True,0.7881944808161888,0.9318879442812901,0.8675311074782625
31.0,True,0.20809337229336522,0.2574912612205091,0.907391342876506,0.6262626262626263,0.75,06995,True,0.7491269355394399,0.9678963208312064,0.9383939221908791
32.0,True,0.18408963102309336,0.2584357460352719,0.8556244896869375,0.6842105263157895,0.7291666666666666,06995,True,0.7163453473660784,0.9357839012625948,0.9243732890399324
33.0,True,0.22946073237948567,0.28639005008301166,0.8807303081873411,0.5918367346938775,0.7171717171717171,06995,True,0.8098942346206228,0.9574839125448609,0.9150239323388883
34.0,True,0.22410898648556687,0.2361786972172109,0.8770397180890918,0.5514018691588785,0.6296296296296297,06995,True,0.7358537935847272,0.9241660404358898,0.8102605352009581
35.0,True,0.22151797349400174,0.2574260631745765,0.967918411058715,0.5247524752475248,0.6764705882352942,06995,True,0.7654334447263318,0.9643643118071105,0.8750727777359991
36.0,True,0.21931604233609947,0.2752579984276244,0.8885978556660347,0.6161616161616161,0.71,06995,True,0.7865624729017766,0.9524462133652944,0.9089442514967543
37.0,True,0.18180687690096606,0.22037732000543928,0.8904586071132529,0.6363636363636364,0.73,06995,True,0.642303431036467,0.9550208973447862,0.9249864660402685
38.0,True,0.20939872901014395,0.252059890087521,0.891118062188536,0.6526315789473685,0.7291666666666666,06995,True,0.7426208183859737,0.957453379760234,0.9243732890399324
39.0,True,0.1895102849041476,0.24795055735046131,0.9442854983119628,0.5833333333333334,0.7731958762886598,06995,True,0.7076101694588945,0.9773680077313018,0.9511293126533057
40.0,True,0.1804715515421006,0.2355480139744346,0.9118460530082624,0.5274725274725275,0.6956521739130435,06995,True,0.6703838512631148,0.9523179105846311,0.8955966096124964
41.0,True,0.15811935237584138,0.23816391737712964,0.9203173963651674,0.6989247311827957,0.723404255319149,06995,True,0.6326389364659165,0.9382125617200632,0.9200058801433303
42.0,True,0.1651928779921861,0.2461820334057569,0.9050983583841266,0.7311827956989247,0.7659574468085106,06995,True,0.6622230873126991,0.9533192274521706,0.9474494839917023
43.0,True,0.1770641886369796,0.24925265588404932,0.8710136177496439,0.6413043478260869,0.7204301075268817,06995,True,0.6894281083685774,0.938701738341389,0.91766266821314
44.0,True,0.15155295984310738,0.18648605022165132,0.8711557109944857,0.6153846153846154,0.7391304347826086,06995,True,0.4966815678241534,0.951173276710463,0.9314112908347562
45.0,True,0.13705505333158272,0.19816854827850144,0.8878601461493647,0.6818181818181818,0.7078651685393258,06995,True,0.49161224124138697,0.9177641217839635,0.9070602518425899
46.0,True,0.14009945104387705,0.19612088143762146,0.949695748923495,0.7032967032967034,0.717391304347826,06995,True,0.49418492507489276,0.9408735443657279,0.9152041447974083
47.0,True,0.16476320348313883,0.24450948867741548,0.8602144587825482,0.6666666666666666,0.7912087912087912,06995,True,0.6582864316358471,0.960530838587017,0.9592531922530491
48.0,True,0.19173768065102614,0.26097154526479466,0.8665900978595985,0.6421052631578947,0.7708333333333334,06995,True,0.7319092003456473,0.9628143256001743,0.9499559565880816
49.0,True,0.16107235036233217,0.22123461192840563,0.8660300529886131,0.6559139784946236,0.7340425531914894,06995,True,0.6035719892970254,0.94055537825461,0.9278966515282523
50.0,True,0.1705298097430616,0.25014231743103615,0.8988985517152461,0.625,0.6853932584269663,06995,True,0.679394638788814,0.924286166388713,0.8850190957136392
51.0,True,0.167791223188569,0.2520596897046709,0.8933325396447723,0.6179775280898876,0.8222222222222222,06995,True,0.6777322707077793,0.976528996034777,0.9702992575188284
52.0,True,0.16809410246876239,0.22302633520744078,0.9384821671471084,0.7311827956989247,0.6808510638297872,06995,True,0.6219084649356602,0.9230116381810514,0.8800448721273368
53.0,True,0.17406361408225077,0.23485541871782165,0.941448447012354,0.5978260869565217,0.7526881720430108,06995,True,0.6575358966335398,0.9692857507397967,0.9400154711025932
54.0,True,0.20124097781701766,0.277911408939449,0.881248624359617,0.6041666666666666,0.8350515463917526,06995,True,0.7687016890755918,0.9822172540769964,0.9739660119108532
55.0,True,0.18785623361457388,0.26270728762251755,0.8708131707623099,0.6699029126213593,0.8173076923076923,06995,True,0.7288077773946106,0.9736043190648339,0.9687658469867332
56.0,True,0.15421387889308216,0.21936372502324056,0.9384233435966205,0.5876288659793815,0.7551020408163265,06995,True,0.5844374507718414,0.9664213637825242,0.9414374241758311
57.0,True,0.185717831451542,0.26418496301020733,0.892133635713939,0.5913978494623656,0.7978723404255319,06995,True,0.727825375434941,0.9750420357509498,0.9619176356895593
58.0,True,0.17969854638518018,0.26060547560902775,0.8477643006979843,0.6629213483146067,0.8,06995,True,0.7127750104528364,0.9645058213314642,0.9627325774830624
59.0,True,0.16778463496616622,0.20121722622054655,0.8734577514223087,0.6179775280898876,0.6888888888888889,06995,True,0.5710760905453284,0.9306392608452185,0.8887241134157825
60.0,True,0.19600470367661682,0.2638743372499703,0.9089785779603173,0.5862068965517241,0.7613636363636364,06995,True,0.7423460150553552,0.9704958005304554,0.944979915757533
61.0,True,0.16775610180937428,0.22260635405689294,0.9328968076304531,0.6666666666666666,0.75,06995,True,0.6203322514514344,0.9621035113621051,0.9383939221908791
62.0,True,0.18632227635702675,0.2801286947872001,0.8979248988145473,0.6705882352941176,0.8255813953488372,06995,True,0.7515971747067124,0.9766936139736728,0.9713051200338136
63.0,True,0.16449092075347338,0.2242402770835237,0.9053679619569132,0.6781609195402298,0.6931818181818182,06995,True,0.6172125909650583,0.9261068176834745,0.893130934721644
64.0,True,0.1595397761568334,0.20916855477129837,0.8807324695817447,0.611764705882353,0.7674418604651163,06995,True,0.5727143874142989,0.9630642910800551,0.9482248542632897
65.0,True,0.20197685503503968,0.23718952077262279,0.818757906426913,0.5714285714285714,0.5978260869565217,06995,True,0.7078039614533663,0.8520155639579061,0.7531905255616467
66.0,True,0.16562098494076605,0.21852272214143134,0.9499354356389512,0.6463414634146342,0.7108433734939759,06995,True,0.6070922947911321,0.9519327412166873,0.909679017417836
67.0,True,0.14368150630413187,0.19698217381519753,0.758654578131696,0.5977011494252874,0.625,06995,True,0.5054182455214636,0.7913390322428457,0.8026265958646293
68.0,True,0.15874594555018837,0.21240268797989603,0.9272117006782871,0.6222222222222222,0.7802197802197802,06995,True,0.5785791152184899,0.9718099322736254,0.9544654189593473
69.0,True,0.18264814007368457,0.24910979051812532,0.9213414344064144,0.627906976744186,0.8045977011494253,06995,True,0.6985942661669733,0.9781785122264411,0.9644367188699766
70.0,True,0.1645591807266609,0.22562327526468226,0.9236796412230528,0.7380952380952381,0.7529411764705882,06995,True,0.6202950681514577,0.9539286690691705,0.9401660133928242
71.0,True,0.14937309910276164,0.20853412439521113,0.9058308305870283,0.6206896551724138,0.7613636363636364,06995,True,0.5480420290638179,0.9608458201035476,0.944979915757533
72.0,True,0.1688778550967259,0.23416798895841573,0.8781576955468661,0.6373626373626373,0.6847826086956522,06995,True,0.6463890293703148,0.9183761984278486,0.8843609591442698
73.0,True,0.15897123197819643,0.23717225042511159,0.9106270020519772,0.6436781609195402,0.7840909090909091,06995,True,0.6324543059811907,0.966676836026086,0.9562102307495333
74.0,True,0.14613759342509086,0.19631142075961763,0.9269718115107339,0.5833333333333334,0.7294117647058823,06995,True,0.5097368171181554,0.9566520623436863,0.924554111391191
75.0,True,0.14993406158639297,0.2079728808658032,0.8612404330944334,0.627906976744186,0.735632183908046,06995,True,0.5480132314487459,0.9404568579392384,0.929012225220185
76.0,True,0.16901493946999413,0.26459149284897066,0.8978911476416097,0.5930232558139535,0.7471264367816092,06995,True,0.7010260264554794,0.9558924881854256,0.9366153089561157
77.0,True,0.16917017086107186,0.2175639283194147,0.877830610500592,0.6292134831460674,0.8111111111111111,06995,True,0.6121731762866107,0.9751472913889206,0.9667229605310181
78.0,True,0.17239783185415042,0.239692365843159,0.8423638309656034,0.5595238095238095,0.6823529411764706,06995,True,0.663730907722391,0.9181019975128176,0.8817098363157252
79.0,True,0.17872310198243754,0.25609554097841836,0.8967362128809843,0.6395348837209303,0.7931034482758621,06995,True,0.7038523405075552,0.9709335815274936,0.9600284316333882
80.0,True,0.1381306874334178,0.17440535575469432,0.8540087462729414,0.5476190476190477,0.6,06995,True,0.4300725699049562,0.8413523008881765,0.7574351435891535
81.0,True,0.1577274290846233,0.20751510398030454,0.9302923942967386,0.6309523809523809,0.7058823529411765,06995,True,0.5647644408313128,0.9456951881636861,0.9052791447134412
82.0,True,0.1707492665245784,0.24419323103470778,0.93551195322388,0.6395348837209303,0.7241379310344828,06995,True,0.66907215066109,0.9531244734938639,0.9205744789765871
83.0,True,0.1737402858029322,0.25773111786113706,0.9476752834940156,0.6666666666666666,0.8,06995,True,0.6980980097419704,0.9756533117868044,0.9627325774830624
84.0,True,0.15448128113308285,0.21205588949544527,0.8988632812017392,0.6781609195402298,0.6704545454545454,06995,True,0.5682582793078225,0.9040573645603835,0.8679572353534255
85.0,True,0.1756978485829533,0.2619998703407822,0.871780558175553,0.6235294117647059,0.7441860465116279,06995,True,0.7083909724822177,0.9496006995714691,0.9347458628319266
86.0,True,0.15220097982268466,0.20315834764100568,0.9384404981537129,0.5903614457831325,0.7261904761904762,06995,True,0.5415415965664315,0.9581688420291032,0.9221456334041088
87.0,True,0.17849357213538283,0.2288665488120639,0.9206019786082886,0.6024096385542169,0.7738095238095238,06995,True,0.6538045158641184,0.9735437787407467,0.951429784671965
88.0,True,0.1598155808968151,0.21824566088475283,0.8727116227243513,0.6395348837209303,0.7701149425287356,06995,True,0.5942564548331215,0.9592553428397043,0.9495939077897101
89.0,True,0.1474097335245883,0.21117469326808808,0.8531170195385493,0.6172839506172839,0.7439024390243902,06995,True,0.5496860344396384,0.9418598329669394,0.9345628624653107
90.0,True,0.1343795924948306,0.18827068581979964,0.9210128052987984,0.611764705882353,0.6395348837209303,06995,True,0.45868075226922883,0.8896079144287913,0.8258293132819927
91.0,True,0.1942828307135008,0.2913879880402105,0.8490874268996952,0.6705882352941176,0.7674418604651163,06995,True,0.77675087240411,0.9531511026513908,0.9482248542632897
92.0,True,0.28596141636590344,0.31871889592909614,0.6995347926986131,0.4838709677419355,0.48936170212765956,06995,True,0.8787446284300794,0.6634990323094271,0.4924461203821366
93.0,False,0.18372831922171404,0.28439568553072225,0.8462360656171642,0.6883116883116883,0.7307692307692307,06995,True,0.7535812352214898,0.9283031857782782,0.925548417469997
94.0,False,0.1612365656799348,0.25444139383803416,0.8165811727073051,0.6533333333333333,0.7236842105263158,06995,True,0.6694192984181755,0.9120326198675297,0.9202232826908212
95.0,False,0.16504305615076525,0.2760276019505973,0.7201630630165421,0.64,0.6973684210526315,06995,True,0.7117886215222131,0.8412742399650348,0.8972798955272355
96.0,False,0.1387686929053483,0.2124728192916067,0.892192418299771,0.6049382716049383,0.6707317073170732,06995,True,0.5313568189303777,0.9011412510241112,0.8682924672359539
97.0,False,0.14192487488791122,0.23241649757712282,0.837629554297595,0.6282051282051282,0.6708860759493671,06995,True,0.584124027761427,0.8677954710243093,0.868478865441122
98.0,False,0.1511178387005959,0.24976092529470836,0.8565970544138028,0.6172839506172839,0.7682926829268293,06995,True,0.6399984648881133,0.9489207263390264,0.9486643850710424
99.0,False,0.1457121157684407,0.2406010068609753,0.8760609262732177,0.6447368421052632,0.7272727272727273,06995,True,0.6100548199906302,0.9273557311194621,0.9229625571265984
100.0,False,0.16105853957470626,0.270870245232905,0.8243606132269403,0.6666666666666666,0.810126582278481,06995,True,0.6965513502787007,0.9564922500436875,0.9663867188232412
101.0,False,0.13782181391958595,0.2268751472232494,0.8560221421036607,0.5974025974025974,0.6153846153846154,06995,True,0.5619016484087334,0.8161038721319485,0.7860379276470474
102.0,False,0.12846882927791634,0.19725128185052937,0.8930957747791483,0.631578947368421,0.5974025974025974,06995,True,0.46621798509856294,0.8064064867148364,0.752357865370412
103.0,False,0.14381845135667554,0.22810495451549578,0.7732627671030383,0.6266666666666667,0.7368421052631579,06995,True,0.5794844819317738,0.9045618175031946,0.9298506189203917
104.0,False,0.13697190415603044,0.2198816554166397,0.8542863202384398,0.6282051282051282,0.620253164556962,06995,True,0.5440173788618485,0.8145240738995123,0.7945612584914961
105.0,False,0.13974605016806854,0.23060750061857058,0.8379862281768097,0.5897435897435898,0.6835443037974683,06995,True,0.5748787590972592,0.8874620277370222,0.883016301760892
106.0,False,0.1451964133084075,0.22468202416802427,0.6732088828008645,0.6153846153846154,0.6075949367088608,06995,True,0.5753211971711965,0.6605645812047654,0.7718714643379171
107.0,False,0.15854470236627768,0.2606088684954784,0.787948682915424,0.5897435897435898,0.6708860759493671,06995,True,0.6748305693835682,0.8598395319461691,0.868478865441122
108.0,False,0.13084430264407082,0.200454288239499,0.8821563602098492,0.5769230769230769,0.620253164556962,06995,True,0.48088550182324347,0.8480702609801908,0.7945612584914961
109.0,False,0.13551217722440434,0.22068640476438786,0.8119752171506355,0.620253164556962,0.625,06995,True,0.5420607838313346,0.791871756675146,0.8026265958646293
110.0,False,0.1366042732345634,0.22433688418877426,0.7431025228116984,0.6410256410256411,0.6329113924050633,06995,True,0.5531454349667073,0.7431429953042221,0.81553364168269
111.0,False,0.1160494147570196,0.18432169033435172,0.7872919603525543,0.5394736842105263,0.42857142857142855,06995,False,0.39698597882613557,0.3779471843561456,0.3379455071583915
112.0,False,0.12923725804063474,0.21294960260339296,0.7517582783830026,0.5657894736842105,0.5714285714285714,06995,True,0.5071361860367408,0.6573411599861508,0.6977936692913147
113.0,False,0.12983722743928203,0.21034541423409886,0.6637250595129245,0.5657894736842105,0.44155844155844154,06995,True,0.5025486611900833,0.2852969580116567,0.36929179071829255
114.0,False,0.10719873618256746,0.16673307239829324,0.7899454767005339,0.4868421052631579,0.4025974025974026,06995,False,0.32414761689095645,0.3430716595230618,0.2795132865861242
115.0,False,0.09811535286920996,0.1417164653648962,0.8317306808277684,0.5194805194805194,0.4230769230769231,06995,False,0.23307767831553378,0.415483281585278,0.3250823147033053
116.0,False,0.10774981218547834,0.15885647328834193,0.7237834007484795,0.631578947368421,0.36363636363636365,06995,False,0.3045678849233343,0.17406875495723775,0.20448451619294922
117.0,False,0.12876216648541863,0.15154355386594634,0.8810503631127423,0.5432098765432098,0.5,06995,False,0.3391901954952463,0.7076782849692305,0.5205322285906203
118.0,False,0.12130218328152262,0.1678889507109171,0.9243515671699861,0.5974025974025974,0.5512820512820513,06995,False,0.367189122027083,0.7788479659405492,0.6511201852126168
119.0,False,0.09798555053642075,0.14299441310451114,0.8364266550555854,0.5657894736842105,0.35064935064935066,06995,False,0.2360082989277512,0.2500544076482871,0.18306697815092005
0.0,True,0.3173258155310739,0.42265327663039126,0.8723276718540739,0.647887323943662,0.8611111111111112,07162,True,0.9440985926753972,0.9896497292837585,0.9821526455272549
1.0,True,0.39112835812761804,0.5666404693502105,0.8040166765787229,0.6764705882352942,0.9130434782608695,07162,True,0.9752303346251445,0.9912845086669348,0.9896627647886714
2.0,True,0.35599727867343345,0.48768531067231913,0.821365085301726,0.7058823529411765,0.8840579710144928,07162,True,0.9629963157928882,0.9887436207791198,0.9859718057646493
3.0,True,0.32864545315777155,0.4219688807422289,0.8555843837747694,0.6119402985074627,0.8529411764705882,07162,True,0.9466363009055583,0.9895235912828858,0.9805598060486014
4.0,True,0.3120850994160505,0.48297217308028667,0.9016873174291297,0.7352941176470589,0.8985507246376812,07162,True,0.9545919025145102,0.9908387154675131,0.9879561622741543
5.0,True,0.4152944278470106,0.5364418680963619,0.9074068499953253,0.6388888888888888,0.8904109589041096,07162,True,0.9749649933943755,0.9946151220760712,0.9868785187403353
6.0,True,0.36099789196458076,0.4915617308709988,0.932746811173801,0.6461538461538462,0.9393939393939394,07162,True,0.9642303670378138,0.9964163449107385,0.9921749495424036
7.0,True,0.33713805036688155,0.4711017054421024,0.8936798750561279,0.6615384615384615,0.8636363636363636,07162,True,0.9575039424641074,0.9903967033180895,0.982618534453369
8.0,True,0.4103140540838983,0.559791067203258,0.8957249118145576,0.5970149253731343,0.9264705882352942,07162,True,0.9763861154138251,0.9960384788224373,0.9910292623629617
9.0,True,0.3201698022632721,0.4550776318330802,0.9463357306350598,0.6923076923076923,0.9393939393939394,07162,True,0.9514288030453545,0.9957877200755803,0.9921749495424036
10.0,True,0.33387602916388426,0.37570094414660354,0.8512169930084338,0.65625,0.8461538461538461,07162,True,0.936260881598123,0.9893123241299024,0.9791312335087045
11.0,True,0.30499419834489233,0.43266294855810566,0.8507165517357989,0.6811594202898551,0.9,07162,True,0.943239523834386,0.9906913291713352,0.9881386505100505
12.0,True,0.30326122419876905,0.4234708336787674,0.8487257898110133,0.6615384615384615,0.8333333333333334,07162,True,0.9406310730731043,0.9834440804444302,0.9761472854102181
13.0,True,0.2959535500860183,0.3461342730134367,0.9050302327735438,0.559322033898305,0.9333333333333333,07162,True,0.9135783954268787,0.9965596742177891,0.9916569555885594
14.0,True,0.2863726989136761,0.3538147908543302,0.8964366635323817,0.5714285714285714,0.859375,07162,True,0.9128789296691173,0.992043955451692,0.9818252567845003
15.0,True,0.31022322531193064,0.44692713219284996,0.888067314693628,0.734375,0.8769230769230769,07162,True,0.947598977604273,0.9889756900735458,0.9848797395126373
16.0,True,0.2866189904349006,0.4046939242523636,0.9207582941713532,0.676923076923077,0.8787878787878788,07162,True,0.9306054361435961,0.9914109725350901,0.9851729951800048
17.0,True,0.2959263047390466,0.4034421017025169,0.8140041810838753,0.6349206349206349,0.84375,07162,True,0.9332595421619613,0.9836363458459864,0.9786010344071289
18.0,True,0.30480410651337025,0.4436838874335382,0.8624642135769404,0.671875,0.8307692307692308,07162,True,0.9456024623838005,0.9829827400091825,0.97550236803225
19.0,True,0.2803403889236147,0.40762283976721436,0.9114073266909362,0.7333333333333333,0.9016393442622951,07162,True,0.9293189737550424,0.9914938632667877,0.9883417803589105
20.0,True,0.2643738208698005,0.35758763035925617,0.8250457477831616,0.6885245901639344,0.8870967741935484,07162,True,0.9046386702853275,0.9875924861215166,0.9864129684224063
21.0,True,0.2938145424920185,0.4294960045522319,0.7906368808662684,0.6885245901639344,0.9354838709677419,07162,True,0.939434129208469,0.9906733603645306,0.9918445405222143
22.0,True,0.3159949143768451,0.4447169418960233,0.8631518129347704,0.609375,0.8615384615384616,07162,True,0.9485025192613731,0.9894510447913273,0.9822323413424952
23.0,True,0.2936204114544779,0.39849701294518036,0.8570813225626924,0.6129032258064516,0.8571428571428571,07162,True,0.9311001905993365,0.9885449035676057,0.9813956559787301
24.0,True,0.3339726174620348,0.4436038054276535,0.8328427365424107,0.6779661016949152,0.9333333333333333,07162,True,0.9521671298803667,0.9935792526199049,0.9916569555885594
25.0,True,0.27600530084214736,0.39386916191514665,0.8830842786837233,0.6571428571428571,0.8169014084507042,07162,True,0.9234664803495435,0.982087533179056,0.9717090028651932
26.0,True,0.2827858267461725,0.3755208886010399,0.8777879014756691,0.5967741935483871,0.9206349206349206,07162,True,0.9197781443960984,0.9944102830168713,0.990458850090876
27.0,True,0.2735984934045148,0.3990820501583862,0.9077585002459098,0.631578947368421,0.9310344827586207,07162,True,0.9242402782872443,0.994585562332311,0.9914517011217869
28.0,True,0.31431024122483114,0.44170469530085815,0.9058357078783049,0.6612903225806451,0.7619047619047619,07162,True,0.9474987875723113,0.9753499885697179,0.9502691608683672
29.0,True,0.30443916631051476,0.41321776196478555,0.9030447890469369,0.6716417910447762,0.9558823529411765,07162,True,0.9384146650506197,0.9958979426493046,0.9934282016345569
30.0,True,0.2846633664392511,0.423825637127365,0.9150630064063414,0.7936507936507936,0.9375,07162,True,0.9352470418337387,0.993108845609108,0.9920165999543562
31.0,True,0.3082698996980188,0.426139836309701,0.9028382107838376,0.8,0.9545454545454546,07162,True,0.942600598200926,0.9945036263355889,0.9933344822343552
32.0,True,0.26172621969672827,0.36295387204237883,0.8862838067134995,0.5925925925925926,0.8909090909090909,07162,True,0.9056901071707697,0.9922216789124517,0.9869471182077553
33.0,True,0.25830148323562,0.3591158182610575,0.8350882252924414,0.6885245901639344,0.8064516129032258,07162,True,0.9023057549495819,0.9737790732085284,0.9684796321578716
34.0,True,0.2600131980438681,0.3894450026827141,0.8389353538389906,0.7096774193548387,0.9523809523809523,07162,True,0.9153702023913644,0.9925092845120309,0.9931799235853014
35.0,True,0.2868070366874549,0.37595103054188284,0.8748169164066366,0.5689655172413793,0.9491525423728814,07162,True,0.9214647841202773,0.9960059029168572,0.9929427585455767
36.0,True,0.34396525113643994,0.5098939967111963,0.8400090928930006,0.6833333333333333,0.9508196721311475,07162,True,0.9640589897630915,0.9940901426585516,0.9930662340406599
37.0,True,0.32079074029375937,0.46088248083312605,0.908888460156934,0.6271186440677966,0.9333333333333333,07162,True,0.9526178920376943,0.9953653378532443,0.9916569555885594
38.0,True,0.3020219442554393,0.5057337317483173,0.8638031049042758,0.7971014492753623,0.9,07162,True,0.9561020501554858,0.9865236766405487,0.9881386505100505
39.0,True,0.2971291560918162,0.4091275964268306,0.8503091734116832,0.6031746031746031,0.875,07162,True,0.935200708969592,0.9901335920936026,0.9845713386503455
40.0,True,0.31812185286886174,0.41343471207338944,0.8803822074420726,0.6515151515151515,0.835820895522388,07162,True,0.9421373963635176,0.9876075286045632,0.9767571086731014
41.0,True,0.3530058452911706,0.506294161540868,0.9350192929676882,0.6956521739130435,0.9142857142857143,07162,True,0.9649363512421505,0.9946510451356955,0.9897973924234247
42.0,True,0.37880882144625677,0.37012431025215187,0.8620763792886188,0.6231884057971014,0.8142857142857143,07162,True,0.9451877196613132,0.9898687810932068,0.9709321359246015
43.0,True,0.35784158984230413,0.5447271386510159,0.8975319792588452,0.6935483870967742,0.9523809523809523,07162,True,0.9697864252450045,0.9953574730674853,0.9931799235853014
44.0,True,0.3422412748523057,0.48015387981392404,0.9072033387208269,0.7230769230769231,0.8787878787878788,07162,True,0.9597676676299723,0.9911202382737542,0.9851729951800048
45.0,True,0.31586573273329976,0.4145695856860982,0.9054846739697634,0.5094339622641509,0.9074074074074074,07162,True,0.9418328712438927,0.9957036990716857,0.9890295413349657
46.0,True,0.2618306339635714,0.3582120945160471,0.8126951909440226,0.7049180327868853,0.9032258064516129,07162,True,0.9036696719778771,0.9881293003229796,0.9885350832974681
47.0,True,0.360544548331383,0.5332510224561015,0.8253110240598597,0.7017543859649122,0.9137931034482759,07162,True,0.968963809336262,0.9910388159628397,0.9897442144822524
48.0,True,0.35839112901256065,0.5208228372508823,0.855994328123566,0.7241379310344828,0.9491525423728814,07162,True,0.9673617570085138,0.9941939937353825,0.9929427585455767
49.0,True,0.29681169365031446,0.45874880167880167,0.8667143041919616,0.7288135593220338,0.9333333333333333,07162,True,0.9466977741976251,0.9921581793156775,0.9916569555885594
50.0,True,0.3325900458560076,0.4545219665636439,0.8670482234026877,0.59375,0.8923076923076924,07162,True,0.9538794389244861,0.992945391077427,0.9871378382667376
51.0,True,0.38423479360157764,0.45965702446915063,0.907305919964771,0.7258064516129032,0.9523809523809523,07162,True,0.9631861447729327,0.996513377211236,0.9931799235853014
52.0,True,0.3169995814111729,0.4439677150057702,0.9162531623688853,0.6774193548387096,0.873015873015873,07162,True,0.9485824936255114,0.9914045428828439,0.9842466583313689
53.0,True,0.3177376527441774,0.40191296509810637,0.888385125301635,0.5833333333333334,0.8524590163934426,07162,True,0.9391549843973177,0.9913543305338877,0.9804615653142189
54.0,True,0.3201115755929117,0.42544091262514533,0.916065210566433,0.6296296296296297,0.8181818181818182,07162,True,0.9454035700669607,0.9877957074813873,0.9720819019226833
55.0,True,0.40741936308432414,0.4610403309984008,0.9008703184163913,0.5833333333333334,0.9180327868852459,07162,True,0.9663319035619224,0.9966662510894226,0.990193058511879
56.0,True,0.3323170850224368,0.4653812881234727,0.92835408270577,0.6,0.8928571428571429,07162,True,0.955688600530966,0.9944092334262382,0.9872120092183779
57.0,True,0.3065623944285028,0.42138151815428904,0.835453792042901,0.5873015873015873,0.84375,07162,True,0.9410240517056643,0.986665755773964,0.9786010344071289
58.0,True,0.37664828778939086,0.5015135759359851,0.8658892371736883,0.7333333333333333,0.9180327868852459,07162,True,0.9675144150050298,0.9933231059839582,0.990193058511879
59.0,True,0.2848416763845497,0.4096209220861049,0.8371892520112371,0.7352941176470589,0.8695652173913043,07162,True,0.9314313169413458,0.984450519012085,0.983665909851036
60.0,True,0.40380950330776094,0.5892581760593132,0.9161499067287253,0.782608695652174,0.9285714285714286,07162,True,0.9779465377616904,0.9943137092090673,0.9912262284065498
61.0,True,0.4105739508866639,0.5124768399072469,0.8922566401907697,0.625,0.9076923076923077,07162,True,0.9723917240284758,0.9953888463331793,0.9890624518201735
62.0,True,0.39752841807235,0.5199350022591315,0.9400332048214011,0.6575342465753424,0.918918918918919,07162,True,0.9718057440434573,0.996127389308982,0.9902843844771996
63.0,True,0.329130947284646,0.4190460951546688,0.8145138699245589,0.5714285714285714,0.8589743589743589,07162,True,0.9461032317981439,0.9892233156184214,0.9817488724305092
64.0,True,0.36337474925900903,0.4813349392933283,0.9054025729125904,0.5970149253731343,0.8970588235294118,07162,True,0.9632289197012496,0.9947568696854799,0.9877654099309091
65.0,True,0.307838522710076,0.3472200035700262,0.777424536291251,0.6923076923076923,0.7424242424242424,07162,True,0.9185181818499374,0.9566410885977608,0.9394833851924125
66.0,True,0.35754971567695026,0.4984677996159611,0.9005789337971692,0.6721311475409836,0.9516129032258065,07162,True,0.9646153118462673,0.9959909794128972,0.9931242289105201
67.0,True,0.3293508051162454,0.3987764499002771,0.9115284770824619,0.6417910447761194,0.8382352941176471,07162,True,0.9413485465443819,0.9906112686572824,0.9773344287026658
68.0,True,0.3286554474420269,0.5098487987026752,0.8724362503548296,0.6923076923076923,0.803030303030303,07162,True,0.9616327582274178,0.9775673039539065,0.9673468049259515
69.0,True,0.2870852918838186,0.40226590734271234,0.8381995325138847,0.6811594202898551,0.8714285714285714,07162,True,0.9300495136011772,0.9868362108938775,0.9839820814131571
70.0,True,0.36936674978188483,0.4059930186464752,0.8379130239833412,0.49230769230769234,0.7878787878787878,07162,True,0.9516126911798235,0.9873086746407072,0.961840130181092
71.0,True,0.30406565352455495,0.4089809754205719,0.8755680096752434,0.6901408450704225,0.875,07162,True,0.9372102648526079,0.989835874519809,0.9845713386503455
72.0,True,0.3263695423942117,0.44831123419393754,0.8450922743148384,0.6753246753246753,0.7692307692307693,07162,True,0.9514816378090489,0.9707028067789326,0.9538333976510763
73.0,True,0.3531425082925127,0.47809347588793655,0.9139812604002493,0.5769230769230769,0.8227848101265823,07162,True,0.9612377781005619,0.9898668792176717,0.9733834153189914
74.0,True,0.39214375395084905,0.4119002665605487,0.918726245761869,0.5588235294117647,0.8405797101449275,07162,True,0.9566553990748475,0.9942705604671638,0.9778815999617257
75.0,True,0.42669652419031884,0.501819838585791,0.8987635839295318,0.696969696969697,0.9701492537313433,07162,True,0.9728937592671838,0.9973560250840989,0.9943503317364164
76.0,True,0.31180538004151215,0.49676856139237335,0.8148771301117603,0.7058823529411765,0.855072463768116,07162,True,0.956715553627251,0.9805581506141509,0.9809882890109727
77.0,True,0.35825672475979403,0.5192657867567104,0.8209406408358173,0.7058823529411765,0.8695652173913043,07162,True,0.9671709243506392,0.9863300012455836,0.983665909851036
78.0,True,0.40698050315711365,0.5337213595539455,0.9135828353414425,0.6268656716417911,0.8235294117647058,07162,True,0.9739863804159893,0.9901467421317908,0.9735883338370923
79.0,True,0.37808055191604784,0.501651842574872,0.8069515089670078,0.7368421052631579,0.8620689655172413,07162,True,0.9677070199924691,0.9854328839767199,0.9823307880671117
80.0,True,0.4233889323074307,0.5295358043424968,0.8493575215684065,0.6166666666666667,0.8360655737704918,07162,True,0.9750873440488284,0.9894960888152068,0.9768162627087793
81.0,True,0.4006843811407709,0.5310262161462435,0.9524734037163112,0.5737704918032787,0.8548387096774194,07162,True,0.973152078726576,0.9943232891925259,0.9809417499808737
82.0,True,0.3671681187546385,0.5249207589508676,0.8287368835481537,0.6721311475409836,0.7580645161290323,07162,True,0.9689125965681235,0.9665144495821135,0.9482980834133736
83.0,True,0.4469652990970422,0.6264290906235425,0.8488683921724282,0.671875,0.8923076923076924,07162,True,0.9829544273681821,0.9923724711036093,0.9871378382667376
84.0,True,0.31259079681737006,0.46637724733990116,0.9004912505861673,0.711864406779661,0.8833333333333333,07162,True,0.9518518936589557,0.9902924649686309,0.9858645375323607
85.0,True,0.3229461497082745,0.43006296262865173,0.9238908458774844,0.6451612903225806,0.873015873015873,07162,True,0.9470742873384674,0.9927291870543274,0.9842466583313689
86.0,True,0.35934954464471136,0.5154223826849491,0.884850752673119,0.559322033898305,0.9166666666666666,07162,True,0.9668825498169171,0.9951511992192845,0.9900505965013348
87.0,True,0.3406772067399735,0.4207140977243262,0.9195035850167004,0.6779661016949152,0.9166666666666666,07162,True,0.9490101824022703,0.9953144643494141,0.9900505965013348
88.0,True,0.3734255928101167,0.6196020413767477,0.9385069690433225,0.6964285714285714,0.9298245614035088,07162,True,0.9774107141585983,0.9948406535525413,0.9913416696546883
89.0,True,0.3289674228068993,0.4657981659214051,0.8485364532360121,0.7,0.8591549295774648,07162,True,0.9551166237200592,0.9864048881114068,0.9817833381034408
90.0,True,0.4619687928806988,0.585452090634215,0.8040162779269653,0.56,0.8026315789473685,07162,True,0.9816601133407938,0.9851011607783662,0.9672122511795446
91.0,True,0.3810444358349789,0.5004697943836784,0.9163763082540807,0.5657894736842105,0.8961038961038961,07162,True,0.9679343172925586,0.9954604484290915,0.9876417513069635
92.0,True,0.3357781403460296,0.4397336754893445,0.8791663796112896,0.6101694915254238,0.85,07162,True,0.9518017881116847,0.9902419599441691,0.9799529205733225
93.0,True,0.33112153560437346,0.4690633225728522,0.8537344974728902,0.7611940298507462,0.8676470588235294,07162,True,0.9560698066787224,0.9861167968296446,0.9833340294840609
94.0,True,0.3146222784984096,0.4961138011241553,0.8661691892284704,0.6716417910447762,0.8823529411764706,07162,True,0.9571671478341777,0.9889297342696471,0.9857181221080572
95.0,True,0.30217080469795643,0.4463521442120231,0.8725472897442919,0.671875,0.8615384615384616,07162,True,0.9455023173077723,0.9874969985210151,0.9822323413424952
96.0,True,0.32102566991544146,0.5002561495851008,0.8864674752694958,0.7,0.9016393442622951,07162,True,0.9589801188047248,0.9912543146081785,0.9883417803589105
97.0,True,0.33759615610478777,0.48197527704867593,0.9003366198183956,0.625,0.8769230769230769,07162,True,0.9592471320087759,0.9921881768712347,0.9848797395126373
98.0,True,0.27193023986621134,0.37202692764674317,0.83483661572083,0.6031746031746031,0.90625,07162,True,0.9140461511931868,0.9917151994217512,0.9888948325214058
99.0,True,0.2718564460691729,0.3695000805270657,0.8668194825561759,0.6129032258064516,0.7936507936507936,07162,True,0.9130309073129786,0.9791572117436772,0.9640358849450674
100.0,True,0.29173362141772546,0.447048009377683,0.7743843720895858,0.6774193548387096,0.8888888888888888,07162,True,0.9428996881358105,0.9840307557199243,0.9866666976798922
101.0,True,0.2471386470538348,0.374123921507454,0.745397949226114,0.6984126984126984,0.828125,07162,True,0.9031068400563275,0.9637969631091476,0.9748195002946622
102.0,True,0.22728284514744526,0.28265547392426604,0.849109507056585,0.5806451612903226,0.7936507936507936,07162,True,0.8313982260627025,0.9785572519688127,0.9640358849450674
103.0,True,0.23167317921331754,0.36628444754545836,0.9383354168437262,0.65625,0.8769230769230769,07162,True,0.8906583414305025,0.9899318924376268,0.9848797395126373
104.0,True,0.244629960351999,0.3500261752111063,0.7973510228943185,0.6721311475409836,0.8548387096774194,07162,True,0.8904590077769042,0.9796198561604818,0.9809417499808737
105.0,True,0.2165415866575779,0.3109976373050398,0.8878145575172098,0.6615384615384615,0.8939393939393939,07162,True,0.8452949458183696,0.9898263967694102,0.9873568709046208
106.0,True,0.2849028294190785,0.4063530612744893,0.9261534149458938,0.65,0.9016393442622951,07162,True,0.9305115156050291,0.9934988868551768,0.9883417803589105
107.0,True,0.31689148398851263,0.4204910075463308,0.7327678357981053,0.6779661016949152,0.75,07162,True,0.9434935746793351,0.9447419280773224,0.9439160445723623
108.0,True,0.25709599365318125,0.35311014969932675,0.8373370201408099,0.7096774193548387,0.8095238095238095,07162,True,0.8989260256012295,0.9739070497755553,0.9694643932460695
109.0,True,0.25911134172852845,0.38484789163955346,0.8485230447704902,0.6190476190476191,0.90625,07162,True,0.913266284585406,0.9908962823567109,0.9888948325214058
110.0,True,0.25896014826534136,0.31900806772116436,0.8786632622590937,0.5692307692307692,0.7727272727272727,07162,True,0.8819004337476594,0.9796156997127738,0.9554475733771162
111.0,True,0.2944741974825916,0.42373729777712416,0.8361373679339815,0.640625,0.8615384615384616,07162,True,0.9382093088735194,0.9864355864258012,0.9822323413424952
112.0,True,0.2787734430528601,0.35589547288150175,0.8623376825869224,0.65625,0.8615384615384616,07162,True,0.9105228787492561,0.9886304829735645,0.9822323413424952
113.0,True,0.2093848298179893,0.2960145572730981,0.8860367389318883,0.7413793103448276,0.8813559322033898,07162,True,0.8260666399046126,0.9863422426979466,0.9855676923971217
114.0,True,0.2415304780319169,0.36325735965388384,0.8932753378863135,0.71875,0.9076923076923077,07162,True,0.895131584393834,0.9903597073816619,0.9890624518201735
115.0,True,0.2563202822953603,0.36750090916885375,0.9210429710602946,0.7096774193548387,0.873015873015873,07162,True,0.9049803118281327,0.9894109883709793,0.9842466583313689
116.0,True,0.2647950818166251,0.3823758258681452,0.8862603789117097,0.6721311475409836,0.9193548387096774,07162,True,0.9148750966141115,0.9927072467408564,0.9903290014267442
117.0,True,0.24418305915500632,0.37286518241896527,0.890735207057413,0.6212121212121212,0.8656716417910447,07162,True,0.9009825989647365,0.9880945993378298,0.9829853145871189
118.0,True,0.23549807998571462,0.30699328986911645,0.8635934175359026,0.7536231884057971,0.8,07162,True,0.8580565215056988,0.972177114310666,0.966310671168415
119.0,True,0.2282273364171849,0.32982194449277424,0.8508999931602033,0.734375,0.9076923076923077,07162,True,0.8680302271570434,0.9881128784237659,0.9890624518201735
0.0,True,0.2048256097797182,0.24382706811965232,0.6560243316701355,0.6020408163265306,0.6161616161616161,07859,True,0.7269263748792888,0.4447434929890567,0.7258133859810475
1.0,True,0.22834285562498247,0.30295517716445064,0.6277400937100797,0.5714285714285714,0.5555555555555556,07859,True,0.8282839105670986,0.3220397146291795,0.5803266898728819
2.0,True,0.24574963475254394,0.30635331945849636,0.6389597132200181,0.6105263157894737,0.5833333333333334,07859,True,0.8500678661290162,0.40242422227892083,0.6506146928492836
3.0,True,0.24603369501403044,0.3449857862556004,0.6107715900294444,0.6122448979591837,0.5757575757575758,07859,True,0.875196051653554,0.30186415268796063,0.6319452559334069
4.0,True,0.25716912010268006,0.3076315183533399,0.6321084365752517,0.5978260869565217,0.6344086021505376,07859,True,0.8617876123009897,0.5039589833379773,0.762962955716227
5.0,True,0.16926936673307874,0.22255088234575163,0.5961883084655072,0.6161616161616161,0.64,07859,True,0.6104464370738903,0.2369735975891449,0.773626446919339
6.0,True,0.13445152939290309,0.17437295371795006,0.6779584866961307,0.6907216494845361,0.5714285714285714,07859,True,0.3947048414704342,0.21267787651324646,0.6210924161807582
7.0,True,0.17722222079404526,0.2483733061944066,0.6301639612982473,0.63,0.594059405940594,07859,True,0.6753038397882324,0.25167218926362483,0.6762667600506025
8.0,True,0.21335773873179753,0.2793968292855621,0.5456446962644889,0.6796116504854369,0.5384615384615384,07859,True,0.7856777754169544,0.09245694088130889,0.5351815576518623
9.0,True,0.23116082649633055,0.2905776740441454,0.5863728489560913,0.5643564356435643,0.5784313725490197,07859,True,0.8210269125600723,0.26888404627006046,0.6385831124814986
10.0,True,0.2792803751062851,0.37013145110191215,0.5569030126556853,0.7040816326530612,0.6767676767676768,07859,True,0.9102804719620903,0.3037412911057277,0.8351882661394655
11.0,True,0.1501532528840345,0.1954717461311635,0.6338870243648851,0.6886792452830188,0.6355140186915887,07859,True,0.4970007697714573,0.23305447993152617,0.7650982895370294
12.0,True,0.16958452244300284,0.26015838170764094,0.7400196964175999,0.6116504854368932,0.6346153846153846,07859,True,0.6746531582106114,0.6034794611328501,0.7633634128087783
13.0,True,0.165991935931727,0.24274884428949636,0.7098012476051491,0.6372549019607843,0.6116504854368932,07859,True,0.6376753314435708,0.4528577903725775,0.7160900981656951
14.0,True,0.15380166624659408,0.17744416574672983,0.63261010742639,0.6788990825688074,0.6090909090909091,07859,True,0.4658020210501318,0.2211662907492556,0.7104816069998834
15.0,True,0.17189227537756135,0.19796226126953675,0.6054951394645081,0.5961538461538461,0.6095238095238096,07859,True,0.567467653705804,0.24663067533972108,0.7114347722267566
16.0,True,0.19366975808627726,0.26528302457720027,0.5038225117337743,0.580952380952381,0.6037735849056604,07859,True,0.7350319065648095,0.10139490885493854,0.6986234161888055
17.0,True,0.21244779099580932,0.3047908999420683,0.6580461387283685,0.6698113207547169,0.616822429906542,07859,True,0.8092097095399936,0.3907179672729995,0.727220179648855
18.0,True,0.26952686521815905,0.30604975430388875,0.5961108787081866,0.5648148148148148,0.6330275229357798,07859,True,0.8712122428305559,0.4492324528261374,0.760276378722728
19.0,True,0.24385132128550488,0.3243014446977833,0.6960227453524093,0.6272727272727273,0.6306306306306306,07859,True,0.8606853219194945,0.6228319381349491,0.7555644872594538
20.0,True,0.20170602665526766,0.2604694141511522,0.6792837954239461,0.6862745098039216,0.6310679611650486,07859,True,0.7439085842019385,0.4535522537605724,0.7564288595107517
21.0,True,0.23520822715865625,0.2877511177097895,0.5456539528764577,0.6952380952380952,0.6037735849056604,07859,True,0.8233958917809718,0.1562524191499414,0.6986234161888055
22.0,True,0.1578014617223052,0.20254065120907147,0.678822620767144,0.5981308411214953,0.5277777777777778,07859,True,0.5366483972599585,0.2636875076912941,0.5066213637528078
23.0,True,0.12428485208623394,0.1731508764800971,0.8821797196278597,0.6509433962264151,0.5607476635514018,07859,False,0.3562062781911504,0.7254038753559346,0.5938118299820153
24.0,True,0.16007205691884008,0.2318761678437953,0.7126280034367889,0.580952380952381,0.6509433962264151,07859,True,0.6020477525318669,0.5607617077847823,0.7935005785947303
25.0,True,0.21738435479034549,0.30803715291504574,0.5314913036725041,0.7047619047619048,0.6509433962264151,07859,True,0.8187652842230456,0.14694659293096762,0.7935005785947303
26.0,True,0.234107764800641,0.27517898751643477,0.49722529596978726,0.6262626262626263,0.6,07859,True,0.8102060357485437,0.1147957048860791,0.6900426771373914
27.0,True,0.1743495061706051,0.24348575855735208,0.619316030742029,0.6138613861386139,0.5490196078431373,07859,True,0.6604983046824016,0.18214527939255043,0.5631816031391573
28.0,True,0.18872688893449718,0.27734763312908384,0.6961217377410565,0.68,0.6336633663366337,07859,True,0.7406111229151682,0.4689599177616753,0.7615158519285968
29.0,True,0.19153590626481806,0.22942954471207733,0.8071093676684189,0.580952380952381,0.6037735849056604,07859,True,0.6773780749082021,0.8044677518956695,0.6986234161888055
30.0,True,0.16321631081027776,0.21119651866770436,0.7229508549488283,0.65625,0.6701030927835051,07859,True,0.571047160835807,0.5839912308350562,0.8251223421718085
31.0,True,0.1841810179588722,0.21810676924437103,0.7017240688783428,0.6060606060606061,0.6,07859,True,0.640261543124193,0.5032547008652968,0.6900426771373914
32.0,True,0.16744230917085928,0.2523067829664343,0.7561335244956907,0.648936170212766,0.6736842105263158,07859,True,0.6571195189458088,0.6781405566113249,0.8305901101302189
33.0,True,0.14956493395422468,0.2071455335649258,0.6158066603563325,0.5416666666666666,0.5051546391752577,07859,True,0.5207765815120484,0.13432217627054874,0.4462310307948618
34.0,True,0.11691611571821126,0.1765367421055767,0.814828110886632,0.6947368421052632,0.5520833333333334,07859,False,0.33724508215798166,0.45986101928402356,0.5712397697672367
35.0,True,0.18487026502022622,0.2595725818871161,0.6504842589638923,0.6451612903225806,0.6170212765957447,07859,True,0.7092965603118818,0.3379284879528538,0.727642616605834
36.0,True,0.13059297997388628,0.1876518306376237,0.8116557196101143,0.5957446808510638,0.6105263157894737,07859,True,0.41245520375733136,0.67678408347787,0.713634923482729
37.0,True,0.12164301835680472,0.18173128388407642,0.8848743779958973,0.6105263157894737,0.5833333333333334,07859,False,0.36639847923005725,0.7723956406098732,0.6506146928492836
38.0,True,0.15049547271787814,0.21927674933347854,0.8303792481787386,0.5851063829787234,0.6210526315789474,07859,True,0.5488259678659104,0.7851421414457669,0.7361181628572951
39.0,True,0.1688356605693252,0.23491867686711193,0.6863950683426923,0.6451612903225806,0.5851063829787234,07859,True,0.63181728668284,0.34965871413324423,0.6549206652389432
40.0,True,0.20019915895399462,0.27955341135697104,0.6667612766466238,0.6086956521739131,0.6129032258064516,07859,True,0.7644317439140839,0.4363638877854809,0.7188110488692231
41.0,True,0.20982792485584104,0.29237434140403407,0.6232706855660325,0.5777777777777777,0.6043956043956044,07859,True,0.7936815098145011,0.34443233719526917,0.7000247972600988
42.0,True,0.18494955772726712,0.2511615636575816,0.6513009019522478,0.6129032258064516,0.6063829787234043,07859,True,0.6972969775972196,0.351017959954369,0.704477174841883
43.0,True,0.12977883847348384,0.19052378330621572,0.9138815093834621,0.6666666666666666,0.6382978723404256,07859,False,0.4160522153466692,0.8671232616949329,0.7704165916757513
44.0,True,0.15123022376351392,0.2268921127525216,0.6978177629945639,0.6451612903225806,0.6170212765957447,07859,True,0.5660608983074982,0.38089267436543295,0.727642616605834
45.0,True,0.15888863027345462,0.2333605810828063,0.6466299640241768,0.6989247311827957,0.5638297872340425,07859,True,0.6013221363147275,0.17703844464068771,0.6017518062097055
46.0,True,0.20500194479321762,0.27509474614531637,0.6124201204343753,0.6774193548387096,0.5851063829787234,07859,True,0.7675335494835023,0.22264914326577465,0.6549206652389432
47.0,True,0.1503070546338139,0.2211264813578994,0.6810671576275669,0.6304347826086957,0.5591397849462365,07859,True,0.5519089065025004,0.2619536628246644,0.5896498804142926
48.0,True,0.1403264583946748,0.20705026578884156,0.6627653947328698,0.5760869565217391,0.5161290322580645,07859,True,0.4898057009304893,0.18438092020161906,0.47543863926824403
49.0,True,0.20331506523138862,0.2991908220317495,0.6508397945404149,0.6444444444444445,0.6153846153846154,07859,True,0.7903754971858189,0.3678609534759561,0.7241534814059621
50.0,True,0.21894475520453116,0.34056978704991436,0.6685348450864422,0.6923076923076923,0.6521739130434783,07859,True,0.8454865397628342,0.4653794244014741,0.7956525960298736
51.0,True,0.18159107441730676,0.2763998655469947,0.624197378808143,0.6593406593406593,0.5543478260869565,07859,True,0.7248513006836682,0.17798808854577738,0.577171867628756
52.0,True,0.18228103336078233,0.25321344514318683,0.6715911610633657,0.6222222222222222,0.6263736263736264,07859,True,0.6944070464395221,0.42455481779836624,0.7470426796998109
53.0,True,0.18862840887182972,0.26431549704118423,0.6926042904462688,0.6373626373626373,0.6739130434782609,07859,True,0.7237022332975173,0.5683180278970925,0.8309348311149817
54.0,True,0.13271765311483172,0.19264250660619425,0.8488298804468474,0.6630434782608695,0.5698924731182796,07859,True,0.4313920932643744,0.6670077772529301,0.6172114409379107
55.0,True,0.14393326147467095,0.21199164149404867,0.8017199177988773,0.5789473684210527,0.5833333333333334,07859,True,0.5124961352228611,0.6546104654752681,0.6506146928492836
56.0,True,0.2112548660085428,0.2924596210727145,0.6307849684002492,0.6404494382022472,0.6333333333333333,07859,True,0.7959003242943815,0.3669892168459445,0.7608730562798656
57.0,True,0.17575271884697932,0.2283267499261264,0.6561548988994168,0.5730337078651685,0.5888888888888889,07859,True,0.6381051545168435,0.3514748299979597,0.664021593341054
58.0,True,0.14317596605854863,0.20713577502997313,0.8328895787491034,0.6344086021505376,0.6382978723404256,07859,True,0.49969203913167787,0.7692578478227524,0.7704165916757513
59.0,True,0.1376420716510578,0.20959503500989823,0.8607220329749877,0.7608695652173914,0.6021505376344086,07859,True,0.4858921879111215,0.6847708154365384,0.6949493136702274
60.0,True,0.14545124597926012,0.2184250522101534,0.7090724167449045,0.6559139784946236,0.6063829787234043,07859,True,0.5307616394642078,0.37089616938159886,0.704477174841883
61.0,True,0.1441039430195952,0.21268162988653502,0.6981122262291221,0.717391304347826,0.5913978494623656,07859,True,0.5145055821493495,0.27519387857612576,0.6699923088179911
62.0,True,0.25382030881832746,0.3616477377418413,0.4854272253801789,0.5730337078651685,0.6111111111111112,07859,True,0.8900653309232073,0.13145883745313539,0.7149136963057405
63.0,True,0.1911430618406891,0.2648032488409461,0.6423133645118346,0.6333333333333333,0.7032967032967034,07859,True,0.7294313487425321,0.48272818251953237,0.8706931226221449
64.0,True,0.19639873522562276,0.2678473483990693,0.689621194458734,0.6588235294117647,0.6744186046511628,07859,True,0.7435233299799563,0.5631578590388033,0.8316944428466613
65.0,True,0.12455151582833038,0.18412006952200924,0.8856096423821975,0.6593406593406593,0.7065217391304348,07859,False,0.3825019825929857,0.8776008071497472,0.8745339667597035
66.0,True,0.10369167953677315,0.13772709960229834,0.870991087290445,0.6086956521739131,0.5268817204301075,07859,False,0.20635046678976093,0.614049911409648,0.5042214277708869
67.0,True,0.12814932957785766,0.17485106025065206,0.8633076649172294,0.6304347826086957,0.6451612903225806,07859,False,0.3739205834678139,0.8121499510040271,0.783164496075048
68.0,True,0.14227934600604814,0.19297323964401517,0.7918112135820431,0.6702127659574468,0.631578947368421,07859,True,0.46535677961240207,0.6412006527378686,0.7574361818115488
69.0,True,0.15538332475270064,0.20940712401357897,0.6088342867540099,0.6263736263736264,0.5978260869565217,07859,True,0.5439074843341968,0.18213943065010443,0.6850388448215984
70.0,True,0.15134768839593093,0.21743939863412612,0.7157768567233549,0.7,0.6593406593406593,07859,True,0.5478357183451152,0.46533683875670667,0.8078546330471531
71.0,True,0.17851703656837978,0.24252159112441346,0.7066017267088345,0.6111111111111112,0.5824175824175825,07859,True,0.6690970767748909,0.45341334233728964,0.6483810157211807
72.0,True,0.16708019400285593,0.25560170795307235,0.8782304854551455,0.6702127659574468,0.6421052631578947,07859,True,0.6613424458767047,0.8670301781295758,0.7775524307625362
73.0,True,0.11311799765386579,0.1526478997710143,0.8756586452059868,0.6236559139784946,0.6170212765957447,07859,False,0.2695565348934822,0.7742987975478318,0.727642616605834
74.0,True,0.1744220096077582,0.25101214743762046,0.635639071700621,0.6236559139784946,0.5957446808510638,07859,True,0.6726587517101265,0.2625746914331165,0.680207338382895
75.0,True,0.17873832039836138,0.24321662438804223,0.6321890102746559,0.6413043478260869,0.6021505376344086,07859,True,0.6707468045993578,0.2653544483226437,0.6949493136702274
76.0,True,0.140261526325847,0.18332948096499793,0.7703113305162821,0.6210526315789474,0.5416666666666666,07859,True,0.43605843528781424,0.46505880551183987,0.5437133173053743
77.0,True,0.18605676989483608,0.2426263477877845,0.5994968266147461,0.6292134831460674,0.6,07859,True,0.6867034769285345,0.21604767528924526,0.6900426771373914
78.0,True,0.20728463551922174,0.237394595102715,0.7318793531997413,0.6086956521739131,0.6451612903225806,07859,True,0.7220751427080209,0.7076335020422393,0.783164496075048
79.0,True,0.14277928014981958,0.22343390738349536,0.8673646994598108,0.6739130434782609,0.6344086021505376,07859,True,0.5318451827919797,0.8036191394980291,0.762962955716227
80.0,True,0.13712171780483023,0.20390672152063932,0.6861481171136504,0.6373626373626373,0.6304347826086957,07859,True,0.4719069409032567,0.3400656641169497,0.7551767267508168
81.0,True,0.15806752035524646,0.22218356795925692,0.7621412590756241,0.5384615384615384,0.6304347826086957,07859,True,0.5778725658947137,0.6929267851191234,0.7551767267508168
82.0,True,0.20956138527716833,0.3068907167451205,0.7504721550178607,0.6206896551724138,0.6136363636363636,07859,True,0.8069989830977049,0.6776584053811111,0.7203960380468106
83.0,True,0.11836102366806948,0.16702671083750117,0.9164485798247659,0.6195652173913043,0.6451612903225806,07859,False,0.32083216298311534,0.8778939773141986,0.783164496075048
84.0,True,0.12480431059179752,0.18191125323856647,0.8039271872662304,0.6483516483516484,0.6413043478260869,07859,False,0.37838659603611036,0.647411449559242,0.7760646029814134
85.0,True,0.15155558365786098,0.20795412095368246,0.8114559076893224,0.5730337078651685,0.6666666666666666,07859,True,0.5288644014212048,0.8131922354828622,0.8197456389296642
86.0,True,0.130215192868207,0.21014348921846637,0.8064084228936436,0.7608695652173914,0.5483870967741935,07859,True,0.46035090072015344,0.41255272918366176,0.5615136740396387
87.0,True,0.18791625567383785,0.2669783620548476,0.7527878896314646,0.6630434782608695,0.5913978494623656,07859,True,0.7257867209805696,0.5769790289430552,0.6699923088179911
88.0,True,0.16276882828303477,0.2340344337978894,0.7943639211336494,0.6333333333333333,0.5824175824175825,07859,True,0.6136486332654107,0.6424965692701402,0.6483810157211807
89.0,True,0.12275589811512581,0.1845415338991362,0.7679736731532151,0.6404494382022472,0.6,07859,False,0.3768512854139856,0.47094891496562374,0.6900426771373914
90.0,True,0.12458735819062555,0.17665518198054242,0.8488542373709722,0.6483516483516484,0.6630434782608695,07859,False,0.3654728402424279,0.7849460153469772,0.8139379827760386
91.0,True,0.26933295031764437,0.3503101269869695,0.7627626233439073,0.6105263157894737,0.6979166666666666,07859,True,0.8956267639587646,0.878748752413615,0.864063242314971
92.0,True,0.18577695670391273,0.26656021695482773,0.6880899962040952,0.6404494382022472,0.6444444444444445,07859,True,0.7208061926560752,0.4927120632627628,0.7818573372662663
93.0,True,0.16087676477443877,0.19482732143354428,0.6396630492870878,0.7078651685393258,0.5555555555555556,07859,True,0.5288087833886569,0.16930636057105675,0.5803266898728819
94.0,True,0.16576231508059439,0.25089208951404135,0.7065476397164826,0.6593406593406593,0.5978260869565217,07859,True,0.6504579829332503,0.3979216293188162,0.6850388448215984
95.0,True,0.14872183819005694,0.18521779940563496,0.8254168640502499,0.5806451612903226,0.5851063829787234,07859,True,0.46856016643488757,0.7425514183193569,0.6549206652389432
96.0,True,0.12360343343940519,0.19555385032654762,0.8197257005554398,0.6703296703296703,0.5869565217391305,07859,False,0.4044410183344839,0.5715454972530838,0.6593869026455337
97.0,True,0.2592919366987829,0.340310917883057,0.7544237089321012,0.5979381443298969,0.7346938775510204,07859,True,0.8833860824788501,0.8920048637835583,0.9040891712193335
98.0,True,0.13742489431652938,0.18726802530522713,0.7954625452123878,0.6666666666666666,0.6595744680851063,07859,True,0.4356138653162999,0.6832658719801041,0.8082431988605445
99.0,True,0.1508006870872984,0.21785923371607963,0.7146474419874815,0.6413043478260869,0.6774193548387096,07859,True,0.546949859449796,0.5389656467063572,0.8361471463264453
100.0,True,0.13331442281765235,0.1751338166394049,0.8725834883587291,0.532608695652174,0.6559139784946236,07859,True,0.3926306006641043,0.8860331580468408,0.8020909513129979
101.0,True,0.2197426152518196,0.298717747860536,0.7193571953083514,0.6373626373626373,0.782608695652174,07859,True,0.8137299323911464,0.8335940326767517,0.940301683821802
102.0,True,0.1691653625849718,0.23615532291416724,0.717618484582163,0.6292134831460674,0.6222222222222222,07859,True,0.6348514855857184,0.5140019797916722,0.7385452078500764
103.0,True,0.11153105203179667,0.1597194142462817,0.8610057052038451,0.6043956043956044,0.5217391304347826,07859,False,0.28010229687938965,0.6013438321053877,0.4904474989671698
104.0,True,0.10632922752244978,0.1451422103769998,0.8708962046824598,0.5106382978723404,0.5368421052631579,07859,False,0.23046517151150467,0.7070646180772246,0.5308626137565173
105.0,True,0.1409443578195299,0.20037653659250737,0.6830799825195534,0.6888888888888889,0.6043956043956044,07859,True,0.4774341864729981,0.27287839019198296,0.7000247972600988
106.0,True,0.19476649654586983,0.2863540699927557,0.7246632283437122,0.6404494382022472,0.6444444444444445,07859,True,0.7625253900840093,0.614432151608574,0.7818573372662663
107.0,True,0.16986156021284254,0.260812162444528,0.815927801157458,0.7032967032967034,0.6956521739130435,07859,True,0.6763184940149088,0.8076475852168324,0.8611880895924139
108.0,True,0.19303857742251193,0.25028213293382606,0.6463373986230013,0.6263736263736264,0.6195652173913043,07859,True,0.7131862487112276,0.37019353023702783,0.7330107940093543
109.0,True,0.20669431082908837,0.2717782625780924,0.7285021009364931,0.5909090909090909,0.5955056179775281,07859,True,0.7665319270304729,0.6192887602465318,0.6796498986033777
110.0,True,0.1516592204194164,0.2113284198879337,0.5834043065098249,0.6276595744680851,0.5473684210526316,07859,True,0.5362893738987891,0.09882918472110219,0.5588245213889353
111.0,True,0.21410097509211237,0.2584058573035185,0.8806233336688447,0.6476190476190476,0.6698113207547169,07859,True,0.7626852017514097,0.936871299309122,0.8246707843622929
112.0,True,0.1930721714423129,0.29966719932813324,0.5454969367302042,0.6764705882352942,0.5825242718446602,07859,True,0.7738511963658812,0.09806789667245701,0.6486415866861573
113.0,True,0.20718645449863404,0.30779320607907884,0.5597593014499361,0.6568627450980392,0.6504854368932039,07859,True,0.8043674819550107,0.20137508932710096,0.792695397122579
114.0,True,0.20254748410678888,0.21913327355780876,0.6669666655753155,0.5981308411214953,0.5925925925925926,07859,True,0.6831687044914351,0.4459788231509625,0.6728165006906247
115.0,True,0.21276618384798043,0.26301235312619764,0.6577319830634761,0.6138613861386139,0.6372549019607843,07859,True,0.7661459013702294,0.4877408503544576,0.7684340437687108
116.0,True,0.15783870007822956,0.2304014830548199,0.5975874130636313,0.5858585858585859,0.6,07859,True,0.5928049102690033,0.18262063439526557,0.6900426771373914
117.0,True,0.16847958035381588,0.2298841645486021,0.6284171920982669,0.6666666666666666,0.6601941747572816,07859,True,0.6218894613561682,0.3009594774674688,0.809270186434369
118.0,True,0.19641249090689,0.2622330515976043,0.6577136655087843,0.5980392156862745,0.6601941747572816,07859,True,0.7363299952826492,0.497685541782315,0.809270186434369
119.0,True,0.18212431571429816,0.2570041286618764,0.6951854791189743,0.58,0.6435643564356436,07859,True,0.6996139746647416,0.554798309141658,0.7802447524360876
0.0,False,0.1137599568982501,0.19493278224580618,0.6691726394882286,0.890625,0.8923076923076924,07879,False,0.41884684814899464,0.9619054023115112,0.9868708089287033
1.0,False,0.092810861371076,0.17884392193250964,0.8145548466475347,0.9354838709677419,0.9523809523809523,07879,False,0.30718996655146846,0.9844098602931007,0.9932246767139802
2.0,False,0.1047459089869694,0.1848901571083512,0.6078453783561435,0.8461538461538461,0.8333333333333334,07879,False,0.36470024307158666,0.9133190553777287,0.9750094947567366
3.0,False,0.09391650701205365,0.17611387142700152,0.8148126346930945,0.873015873015873,0.859375,07879,False,0.3058395782595754,0.9626891124860144,0.9811740695077857
4.0,False,0.08163104486277903,0.14506401424476384,0.8527563489439578,0.8253968253968254,0.828125,07879,False,0.20056473362187327,0.9583243179832726,0.9735588961574899
5.0,False,0.08480582698689017,0.1611335326962766,0.7852358873679286,0.90625,0.8615384615384616,07879,False,0.24217642403933676,0.9571735822574561,0.98161331547923
6.0,False,0.10386404429448506,0.18261706341561867,0.6549374050794252,0.8125,0.8,07879,False,0.3566062096836353,0.900187369715657,0.9641985915818079
7.0,False,0.07616272902956293,0.13680642332868267,0.7734056538929149,0.6875,0.7076923076923077,07879,False,0.16827071071607846,0.8369590630335791,0.9060999782776153
8.0,False,0.07581764613198869,0.12124813564515655,0.7542060613688185,0.7352941176470589,0.43478260869565216,07879,False,0.14058561822305585,0.24086409990314986,0.31699237339535463
9.0,False,0.09314593040378376,0.1376449656394495,0.7910918247048224,0.676923076923077,0.5303030303030303,07879,False,0.2224023733091462,0.5435722471742409,0.5730939741318717
10.0,False,0.0993713328831317,0.14807652063391552,0.7203707284395902,0.7076923076923077,0.6060606060606061,07879,False,0.2650695863162488,0.6672178668196345,0.7571012231160192
11.0,False,0.15515043494958553,0.22880762754719866,0.6155298624270623,0.8636363636363636,0.9552238805970149,07879,True,0.6135294348230939,0.9818392218477066,0.9934341186938416
12.0,False,0.09208887593598758,0.1784151230017065,0.745617127025211,0.9508196721311475,0.9516129032258065,07879,False,0.30356187586755823,0.9795666782505021,0.9931669639287724
13.0,False,0.09272842620254684,0.17746071621576598,0.8058713169377788,0.9838709677419355,0.9682539682539683,07879,False,0.30407846840632946,0.9861102135701942,0.9943146760607368
14.0,False,0.1046018673833176,0.20046036731558792,0.6480986891232319,1.0,1.0,07879,False,0.39649923512590035,0.9826804293510603,0.9959988219459841
15.0,False,0.1569377272998311,0.20573690476016207,0.6474586025061518,0.8484848484848485,0.8656716417910447,07879,True,0.5746564389793336,0.966098076288248,0.9824246885581914
16.0,False,0.1695822692780311,0.24099276046151202,0.6219267684179807,0.7741935483870968,0.6984126984126984,07879,True,0.6678851283327754,0.8100047049105696,0.8969454760307235
17.0,False,0.24877495754482384,0.188539386021281,0.7281809096392583,0.569620253164557,0.4125,07879,True,0.7153138387359906,0.48667232821523754,0.26592558441522196
18.0,False,0.12989686381630872,0.1532383468438435,0.42327831294407725,0.5263157894736842,0.16883116883116883,07879,False,0.3740932129720965,0.011472206218248546,0.02354982971932803
19.0,False,0.03910544323845394,0.041123828729740415,0.6245243786253853,0.42857142857142855,0.02564102564102564,07879,False,0.008574435752070826,0.00516609019054672,0.004883633726115604
20.0,False,0.019822444010029014,0.014713863784462409,0.9496478001988798,0.40789473684210525,0.0,07879,False,0.000486133074379506,0.018286714717502834,0.0036766174148724854
21.0,False,0.02835081184681006,0.04190126478922385,0.5703419032695243,0.3974358974358974,0.05063291139240506,07879,False,0.005193530870992773,0.0032152279396878416,0.006437994150474051
22.0,False,0.014470876590899144,0.013235367067956923,0.8234458494295713,0.44155844155844154,0.0,07879,False,0.00024032004987651888,0.007951899109650997,0.0036766174148724854
23.0,False,0.015125785433777184,0.011084317765492836,0.828872038736008,0.38461538461538464,0.0,07879,False,0.00019148560269188105,0.011590036976015525,0.0036766174148724854
24.0,False,0.028307831991210737,0.040650761403338884,0.49203545755112577,0.3717948717948718,0.0379746835443038,07879,False,0.0049220564301380556,0.0022450895615724865,0.005597459450338808
25.0,False,0.014183070385174534,0.011109647573050193,0.8370381044787124,0.5128205128205128,0.0,07879,False,0.0001726629859932382,0.009972139741085132,0.0036766174148724854
26.0,False,0.08262744942179183,0.10562185638261386,0.4741557476570801,0.4810126582278481,0.1125,07879,False,0.12998026157645323,0.006382243104180797,0.012727706001779401
27.0,False,0.01785769651952133,0.012231733539384516,0.8080095486742112,0.38961038961038963,0.0,07879,False,0.00029854313274417846,0.012229722538172701,0.0036766174148724854
28.0,False,0.013186420419957136,0.010219474951620374,0.8078129143052776,0.4375,0.0,07879,False,0.00013269512110502412,0.009362790759507635,0.0036766174148724854
29.0,False,0.019627786115323884,0.01167496310906136,0.9081221387625426,0.425,0.0,07879,False,0.000322949217068856,0.021336895126224123,0.0036766174148724854
30.0,False,0.015196496332815598,0.010897723275969612,0.8249783565690189,0.46835443037974683,0.0,07879,False,0.00018750026371449198,0.011264834606851265,0.0036766174148724854
31.0,False,0.01690726394170424,0.009976578823919842,0.8626601960868353,0.37037037037037035,0.0,07879,False,0.00019283823339585624,0.018346664830429505,0.0036766174148724854
32.0,False,0.01294879044266459,0.010155583887562207,0.7905975003276554,0.3625,0.0,07879,False,0.00012736718416893537,0.0089872295267924,0.0036766174148724854
33.0,False,0.02192164613478839,0.03316197135367433,0.4564072470692532,0.4567901234567901,0.036585365853658534,07879,False,0.002280085246474321,0.001630652101424858,0.005512126501064812
34.0,False,0.013806421160747418,0.011256210626052454,0.8074620229131827,0.31645569620253167,0.0,07879,False,0.00016879532007591796,0.009392718513768055,0.0036766174148724854
35.0,False,0.0749461981616607,0.06775228478156098,0.37046398235682726,0.3125,0.04938271604938271,07879,False,0.056381279254748125,0.004029922967615468,0.006349681714616992
36.0,False,0.19682606859581767,0.2675274543976628,0.42900036017036597,0.4675324675324675,0.19230769230769232,07879,True,0.7548225187686735,0.013747834285946647,0.030361024183854005
37.0,False,0.19706733523465914,0.29741591323742395,0.0877397400476013,0.38271604938271603,0.07317073170731707,07879,True,0.7868960670584257,0.001051371651992605,0.008256398724675179
38.0,False,0.13424269669920977,0.11627410771754355,0.3709101537079403,0.40476190476190477,0.08235294117647059,07879,False,0.2832589050804252,0.006498495165581901,0.00913579800479267
39.0,False,0.11294219554510415,0.1255748294608953,0.35879659592898727,0.4430379746835443,0.1125,07879,False,0.2523744120981891,0.0056167875429038805,0.012727706001779401
40.0,False,0.19572025235170148,0.1695641931786198,0.49190800451276095,0.4642857142857143,0.16470588235294117,07879,False,0.5844565713979969,0.02450002556154784,0.022517773813708543
41.0,False,0.12620111407646428,0.1533543623857301,0.6266678577765041,0.4305555555555556,0.2465753424657534,07879,False,0.36318464845289006,0.05202003421938619,0.05414880680072257
42.0,False,0.08720687987033152,0.08993286236081971,0.49458430085310773,0.4657534246575342,0.12162162162162163,07879,False,0.1106532780201381,0.010467420770610712,0.014067243348799613
43.0,False,0.18086762161822836,0.18406440280525754,0.5622371977837494,0.6533333333333333,0.35526315789473684,07879,True,0.5863032648060283,0.14285882965288677,0.16086260344241393
44.0,False,0.08710068236313595,0.145620193494287,0.6711430148864719,0.7285714285714285,0.5352112676056338,07879,False,0.21958794863954348,0.39437311068579584,0.5863900122150715
45.0,False,0.22907766631515158,0.30752451679318443,0.7502758378548342,0.8,0.9014084507042254,07879,True,0.8339893433135598,0.9847644011390659,0.9881193743873619
46.0,False,0.11579969618059703,0.15959129140120076,0.6694673137323524,0.7536231884057971,0.6857142857142857,07879,False,0.3458327192623132,0.8121260688055741,0.8831434180262783
47.0,False,0.23320381085593306,0.2658641600511114,0.7363989736640076,0.7530864197530864,0.7682926829268293,07879,True,0.8016852789283596,0.9522168477764597,0.9498244302069829
48.0,False,0.21381940501364707,0.3141628817285329,0.4323478147400023,0.6521739130434783,0.38571428571428573,07879,True,0.8227977451105292,0.08044028113306508,0.21194675442234154
49.0,False,0.1014888533099647,0.13621315564615963,0.38046294184458307,0.44285714285714284,0.07042253521126761,07879,False,0.24483479430931104,0.002923591083348599,0.008009907156886875
50.0,False,0.12017894495007332,0.12691881167110894,0.7352789421149448,0.5277777777777778,0.2876712328767123,07879,False,0.2760177860794481,0.1253624510249857,0.08291422140576706
51.0,False,0.01884642843664673,0.012070269028947186,0.8877359328119826,0.36363636363636365,0.0,07879,False,0.0003193365447988599,0.018336930268216235,0.0036766174148724854
52.0,False,0.015743263362992338,0.012012231559646605,0.8726215503874036,0.4342105263157895,0.0,07879,False,0.0002346245947016493,0.012552919383161868,0.0036766174148724854
53.0,False,0.017826101836136195,0.021016904076743316,0.8172560024711694,0.4605263157894737,0.025974025974025976,07879,False,0.0007456914023711484,0.007322519648721911,0.00490166112141078
54.0,False,0.09713549028381345,0.10686182329647462,0.491833642192262,0.48717948717948717,0.16455696202531644,07879,False,0.16638950892724585,0.014888200538968393,0.02248135549333985
55.0,False,0.08990897678985083,0.09918649195421878,0.42701399972070353,0.43037974683544306,0.075,07879,False,0.13389698834020983,0.004716962063530321,0.008424624686737131
56.0,False,0.026386361181638583,0.012155290768434928,0.8432101654016233,0.5128205128205128,0.0,07879,False,0.0005664376712397115,0.02464039340015081,0.0036766174148724854
57.0,False,0.16657524829732853,0.15322809627178832,0.555760724037202,0.4578313253012048,0.14285714285714285,07879,False,0.47505325934686937,0.02190628645121512,0.017747278402872185
58.0,False,0.11906284831440406,0.10016009684411624,0.321535952639551,0.5555555555555556,0.0975609756097561,07879,False,0.20072357167210414,0.005957608317282194,0.010800803144660552
59.0,False,0.13657133943968092,0.17546053974557668,0.30857359280895114,0.3875,0.06172839506172839,07879,True,0.4498600618699782,0.00240957111596732,0.007277193874651585
60.0,False,0.07100667760269004,0.11828163740773075,0.28815164036866836,0.4675324675324675,0.05128205128205128,07879,False,0.12326636543049443,0.0011495219427732238,0.0064843289024436035
61.0,False,0.15842551588621237,0.19709732189455495,0.3062399034176383,0.44871794871794873,0.08860759493670886,07879,True,0.5606491904494192,0.003302984294903432,0.009787340336167662
62.0,False,0.12486492073588434,0.17035335484387917,0.40123374797184314,0.47435897435897434,0.11392405063291139,07879,True,0.401098760304862,0.004971095343156136,0.012928218834839862
63.0,False,0.08082393152357066,0.10033326226327369,0.5293526621406801,0.5584415584415584,0.1282051282051282,07879,False,0.11658796350631785,0.009105506461857331,0.015119490315220264
64.0,False,0.01744633744487893,0.012457980041501783,0.8733889513049236,0.4155844155844156,0.0,07879,False,0.0002962325430898038,0.014278993942194288,0.0036766174148724854
65.0,False,0.0807492856887661,0.08644496577777729,0.2954803302435092,0.5185185185185185,0.04878048780487805,07879,False,0.09282799276389396,0.002170195804969949,0.006307571570402404
66.0,False,0.08473523270614768,0.09084244093680217,0.3333324976534903,0.35443037974683544,0.0375,07879,False,0.10764998818114994,0.002443816656645512,0.005568157300995209
67.0,False,0.10006972212264742,0.10781078187085087,0.6184596011743021,0.5616438356164384,0.14864864864864866,07879,False,0.17555241904222504,0.01972981668923569,0.018905436292931177
68.0,False,0.02369647673169966,0.009828520842442616,0.886733788382465,0.35443037974683544,0.0,07879,False,0.00033015304537555707,0.03544008406635348,0.0036766174148724854
69.0,False,0.08613446306083468,0.09486490221342654,0.2981272885149723,0.45569620253164556,0.075,07879,False,0.11773003176282437,0.0029032673813004202,0.008424624686737131
70.0,False,0.016333955210757905,0.00987379879711871,0.8728628322631166,0.375,0.0,07879,False,0.0001788831717414413,0.01820639240215518,0.0036766174148724854
71.0,False,0.01334024722268054,0.012980943901998136,0.7847458840988162,0.46153846153846156,0.0,07879,False,0.00020302594012028703,0.006156134567468819,0.0036766174148724854
72.0,False,0.0201517185380862,0.013561620740729727,0.9351520919371461,0.5256410256410257,0.0,07879,False,0.0004351112823711226,0.018767308093042546,0.0036766174148724854
73.0,False,0.021928150705540463,0.013617969546445735,0.955937781114093,0.42857142857142855,0.01282051282051282,07879,False,0.0005044754944006732,0.027671088531752222,0.004237545877713696
74.0,False,0.018367264505345808,0.01417163727292067,0.9110060602140057,0.6363636363636364,0.0,07879,False,0.0004016683242137636,0.01308860001348413,0.0036766174148724854
75.0,False,0.017942238173524794,0.015802534675522922,0.8538022897771474,0.4266666666666667,0.013157894736842105,07879,False,0.00046470282974033373,0.011312179101176174,0.004253404843357874
76.0,False,0.020674041034329346,0.018633182972486884,0.704079301513024,0.4935064935064935,0.01282051282051282,07879,False,0.0007783842461321158,0.006329450014921401,0.004237545877713696
77.0,False,0.031492291677106855,0.0377033726710012,0.6071935969116802,0.39473684210526316,0.03896103896103896,07879,False,0.005173608898457463,0.004505816714856422,0.005658838265147542
78.0,False,0.013474403667185029,0.012731245593941082,0.8221057518363244,0.44,0.0,07879,False,0.000199749140996001,0.00744774116951331,0.0036766174148724854
79.0,False,0.022866249984212023,0.020843077410628626,0.6403842585460815,0.3157894736842105,0.012987012987012988,07879,False,0.001113511047324386,0.005595321640402585,0.004245365007965547
80.0,False,0.08573167636528849,0.08419478996589892,0.36221002228147914,0.5263157894736842,0.03896103896103896,07879,False,0.0975752997896408,0.002844929243334877,0.005658838265147542
81.0,False,0.042027368079644294,0.06200979064291514,0.5776560447087141,0.4155844155844156,0.07692307692307693,07879,False,0.01920864234203423,0.0046821626121278685,0.008605142636726702
82.0,False,0.0158891978766784,0.01038185598778907,0.8717260140584656,0.38461538461538464,0.0,07879,False,0.0001860164136586503,0.01606210920393787,0.0036766174148724854
83.0,False,0.08811105918384296,0.08448997185949854,0.5999081228326704,0.44594594594594594,0.10666666666666667,07879,False,0.10221549069898904,0.014684074910932215,0.01193790515971099
84.0,False,0.010051616408584634,0.010192319533780206,0.7241254313184297,0.44871794871794873,0.0,07879,False,8.39897030773145e-05,0.004426086637537186,0.0036766174148724854
85.0,False,0.020288216944156334,0.009490457236969533,0.931547012219236,0.4444444444444444,0.0,07879,False,0.00024012406107709478,0.0323416516762744,0.0036766174148724854
86.0,False,0.11339884883980274,0.08068707516724966,0.34023918303098416,0.573170731707317,0.060240963855421686,07879,False,0.13823081462619471,0.005385917877573731,0.007158680011507162
87.0,False,0.01675536870888895,0.01050428374626482,0.807218148592748,0.475,0.0,07879,False,0.00020732140316769636,0.013019867605997328,0.0036766174148724854
88.0,False,0.024344990846164427,0.03452409092524643,0.509304979031727,0.475,0.037037037037037035,07879,False,0.0029061982524272636,0.002202731303251886,0.00553972560407048
89.0,False,0.024556208916509878,0.017131585630080666,0.811192405282835,0.5432098765432098,0.0,07879,False,0.0008992753365974954,0.011834297080514759,0.0036766174148724854
90.0,False,0.015124420128877505,0.009625122031179241,0.8336946922281773,0.43037974683544306,0.0,07879,False,0.00015067191900608543,0.01405256148640521,0.0036766174148724854
91.0,False,0.03204648767355787,0.009072542944865748,0.893145189335127,0.3246753246753247,0.0,07879,False,0.0004768389860179141,0.06603290443164193,0.0036766174148724854
92.0,False,0.08943221715664992,0.09690380134404962,0.39688009423807724,0.4189189189189189,0.06666666666666667,07879,False,0.12838383527800407,0.0040024711550304196,0.007684800824285882
93.0,False,0.1241575061703997,0.13063945398473267,0.4084365809076055,0.3918918918918919,0.12,07879,False,0.29714740427360803,0.008243010325164571,0.013819341129825942
94.0,False,0.09958661117051344,0.032480527686334706,0.6800055108900659,0.2608695652173913,0.07142857142857142,07879,False,0.026823143673257374,0.06909448433871795,0.008099282063284122
95.0,False,0.0921641035296782,0.08478792322760854,0.4699796918386909,0.4246575342465753,0.08108108108108109,07879,False,0.10989252504303315,0.0076714415279298355,0.009008663529902141
96.0,False,0.1793313537508711,0.1708916252630898,0.5364947986195696,0.5,0.17721518987341772,07879,True,0.5519194028382965,0.027436628911571597,0.025791478499902022
97.0,False,0.11956405675431353,0.08561480514014613,0.44555058623347593,0.48,0.10526315789473684,07879,False,0.1623135767498679,0.013223060465920514,0.011755222069165726
98.0,False,0.1373404467254821,0.16924460501271837,0.4635806747503926,0.5070422535211268,0.16666666666666666,07879,False,0.4370628156225108,0.012451449602355604,0.023002689830779025
99.0,False,0.12668421769848706,0.1312504587968567,0.39833960264345475,0.5138888888888888,0.1506849315068493,07879,False,0.3058939798127345,0.01048301813412198,0.019330005555300404
100.0,False,0.02476943294871139,0.014135969289381975,0.8882438967876027,0.463768115942029,0.0,07879,False,0.0006585294239576285,0.02166283170728317,0.0036766174148724854
101.0,False,0.12481920127246474,0.13142300516023211,0.42809011914629636,0.3611111111111111,0.1232876712328767,07879,False,0.3011346814019717,0.009310803083711466,0.014326502361417961
102.0,False,0.09861534624263316,0.1053723259495017,0.41607239813934527,0.3194444444444444,0.0958904109589041,07879,False,0.1665838318206712,0.00639908765741304,0.01060413364024885
103.0,False,0.08708919741112774,0.088474247526409,0.23070159939633936,0.2777777777777778,0.0273972602739726,07879,False,0.10773445028538339,0.001722351187626145,0.004979458976837488
104.0,False,0.12113520831786463,0.1291096359946507,0.3308151674354195,0.32432432432432434,0.06666666666666667,07879,False,0.28454474499165366,0.0036310232911059633,0.007684800824285882
105.0,False,0.22022272458208325,0.31200111563021204,0.3243640568691436,0.48,0.13157894736842105,07879,True,0.8282007180684587,0.00482298605046885,0.0156883931480145
106.0,False,0.08025707675471143,0.07981080569560516,0.38431385487900765,0.44,0.039473684210526314,07879,False,0.08126206203066418,0.003148190898232892,0.005691002921152154
107.0,False,0.06909795850684324,0.05929765676634882,0.4561996963755505,0.45569620253164556,0.05,07879,False,0.03994911314432847,0.005400788256767307,0.006393134514386746
108.0,False,0.016957435647366403,0.01009262913598675,0.8802751064483204,0.35443037974683544,0.0,07879,False,0.00019763487750854047,0.019475834922270643,0.0036766174148724854
109.0,False,0.11204736605899063,0.113982519526942,0.3234589638213249,0.345679012345679,0.06097560975609756,07879,False,0.22034350302955383,0.0034633798855738768,0.007216972865557295
110.0,False,0.13001016192129883,0.13222888552604023,0.30084243876224603,0.35365853658536583,0.10843373493975904,07879,False,0.31787756980750914,0.005377572475349834,0.012171902740988455
111.0,False,0.10703370175923128,0.09498369322155956,0.2727675376197863,0.4457831325301205,0.047619047619047616,07879,False,0.16117009050673492,0.002860139718008598,0.0062271412457590505
112.0,False,0.167499385890839,0.245888761876747,0.21467192772154672,0.5679012345679012,0.13414634146341464,07879,True,0.670877263048568,0.0028485354121209733,0.016135380302095555
113.0,False,0.07526621363891699,0.045917027009191626,0.3951647952097553,0.31645569620253167,0.0125,07879,False,0.030154339240929324,0.005268684023440958,0.004222534401296647
114.0,False,0.0163167934732036,0.017077760305131365,0.77685600718667,0.38666666666666666,0.02631578947368421,07879,False,0.00045246293612608566,0.007707650292148202,0.004920231777946862
115.0,False,0.13265264308914737,0.09709698304504175,0.5512954782877608,0.3380281690140845,0.20833333333333334,07879,False,0.22197827303578918,0.05829613366544371,0.03606951120483113
116.0,False,0.12219737565064118,0.11019663726364533,0.5595311079908589,0.45569620253164556,0.1625,07879,False,0.23571343498492475,0.026190897709538717,0.021984176805887812
117.0,False,0.15212111394983194,0.17174131987420616,0.5195855015433547,0.4375,0.2345679012345679,07879,True,0.48557896445667886,0.03648135035458544,0.04770389864699136
118.0,False,0.16683453123972608,0.11467092573220071,0.6006037343227012,0.4074074074074074,0.13414634146341464,07879,False,0.3567979078055279,0.03629712717620048,0.016135380302095555
119.0,True,0.13798280865041532,0.17821850530563252,0.7790809558599899,0.6637931034482759,0.4444444444444444,07879,True,0.46067923076495215,0.38185997047758136,0.3406955664424174
0.0,False,0.01995903522644414,0.029785858147240822,0.561821175948142,0.6481481481481481,0.03636363636363636,07910,False,0.0016420086960517442,0.0011251221360437202,0.0072965320082691255
1.0,False,0.08585485116639667,0.1477740015489145,0.2657070767061001,0.5555555555555556,0.10909090909090909,07910,False,0.2286208360263938,0.0016291203729512406,0.015537446590784624
2.0,False,0.00811784321817571,0.010112831391915737,0.7662610808648057,0.6792452830188679,0.0,07910,False,5.58719684213917e-05,0.0012478076500435538,0.004990938763557577
3.0,False,0.05288752095859305,0.09176204879625673,0.24030689008047032,0.5370370370370371,0.05454545454545454,07910,False,0.05553349641025808,0.0006311170788273161,0.008819029232539695
4.0,False,0.07891444552945018,0.1324928854825686,0.3062826475704026,0.35294117647058826,0.07692307692307693,07910,False,0.1753165557615012,0.002189582279061598,0.011130756808498654
5.0,False,0.01618780284567492,0.010092484800951339,0.946335768572563,0.5357142857142857,0.0,07910,False,0.00014963031587288475,0.013776682229051413,0.004990938763557577
6.0,False,0.08644726101693313,0.14663425836555094,0.4058650273032077,0.6296296296296297,0.10909090909090909,07910,False,0.2277143852646066,0.0028058437050893586,0.015537446590784624
7.0,False,0.01942977969640379,0.011285291366053525,0.9062640621062252,0.5370370370370371,0.0,07910,False,0.00024131976158144457,0.013976408747735052,0.004990938763557577
8.0,False,0.08341872670757905,0.14385024980142574,0.18681048437095854,0.75,0.10526315789473684,07910,False,0.21256916428413847,0.0006972537301747377,0.014934070376388544
9.0,False,0.06351764363387068,0.10592838934849544,0.30478899419325256,0.4909090909090909,0.05357142857142857,07910,False,0.09170400102139074,0.0011280054312602565,0.008730013497990307
10.0,False,0.014098154870884432,0.015350862331856478,0.8887826179193115,0.7090909090909091,0.0,07910,False,0.0002765890745966895,0.0037035298667900773,0.004990938763557577
11.0,False,0.1692249876692115,0.22294958926191843,0.45944100468400173,0.631578947368421,0.20689655172413793,07910,True,0.634869043306227,0.018517469223573738,0.042243662191117984
12.0,False,0.04134609859475294,0.04112193118563408,0.2734387906656254,0.6,0.017857142857142856,07910,False,0.008649066733853133,0.000688316356621767,0.006014843824002026
13.0,False,0.00950330120246153,0.012639058416034023,0.7772638753216305,0.543859649122807,0.0,07910,False,0.00010786408657323238,0.0018422855751691763,0.004990938763557577
14.0,False,0.05049375785602798,0.07780645916109621,0.3946345215276446,0.5614035087719298,0.05172413793103448,07910,False,0.03843277213910154,0.0013480975317456175,0.00856362975514332
15.0,False,0.07159572063553504,0.12100071504085057,0.307134535988382,0.5769230769230769,0.05660377358490566,07910,False,0.1342742783911299,0.0010571576121621363,0.009010107664532547
16.0,False,0.08685656046188425,0.0852473141579665,0.40795848480192354,0.6862745098039216,0.07692307692307693,07910,False,0.09403090126450829,0.0033274598098466265,0.011130756808498654
17.0,False,0.07639555069701523,0.13138257964828548,0.22531523523703953,0.8775510204081632,0.08,07910,False,0.1664220271705132,0.00048103526252988546,0.011492303970532238
18.0,False,0.13832179301739989,0.2011191523491805,0.4142467106285515,0.54,0.2549019607843137,07910,True,0.5161265702888391,0.02140660828458544,0.06807027146797523
19.0,False,0.06931622821604512,0.1051686532877156,0.3089067986726876,0.6530612244897959,0.08,07910,False,0.10140089070513265,0.001221616893697635,0.011492303970532238
20.0,False,0.20907791766208086,0.27136066045222834,0.6363287897286095,0.5,0.39622641509433965,07910,True,0.7750340854592789,0.2760735732734847,0.24384119145046235
21.0,False,0.08745430441594872,0.07591615686329978,0.4507001806117095,0.68,0.0784313725490196,07910,False,0.07726039029453342,0.004790911029411376,0.011306558432318552
22.0,False,0.0072684276971200544,0.011506543053691726,0.7479002653683214,0.673469387755102,0.0,07910,False,6.124141349678006e-05,0.0008299736651817501,0.004990938763557577
23.0,False,0.06679194732283754,0.11586237090387753,0.30786389349074555,0.6938775510204082,0.06,07910,False,0.11432639772989404,0.0007900607719041397,0.009334394973949462
24.0,False,0.10545167098795072,0.13114445289978854,0.1603711024734992,0.5,0.11764705882352941,07910,False,0.2399791482008762,0.0019374710161641057,0.016974244791578684
25.0,False,0.15059467017912018,0.22697880027305117,0.41464775158806294,0.78,0.3137254901960784,07910,True,0.6036544649980522,0.022519874764600416,0.1193476796414068
26.0,False,0.18508051556439303,0.20354830100017526,0.4369535303630262,0.6153846153846154,0.32075471698113206,07910,True,0.6236604160284175,0.05887569145171664,0.12733152574457757
27.0,False,0.0718587124219816,0.11774261112884053,0.349195274654786,0.6938775510204082,0.06,07910,False,0.12883319081794792,0.0010822562754244727,0.009334394973949462
28.0,False,0.011908615604341935,0.014503203432807596,0.812755720761462,0.7083333333333334,0.02040816326530612,07910,False,0.00019454853121253978,0.0024160101608151244,0.006177243414306601
29.0,False,0.16232692322375378,0.24805465472987093,0.404627048589584,0.6326530612244898,0.38,07910,True,0.6682463043624722,0.0534861687822957,0.21378908707015729
30.0,False,0.013528527272836918,0.013246723914943446,0.9106404361170318,0.673469387755102,0.0,07910,False,0.00019595300658751126,0.004793633337857869,0.004990938763557577
31.0,False,0.09991121876378636,0.17104898412963987,0.3094247283510429,0.5918367346938775,0.12,07910,False,0.32839981705975707,0.0023204002708821776,0.017391753695234238
32.0,False,0.00970300656728732,0.013176431891970765,0.8080199830994998,0.72,0.0196078431372549,07910,False,0.00012046234615762451,0.0017508368492387455,0.006125830870882277
33.0,False,0.007126530068163565,0.008453178578347743,0.7495952241082141,0.5714285714285714,0.0,07910,False,3.27569370386949e-05,0.0013750617533364884,0.004990938763557577
34.0,False,0.1015512620131336,0.09112576741177716,0.1939375738688183,0.56,0.09803921568627451,07910,False,0.12873601387957384,0.0022939442858317103,0.013857561679482287
35.0,False,0.01684852400216561,0.007944101451294467,0.8408232069340484,0.3,0.0,07910,False,9.966129312715389e-05,0.018540770985571147,0.004990938763557577
36.0,False,0.11449101730144914,0.15035513611137755,0.41272999568504964,0.6862745098039216,0.15384615384615385,07910,False,0.3164638978414978,0.006177208744759409,0.02463671767366251
37.0,False,0.08942532876224515,0.08050412119556614,0.3481868526121962,0.7,0.0784313725490196,07910,False,0.08830299359289247,0.0027419069627828215,0.011306558432318552
38.0,False,0.0591113281982753,0.10211493064515217,0.20449321397277867,0.7,0.058823529411764705,07910,False,0.0781988933937217,0.0004278684904192801,0.009220771883997727
39.0,False,0.08181073684231639,0.07410294841438518,0.3137789342730563,0.6470588235294118,0.057692307692307696,07910,False,0.06769790664597496,0.002001671138527665,0.00911281142636761
40.0,False,0.09391039084960866,0.16055476763132276,0.2975685437184571,0.68,0.13725490196078433,07910,False,0.28355971316629897,0.002030025116097588,0.02077712758996723
41.0,False,0.0739722295257894,0.12647130055559233,0.10241386048890186,0.6,0.0784313725490196,07910,False,0.1504326753588873,0.0004595522418878063,0.011306558432318552
42.0,False,0.037823943495446134,0.06504537945528041,0.25952918184532053,0.52,0.058823529411764705,07910,False,0.018329050550569628,0.000583623048456369,0.009220771883997727
43.0,False,0.10964422180449233,0.1888956418937528,0.24138401020815253,0.66,0.17647058823529413,07910,False,0.40373553196162537,0.002554504492068738,0.03104310829867545
44.0,False,0.010678795747545017,0.009436308570319508,0.8478108909073141,0.68,0.0,07910,False,7.237309562135534e-05,0.003242227422433111,0.004990938763557577
45.0,False,0.010295935141308629,0.010383714870016155,0.8448059660533616,0.52,0.0,07910,False,8.267130835469503e-05,0.003793331013492182,0.004990938763557577
46.0,False,0.06334766958339254,0.108278174604761,0.33621830372549333,0.66,0.058823529411764705,07910,False,0.09497625242230068,0.0009393537560770921,0.009220771883997727
47.0,False,0.11591111260328252,0.19896284443507758,0.3403000182854912,0.58,0.17647058823529413,07910,False,0.4477745679749868,0.005101255636214225,0.03104310829867545
48.0,False,0.01490936472904684,0.014058668312755318,0.7719930720699328,0.66,0.0196078431372549,07910,False,0.0002527394328331337,0.00336187006766304,0.006125830870882277
49.0,False,0.006955980286685142,0.008799747740871972,0.7283507743146148,0.5510204081632653,0.0,07910,False,3.420088142064698e-05,0.0011896090308279,0.004990938763557577
50.0,False,0.0707285048214195,0.12194731625820456,0.3076873932481339,0.6,0.058823529411764705,07910,False,0.13399949901275837,0.000999832993605792,0.009220771883997727
51.0,False,0.08927093311206052,0.053515833626185144,0.2916035615692874,0.52,0.058823529411764705,07910,False,0.0419603295919703,0.003871692825845078,0.009220771883997727
52.0,False,0.2573240077534994,0.42480111538212334,0.682357648509006,0.6226415094339622,0.5370370370370371,07910,True,0.9170447733881356,0.5429247375802003,0.5860959105623473
53.0,False,0.28702409871847073,0.3571786049142573,0.7684243029319192,0.5862068965517241,0.5254237288135594,07910,True,0.902335749544192,0.7184810346023892,0.556216561818215
54.0,True,0.2535284750445633,0.3564736382653936,0.92858988108633,0.6986301369863014,0.7837837837837838,07910,True,0.8851156715789031,0.9726398734573845,0.9498158233439707
55.0,True,0.2472869932926744,0.3382584631323128,0.9388170666593264,0.6197183098591549,0.8472222222222222,07910,True,0.8703940376614959,0.9874303551381768,0.973587616299613
56.0,True,0.210975530890638,0.30303620711318857,0.9227586368959747,0.6911764705882353,0.782608695652174,07910,True,0.8121157275442551,0.9672671265379977,0.9492239974675234
57.0,True,0.21934897443503576,0.27805858894567803,0.8284722949951281,0.6101694915254238,0.8,07910,True,0.7946077653920575,0.9681059087223735,0.9573426604856278
58.0,False,0.1135305394279102,0.12376762620188114,0.663982636621303,0.4,0.125,07910,False,0.2388170329491489,0.03447530342560683,0.018312731201042296
59.0,False,0.014207081036340259,0.011455939870089997,0.845669251302165,0.5714285714285714,0.0,07910,False,0.00015863974514981807,0.005491504837906905,0.004990938763557577
60.0,False,0.11374000205173875,0.2014204034029921,0.4521821287175256,0.5769230769230769,0.1509433962264151,07910,False,0.4469557983782069,0.006700720102561942,0.02391431520655695
61.0,False,0.017361157205478595,0.01450101513154324,0.9242030358495518,0.5098039215686274,0.019230769230769232,07910,False,0.000333779922760211,0.012126738447851138,0.006101755257409756
62.0,False,0.05857687505104698,0.09981358910034231,0.28327772876781004,0.5686274509803921,0.057692307692307696,07910,False,0.07417518614919351,0.0008238095344089073,0.00911281142636761
63.0,False,0.07554485284241277,0.11729110490392121,0.3302013611094823,0.5294117647058824,0.057692307692307696,07910,False,0.13621729673032487,0.0014992822616223076,0.00911281142636761
64.0,False,0.07074196064571797,0.12222222167399839,0.2711480157900068,0.5686274509803921,0.057692307692307696,07910,False,0.13453832899417165,0.0008837658967040032,0.00911281142636761
65.0,False,0.08478412659589532,0.1310444231185404,0.42957596968125,0.6,0.05357142857142857,07910,False,0.18741576547410677,0.002211510482240251,0.008730013497990307
66.0,False,0.011220519267130092,0.01577124977173213,0.7963018793823583,0.6491228070175439,0.0,07910,False,0.00021014010624648678,0.0017359454240723803,0.004990938763557577
67.0,False,0.08011151875411028,0.13170170865824535,0.39298996737289354,0.5,0.05660377358490566,07910,False,0.17676282340209684,0.0021101994851303353,0.009010107664532547
68.0,False,0.07704402050835096,0.13260337890931512,0.30300792425255185,0.5769230769230769,0.05660377358490566,07910,False,0.1706302762166175,0.0010751892490770986,0.009010107664532547
69.0,False,0.018321316037419724,0.01585004777466879,0.8736014970253722,0.5294117647058824,0.0,07910,False,0.00042832430820079664,0.0077336755910923476,0.004990938763557577
70.0,False,0.06626489387579365,0.11341828740122936,0.14503158752391787,0.49019607843137253,0.057692307692307696,07910,False,0.10910137242048806,0.0005430871828568917,0.00911281142636761
71.0,False,0.074672532766168,0.11719797182772275,0.10088195567506282,0.5490196078431373,0.038461538461538464,07910,False,0.1340919426994802,0.00039055752175213356,0.0074579493683667696
72.0,False,0.007953617386584389,0.010547909947822101,0.7541514021946334,0.6470588235294118,0.0,07910,False,5.887314961816716e-05,0.001162153552679381,0.004990938763557577
73.0,False,0.08851426727950856,0.13136014209645652,0.13424057419907712,0.6666666666666666,0.07692307692307693,07910,False,0.19773266342421836,0.0006099656591611388,0.011130756808498654
74.0,False,0.07473274183889511,0.1297916940917593,0.2713539653526979,0.5882352941176471,0.057692307692307696,07910,False,0.15891259175785058,0.00088036565320027,0.00911281142636761
75.0,False,0.009905423260088187,0.011842767841472876,0.8308504637531459,0.5769230769230769,0.0,07910,False,0.0001009056764026569,0.00256571544730161,0.004990938763557577
76.0,False,0.05787074963399934,0.1005217602873083,0.16280239652358772,0.47058823529411764,0.057692307692307696,07910,False,0.07392271940002774,0.0005481436755170523,0.00911281142636761
77.0,False,0.0737366270996965,0.12821656930282674,0.24834392684596598,0.7254901960784313,0.057692307692307696,07910,False,0.15326379847863755,0.0005835283124910482,0.00911281142636761
78.0,False,0.00970398421494505,0.010944572031924577,0.8342152697192509,0.5098039215686274,0.0,07910,False,8.40942916649308e-05,0.003137982124169391,0.004990938763557577
79.0,False,0.06728370081244212,0.11618161753105599,0.17870893225844411,0.5686274509803921,0.057692307692307696,07910,False,0.11594049068683081,0.0005437017440782101,0.00911281142636761
80.0,False,0.0752278076185202,0.13078569815459,0.14712645102079022,0.68,0.058823529411764705,07910,False,0.16217989795274007,0.0004031014207430588,0.009220771883997727
81.0,False,0.0111449538052694,0.011988629903643947,0.8614531825061249,0.6666666666666666,0.0,07910,False,0.0001223454817578822,0.0030052151190372764,0.004990938763557577
82.0,False,0.0078298946937812,0.008990931408227194,0.778454090158197,0.5961538461538461,0.0,07910,False,4.224510039701108e-05,0.0016675063228265444,0.004990938763557577
83.0,False,0.10585227688647462,0.10618818777282008,0.4366854305740969,0.6785714285714286,0.05263157894736842,07910,False,0.17417143984277147,0.0035533519935123568,0.008644965546817675
84.0,False,0.02677214446946954,0.012142155799122907,0.9498430701761936,0.559322033898305,0.0,07910,False,0.00044014265735125175,0.026784049640206017,0.004990938763557577
85.0,False,0.10507527481587604,0.13341314101884208,0.29525653436191984,0.7142857142857143,0.078125,07910,False,0.2451429103304449,0.0016291270404670984,0.011270627962482422
86.0,False,0.04950207337953602,0.08292141645469127,0.25900555889224697,0.546875,0.046153846153846156,07910,False,0.04209907284559423,0.0006191883830086014,0.008080717238123078
87.0,False,0.12204952704554933,0.16833147022915898,0.36704446067842017,0.5522388059701493,0.1323529411764706,07910,False,0.38707180712931477,0.005404348677041992,0.019754641558305863
88.0,False,0.17047353980059407,0.2547104011671794,0.5426770745781871,0.7121212121212122,0.2835820895522388,07910,True,0.6946057406113639,0.040185000184601326,0.08985904859734951
89.0,False,0.1179249883710363,0.15600314891474096,0.43352316795772744,0.65625,0.12307692307692308,07910,False,0.34157782738442305,0.0056117228641553146,0.017952977220592612
90.0,False,0.11477121943093874,0.14769950248650598,0.4236931422969056,0.5833333333333334,0.16393442622950818,07910,False,0.3097914137674402,0.009030437441084505,0.027316484225197567
91.0,False,0.09123220252413222,0.1517386230675178,0.357766729731632,0.559322033898305,0.1,07910,False,0.2539303359858102,0.002524742604331429,0.014141953218927056
92.0,False,0.008614185515869958,0.011874117145845292,0.7212932282099547,0.43333333333333335,0.0,07910,False,8.302695030980722e-05,0.0015845403253330035,0.004990938763557577
93.0,False,0.06345844375810757,0.10786991167234801,0.30079104521689515,0.6101694915254238,0.05,07910,False,0.09456314017061665,0.0008173944201542219,0.008411176209700092
94.0,False,0.06517789776441581,0.1105427537547769,0.2993834377221418,0.7068965517241379,0.05084745762711865,07910,False,0.10216359820843023,0.0006829399538554945,0.008485771738017612
95.0,False,0.012020405312277268,0.009424692423662354,0.8475047905836822,0.4107142857142857,0.0,07910,False,8.554420435917434e-05,0.00702972891880162,0.004990938763557577
96.0,False,0.10913468824308385,0.19594903834931615,0.4162176985559253,0.6727272727272727,0.19642857142857142,07910,False,0.419318966083212,0.006606509782780689,0.03801081278430064
97.0,False,0.015751116259095112,0.01169301020275952,0.8743465589238151,0.5370370370370371,0.0,07910,False,0.00019135705317588502,0.007971477846876358,0.004990938763557577
98.0,False,0.06897667258630812,0.1187134607484565,0.29076595659249704,0.6181818181818182,0.05357142857142857,07910,False,0.12411074414701079,0.0008314661388234837,0.008730013497990307
99.0,False,0.07506567034810865,0.12492326102677268,0.35303157649008987,0.6037735849056604,0.07407407407407407,07910,False,0.15007086337910425,0.001536845291431659,0.010806029562607332
100.0,False,0.019492630410557495,0.013598956905914356,0.8870195077687697,0.6111111111111112,0.0,07910,False,0.0003479227621904557,0.009085600169978583,0.004990938763557577
101.0,False,0.098750208979561,0.16679320118184465,0.4132932958558045,0.49019607843137253,0.11538461538461539,07910,False,0.3141047343169186,0.00457617670027763,0.01658208924825794
102.0,False,0.011097639326944736,0.011898817522864678,0.8824488296222509,0.5961538461538461,0.0,07910,False,0.00011984327700195678,0.003856253754689668,0.004990938763557577
103.0,False,0.08349986704294818,0.1427206723977007,0.3470126043009015,0.5471698113207547,0.1111111111111111,07910,False,0.21025495424535018,0.002468341676500873,0.01586550456055092
104.0,False,0.07067387838776336,0.1213565361035955,0.23375508564905662,0.4339622641509434,0.05555555555555555,07910,False,0.13278381183082957,0.0009649716939223947,0.008912292044062022
105.0,False,0.04470983936650118,0.07535462754919997,0.3794787548882822,0.7169811320754716,0.05555555555555555,07910,False,0.0305894007308818,0.0007773598439247134,0.008912292044062022
106.0,False,0.06999853846949995,0.12016050795233067,0.28113943216829873,0.5370370370370371,0.05454545454545454,07910,False,0.12903524093567678,0.000962399785915662,0.008819029232539695
107.0,False,0.009702895551128472,0.012696084476570436,0.7919565998506136,0.5849056603773585,0.0,07910,False,0.00011209836042374698,0.001875026000669754,0.004990938763557577
108.0,False,0.051627874819645585,0.08837053507204445,0.2881419482946401,0.6037735849056604,0.05555555555555555,07910,False,0.050156599468631095,0.0006950850944380133,0.008912292044062022
109.0,False,0.06359790364542897,0.10984217742169726,0.2858746676667007,0.6296296296296297,0.05454545454545454,07910,False,0.09788943792206438,0.0007490825380311698,0.008819029232539695
110.0,False,0.011819217142599085,0.012155984093589589,0.8829015233884006,0.7037037037037037,0.0,07910,False,0.00013671154268129134,0.0033776530014458838,0.004990938763557577
111.0,False,0.0537885303908618,0.09199676736592183,0.33311821609439185,0.5555555555555556,0.05454545454545454,07910,False,0.057082812578846745,0.0009787529637433768,0.008819029232539695
112.0,False,0.0636213189814786,0.10999688512034402,0.2881419482946401,0.49056603773584906,0.05555555555555555,07910,False,0.0981772130066358,0.0010225510801913811,0.008912292044062022
113.0,False,0.008611036533399006,0.010962855251587314,0.7700610653130384,0.5094339622641509,0.0,07910,False,7.108985379331206e-05,0.001856113816165526,0.004990938763557577
114.0,False,0.052025431763854074,0.08883944530027951,0.20108840823104757,0.6037735849056604,0.05555555555555555,07910,False,0.05117854401790937,0.0004594726868243259,0.008912292044062022
115.0,False,0.2396875575539352,0.42795631628826314,0.6258316847888455,0.6851851851851852,0.5272727272727272,07910,True,0.9101481246976216,0.3879598058323714,0.5610069187143413
116.0,False,0.29953848620091367,0.4623925740093347,0.6084077651188303,0.7142857142857143,0.6842105263157895,07910,True,0.9418510420242238,0.7545612319885845,0.869244029526935
117.0,False,0.27532684686065423,0.2823666436623012,0.6746626216015393,0.5517241379310345,0.3977272727272727,07910,True,0.8466347589530243,0.396257412256515,0.24676071899702856
118.0,False,0.03077873306240313,0.03550682498478595,0.901985598207695,0.5794392523364486,0.018518518518518517,07910,False,0.0042819399100349235,0.010369534989097139,0.006056535391333027
119.0,False,0.026000047677850746,0.03267420474674535,0.7431021535197805,0.5225225225225225,0.017857142857142856,07910,False,0.0028660811968561615,0.0043535712855243755,0.006014843824002026
0.0,False,0.15453092877585425,0.19729902490001194,0.43262148682666957,0.3815789473684211,0.2077922077922078,08215,True,0.5458950083063706,0.02609672676885159,0.04157255443907172
1.0,False,0.00983771426299176,0.007786498814588144,0.6973561336808342,0.2948717948717949,0.0,08215,False,4.259156235597845e-05,0.004206993480272362,0.004834652664061487
2.0,False,0.01627446141906904,0.00896050805270549,0.8062767208467714,0.2564102564102564,0.0,08215,False,0.0001153895850208278,0.01609485407843466,0.004834652664061487
3.0,False,0.009535929789458072,0.007115364867889553,0.7042066283927653,0.28205128205128205,0.0,08215,False,3.4175181045756245e-05,0.0046686644850408516,0.004834652664061487
4.0,False,0.08915254343463173,0.1540752789402076,0.2724732480543268,0.41025641025641024,0.0759493670886076,08215,False,0.25206891297369105,0.001706574611585144,0.010698280186081549
5.0,False,0.13238253364183702,0.16223357406102068,0.23405399642684677,0.33766233766233766,0.11538461538461539,08215,False,0.39675516721469595,0.004606322721764652,0.016120104734380015
6.0,False,0.10148618418205252,0.17298160707547594,0.3179869340549664,0.3375,0.14814814814814814,08215,False,0.3371180802720108,0.005381737049490661,0.022615417780005996
7.0,False,0.09180681484327854,0.1575865297547531,0.32200241448175154,0.32051282051282054,0.0759493670886076,08215,False,0.26862748812699067,0.002728872030766803,0.010698280186081549
8.0,False,0.08339095159676874,0.11020980314181548,0.29124678552961514,0.325,0.024691358024691357,08215,False,0.13757444426001902,0.0018131606913720125,0.006262101023166753
9.0,False,0.014800354034040338,0.007573865122116883,0.8212741052762288,0.26582278481012656,0.0,08215,False,7.258514069203704e-05,0.017126345540471814,0.004834652664061487
10.0,False,0.06351567997838434,0.10879083189646627,0.21062891339091003,0.3375,0.037037037037037035,08215,False,0.09516913845410037,0.0008388284766230886,0.007125765865336531
11.0,False,0.08438067843795771,0.14448107957251413,0.3037914920113504,0.475,0.07407407407407407,08215,False,0.21555284237149627,0.001631125668152657,0.01049117793246904
12.0,False,0.10133158295825907,0.17458003759636445,0.1832902152607878,0.31645569620253167,0.1125,08215,False,0.34063693595063754,0.0021236578322204307,0.01564510863552733
13.0,False,0.07955407760946118,0.13724570454342233,0.11322641732080899,0.3291139240506329,0.075,08215,False,0.18597235981081767,0.0008842894516945963,0.010592934128975462
14.0,False,0.061867249903844276,0.10621304893926375,0.1898970037766088,0.4177215189873418,0.0375,08215,False,0.08814108376389054,0.0006215262819581414,0.007160358353805235
15.0,False,0.10313996790359513,0.17785964613592167,0.3586372400662482,0.4936708860759494,0.1125,08215,False,0.3546137850204227,0.003289982731542288,0.01564510863552733
16.0,False,0.06252180702682308,0.10640729465950602,0.2853770808790298,0.3924050632911392,0.0375,08215,False,0.08965415419239803,0.0010554770445520966,0.007160358353805235
17.0,False,0.10075368124060145,0.17412120456977673,0.20685219971391072,0.25316455696202533,0.1125,08215,False,0.3376469272717745,0.0027267798861744376,0.01564510863552733
18.0,False,0.09458715877840215,0.1413104473624504,0.4683809824861065,0.36585365853658536,0.08433734939759036,08215,False,0.23670310610280454,0.006310750821869177,0.011675220127817104
19.0,False,0.16985548840587933,0.2393681004682929,0.1574872945183201,0.4444444444444444,0.10975609756097561,08215,True,0.6673192291458926,0.002433397947232084,0.015206077312322564
20.0,False,0.10244482056940644,0.15323660131220904,0.22227848624522198,0.2804878048780488,0.060240963855421686,08215,False,0.28936139297766866,0.0020213098323912763,0.009081291247373321
21.0,False,0.2541232706789636,0.3493146226121162,0.3723218653608578,0.39759036144578314,0.30952380952380953,08215,True,0.881902173387501,0.06045614139329185,0.11244210024039808
22.0,False,0.1569315856912501,0.19097876871150682,0.3515509839162387,0.30864197530864196,0.10975609756097561,08215,True,0.5356648743700552,0.009244841997639322,0.015206077312322564
23.0,False,0.05162238842762131,0.08663114088153205,0.27257381124695135,0.25609756097560976,0.03614457831325301,08215,False,0.047730819643589543,0.0011921499145358643,0.007059549092042136
24.0,False,0.09506617198893402,0.14451564535098102,0.14895889842282478,0.20481927710843373,0.05952380952380952,08215,False,0.2460226859207326,0.00157253625155519,0.00901354994135259
25.0,False,0.2491991128479383,0.3805312585133058,0.27257381124695135,0.3048780487804878,0.03614457831325301,08215,True,0.895575036979746,0.0035343761696684755,0.007059549092042136
26.0,False,0.0767841889847908,0.079144687711403,0.30557639095488687,0.35294117647058826,0.046511627906976744,08215,False,0.06923572885459413,0.002748898839881885,0.007867901278512937
27.0,False,0.06384537263302911,0.10766192366352269,0.28489477960346477,0.3950617283950617,0.036585365853658534,08215,False,0.09406783988316017,0.001063793472083821,0.007092177007633739
28.0,False,0.08143369626023492,0.13826468051783217,0.31598661396256994,0.2,0.07407407407407407,08215,False,0.19334180985873597,0.0031999060188880823,0.01049117793246904
29.0,False,0.050440472590364875,0.0862198209816759,0.2350623265510213,0.25,0.037037037037037035,08215,False,0.0458336348234583,0.000983410934514835,0.007125765865336531
30.0,False,0.014271440675215175,0.007401504264225091,0.7461972717394917,0.425,0.0,08215,False,6.586924336621836e-05,0.008050867399075646,0.004834652664061487
31.0,False,0.08640255342462405,0.14866166224037064,0.29601532754474474,0.31645569620253167,0.075,08215,False,0.23107735798780787,0.0023075891297731784,0.010592934128975462
32.0,False,0.08175615384603371,0.11427109207176293,0.04792954051747985,0.3924050632911392,0.025,08215,False,0.14262890756936503,0.00045387444745635094,0.006282368965368754
33.0,False,0.09376270731645163,0.1614503804891673,0.331605463807522,0.3670886075949367,0.1125,08215,False,0.2841098815286046,0.0036261908627762797,0.01564510863552733
34.0,False,0.27020548266431177,0.3943066789295599,0.16949311707793172,0.34177215189873417,0.2,08215,True,0.9116949557909952,0.009868219521631874,0.03842181846126877
35.0,False,0.056970931186403284,0.09746127894381362,0.18308591699091337,0.32051282051282054,0.0379746835443038,08215,False,0.06771248953258115,0.0007162584949346524,0.007195999707260708
36.0,False,0.008618423797343192,0.0074893208272022345,0.6438269280537152,0.4050632911392405,0.0,08215,False,3.2647585271130945e-05,0.002088001766385353,0.004834652664061487
37.0,False,0.00829924601595146,0.007092487004363711,0.6563982900845032,0.3717948717948718,0.0,08215,False,2.7815788908042958e-05,0.002373187629895679,0.004834652664061487
38.0,False,0.05250416455604913,0.09030332655578122,0.27383648867871657,0.2911392405063291,0.0375,08215,False,0.0527425894690035,0.0011037547935226464,0.007160358353805235
39.0,False,0.006509300995513886,0.005764796653779266,0.5500220234712876,0.2692307692307692,0.0,08215,False,1.3107242281669818e-05,0.0014710991136483655,0.004834652664061487
40.0,False,0.07364643590909455,0.12495520006371837,0.258198290568992,0.5063291139240507,0.075,08215,False,0.14556138622999013,0.001131906458908235,0.010592934128975462
41.0,False,0.06184063125562071,0.10463484924333875,0.23671056363073123,0.34177215189873417,0.0375,08215,False,0.08577928901234899,0.0009393989675073222,0.007160358353805235
42.0,False,0.10076529517508705,0.17423698625676198,0.24632573660415957,0.3974358974358974,0.11392405063291139,08215,False,0.3379733190886325,0.0023917335410441887,0.01587785362749689
43.0,False,0.005527835578957593,0.005149668083507017,0.5118133799718796,0.31645569620253167,0.0,08215,False,8.320417392518799e-06,0.0009293067860493096,0.004834652664061487
44.0,False,0.02740417731585604,0.04379921292502268,0.37038891722432965,0.3974358974358974,0.0379746835443038,08215,False,0.0053221281446524365,0.000946181352352661,0.007195999707260708
45.0,False,0.006903538238958048,0.0052341814289437304,0.5841503689712548,0.3116883116883117,0.0,08215,False,1.1819994141332525e-05,0.0019358412596302418,0.004834652664061487
46.0,False,0.005631588877667997,0.006696033968773414,0.5193450604648552,0.3717948717948718,0.0,08215,False,1.4244481105541654e-05,0.0006589688515528505,0.004834652664061487
47.0,False,0.08081120373734335,0.1391109395350439,0.1473192727830758,0.34615384615384615,0.0759493670886076,08215,False,0.1934735469165284,0.001022380961163701,0.010698280186081549
48.0,False,0.06920957241415014,0.12022361756434713,0.3158440929336268,0.3076923076923077,0.0759493670886076,08215,False,0.1262793933077522,0.002213127253248205,0.010698280186081549
49.0,False,0.06609981485960213,0.1132100144599554,0.10574361969260768,0.3717948717948718,0.0379746835443038,08215,False,0.10742679325785594,0.0004879371987464563,0.007195999707260708
50.0,False,0.085096589875271,0.09804530279134027,0.3036429570265321,0.27710843373493976,0.07142857142857142,08215,False,0.1156731432534743,0.003875020779601784,0.01020574483242306
51.0,False,0.14440617807616002,0.22017857054720014,0.26867888911147225,0.3333333333333333,0.08536585365853659,08215,True,0.5744904187708448,0.0034937787933541323,0.011800920354435163
52.0,False,0.057646845632009044,0.09763723641209954,0.21225609098147719,0.3924050632911392,0.0375,08215,False,0.06901563361733937,0.0007079059034705053,0.007160358353805235
53.0,False,0.056012898246033095,0.09499070671730128,0.24842220237027013,0.2345679012345679,0.036585365853658534,08215,False,0.06316801581664512,0.001173333796529896,0.007092177007633739
54.0,False,0.06193310520177363,0.10387834185762738,0.11841496434093685,0.379746835443038,0.0375,08215,False,0.08484509913342718,0.0004953250659280106,0.007160358353805235
55.0,False,0.05430484788380962,0.09345986971689133,0.27917775273524315,0.3670886075949367,0.0375,08215,False,0.05881025655397079,0.0009727086538411454,0.007160358353805235
56.0,False,0.05840606898567376,0.09691518909177918,0.25600501177853024,0.3924050632911392,0.0375,08215,False,0.06929643838648313,0.0008996573444513388,0.007160358353805235
57.0,False,0.059419561512189245,0.10177643437823154,0.21890275092446557,0.27848101265822783,0.0375,08215,False,0.07744428926446272,0.0009580095420262301,0.007160358353805235
58.0,False,0.006321444818443285,0.006114425298004292,0.5571031100421815,0.3037974683544304,0.0,08215,False,1.4092552261738198e-05,0.0012511004402228194,0.004834652664061487
59.0,False,0.008750577753214495,0.006498583555960616,0.6698001191688298,0.3291139240506329,0.0,08215,False,2.5318891410806105e-05,0.003370570791394243,0.004834652664061487
60.0,False,0.005727449252551002,0.006873436534460448,0.5139201296673966,0.379746835443038,0.0,08215,False,1.5356022645873874e-05,0.0006315924678255523,0.004834652664061487
61.0,False,0.005250709218556379,0.006252441368403937,0.49825848711191484,0.32051282051282054,0.0,08215,False,1.1272343023959606e-05,0.0006376399608570848,0.004834652664061487
62.0,False,0.005603945300874156,0.005904634009693962,0.5112102798589001,0.4050632911392405,0.0,08215,False,1.107356040816944e-05,0.0006674252933164036,0.004834652664061487
63.0,False,0.03316700066235846,0.03603010265309213,0.637340841667773,0.275,0.037037037037037035,08215,False,0.004791184363940675,0.007663411671510915,0.007125765865336531
64.0,False,0.041644119386506244,0.04179715846320552,0.17320587454980282,0.35,0.012345679012345678,08215,False,0.008835082973821322,0.0007245532385614565,0.0055025348957706294
65.0,False,0.008207481171291641,0.007467590820730377,0.6372181804729908,0.3,0.0,08215,False,3.0262257263939162e-05,0.002368259443811313,0.004834652664061487
66.0,False,0.0061610567999091865,0.00710923269255004,0.5449769449808964,0.3625,0.0,08215,False,1.8210974351104316e-05,0.0008366046671190915,0.004834652664061487
67.0,False,0.03591342699182065,0.06260149182302224,0.2902941049359889,0.345679012345679,0.036585365853658534,08215,False,0.015567172758237897,0.0007897013465581441,0.007092177007633739
68.0,False,0.005249478720362035,0.006425450878603333,0.48563233108490667,0.2375,0.0,08215,False,1.1883195434562576e-05,0.0007052071433384698,0.004834652664061487
69.0,False,0.006821195975495152,0.0078280748930275,0.5600605015088509,0.345679012345679,0.0,08215,False,2.542502547395097e-05,0.001009029626442452,0.004834652664061487
70.0,False,0.047492810801919874,0.08137134850037729,0.27392334606124186,0.32098765432098764,0.036585365853658534,08215,False,0.03787032056077916,0.0009572922589177457,0.007092177007633739
71.0,False,0.0058816968570634814,0.007080488394481321,0.5128853135619356,0.275,0.0,08215,False,1.6902305655523832e-05,0.0008119129229701944,0.004834652664061487
72.0,False,0.21848797109085288,0.319878542288022,0.1830038584253337,0.3037974683544304,0.0875,08215,True,0.8350878754752891,0.0035376844960922776,0.012066029651405423
73.0,False,0.05215083170280925,0.08773136858550629,0.3091424823693284,0.2808988764044944,0.044444444444444446,08215,False,0.049544214425034004,0.0014524571598238565,0.007699701427186992
74.0,False,0.03276431730096086,0.05340740572905766,0.23231870329121757,0.3181818181818182,0.033707865168539325,08215,False,0.01007202254636483,0.0006272958733067918,0.006881850175762632
75.0,False,0.08229334839760863,0.10761541379387286,0.27618799638468833,0.3146067415730337,0.022222222222222223,08215,False,0.12999765981089656,0.0016937898267719023,0.0061022794596056985
76.0,False,0.16010733801042593,0.2298104872893034,0.2993542112759273,0.4431818181818182,0.21348314606741572,08215,True,0.6299149743325193,0.011581223780930882,0.04402831341476614
77.0,False,0.013921590361195498,0.007764213988176101,0.7852518705832686,0.30337078651685395,0.0,08215,False,6.976186747839856e-05,0.011609426985415505,0.004834652664061487
78.0,False,0.13334244200203862,0.18432230284227985,0.12784055048595394,0.3103448275862069,0.06818181818181818,08215,True,0.4600256116079602,0.0016956513629015272,0.009865926724241884
79.0,False,0.04719483864370264,0.0786192600216248,0.2614610021164915,0.24719101123595505,0.03333333333333333,08215,False,0.035196566654424326,0.0010651188329096842,0.006854933875548623
80.0,False,0.1517748655507729,0.2113543899207523,0.21093093364530954,0.2988505747126437,0.09090909090909091,08215,True,0.5725190391235389,0.003453923787825696,0.012501769506360293
81.0,False,0.12977226933100397,0.18870334783988868,0.393733571698071,0.29069767441860467,0.12643678160919541,08215,True,0.461690794390763,0.009898246013491652,0.01807484705459462
82.0,False,0.020319748593904702,0.016914414002603743,0.8104460737502123,0.3333333333333333,0.011363636363636364,08215,False,0.0005463146656746166,0.011420551527652253,0.005446204611509254
83.0,False,0.08151002058332614,0.10878572458624398,0.06036304036342045,0.26136363636363635,0.02247191011235955,08215,False,0.13082552111986115,0.0006674168822174153,0.006118255198235108
84.0,False,0.26315383059747804,0.38562225817552037,0.22512880297940854,0.27710843373493976,0.15476190476190477,08215,True,0.9049233919394256,0.00963514956500924,0.024207972090095432
85.0,False,0.018637955933262278,0.008674350223047451,0.8671575059147832,0.32558139534883723,0.0,08215,False,0.0001316356603539084,0.024018123168448913,0.004834652664061487
86.0,False,0.04953835449355739,0.08341627956678217,0.14834950877065953,0.3103448275862069,0.03409090909090909,08215,False,0.04204424143619833,0.0005534227532145231,0.006909486771491749
87.0,False,0.06198677547817702,0.10475838608056297,0.2059663336589622,0.27586206896551724,0.06818181818181818,08215,False,0.08622644042516277,0.0012546075150096615,0.009865926724241884
88.0,False,0.07809015768147633,0.13011771871128733,0.3219825779106437,0.3372093023255814,0.06896551724137931,08215,False,0.16702411677363588,0.0022731041044657878,0.009946911834570733
89.0,False,0.092217385790405,0.12991290932194768,0.235630099211331,0.3023255813953488,0.05747126436781609,08215,False,0.20246794505535484,0.0019809174918717755,0.008822424726045996
90.0,False,0.013715472873691435,0.007573544963971097,0.7675134928407185,0.25,0.0,08215,False,6.505761977612532e-05,0.012062476733334042,0.004834652664061487
91.0,False,0.012913423289819651,0.007686919973469237,0.7691000091451379,0.25,0.0,08215,False,6.141078096257726e-05,0.01075298929695599,0.004834652664061487
92.0,False,0.014321727087583447,0.0077171737047206385,0.7605752990083409,0.25555555555555554,0.0,08215,False,7.180740956167156e-05,0.01219387175265262,0.004834652664061487
93.0,False,0.07206552583490831,0.12224312724745945,0.3072364409573962,0.3,0.06593406593406594,08215,False,0.13661045489120477,0.002082227909800613,0.009637254381468768
94.0,False,0.017882649968700898,0.0074472293522947226,0.8583063904594483,0.2727272727272727,0.0,08215,False,9.218787132268575e-05,0.028386195423999214,0.004834652664061487
95.0,False,0.04438828434012001,0.07205313713899693,0.2881562017962682,0.23863636363636365,0.033707865168539325,08215,False,0.02741702177671975,0.0012197590259702303,0.006881850175762632
96.0,False,0.010036160976614708,0.00688782723372071,0.6883140811188646,0.3409090909090909,0.0,08215,False,3.452701411620939e-05,0.004291994836575818,0.004834652664061487
97.0,False,0.0926745200417352,0.1372214061380701,0.25698535884356216,0.34831460674157305,0.05555555555555555,08215,False,0.22143274992881226,0.001842807790921558,0.008647667401970262
98.0,False,0.05568437968655369,0.09316166177932604,0.044804583908243566,0.26744186046511625,0.034482758620689655,08215,False,0.06048364973238994,0.0004090791513018877,0.0069378727337784645
99.0,False,0.007370726408067708,0.006843798565923421,0.5626255766028739,0.2558139534883721,0.0,08215,False,2.188127483503991e-05,0.0016686537525565574,0.004834652664061487
100.0,False,0.009211846259906281,0.006122174408606537,0.6451486671844783,0.23529411764705882,0.0,08215,False,2.427102490159617e-05,0.0043460989664614045,0.004834652664061487
101.0,False,0.05231861987895136,0.0871997158935904,0.28595013338064024,0.42528735632183906,0.03409090909090909,08215,False,0.049205761862511875,0.0008593109899226748,0.006909486771491749
102.0,False,0.044807116841197425,0.06626264483607616,0.3251902908172389,0.38823529411764707,0.03488372093023256,08215,False,0.023699675786296316,0.001161340705026183,0.006967038708104668
103.0,False,0.08700589789177439,0.08004775458418809,0.06036304036342045,0.3409090909090909,0.011235955056179775,08215,False,0.0834178021724438,0.0007864280923926358,0.005438923026009493
104.0,False,0.21284013419477096,0.21811401702073233,0.02242584744671249,0.29069767441860467,0.022988505747126436,08215,True,0.6983360567659238,0.0013617514326419449,0.006151440535647812
105.0,False,0.038194908878983254,0.06045184288244433,0.32596442930521585,0.2777777777777778,0.04395604395604396,08215,False,0.01588494895672632,0.0013569433869216722,0.007660485844786241
106.0,False,0.009682846767090214,0.007463059768859403,0.6645658286146848,0.26136363636363635,0.0,08215,False,3.83326662075411e-05,0.0039579202407988715,0.004834652664061487
107.0,False,0.008947270555200499,0.006286116284559182,0.6421213388513054,0.2840909090909091,0.0,08215,False,2.4503585621448567e-05,0.0035344077056255617,0.004834652664061487
108.0,False,0.053227836128876826,0.08576788177373047,0.28997405366275864,0.28888888888888886,0.03296703296703297,08215,False,0.048858232045177884,0.0012455581695261673,0.006828710274970813
109.0,False,0.017035844388998665,0.01957339497201011,0.6234041734859046,0.34444444444444444,0.01098901098901099,08215,False,0.0005633654697212708,0.0028579426374737617,0.005424867420329755
110.0,False,0.07873043621584842,0.11835133636115781,0.3441443299724617,0.3595505617977528,0.08888888888888889,08215,False,0.14435772103973657,0.0032377483307985603,0.012241712456662869
111.0,False,0.11633939708807808,0.1750180835017199,0.11926121617136459,0.30337078651685395,0.08888888888888889,08215,False,0.3876791644758792,0.0016586192465829585,0.012241712456662869
112.0,False,0.12925603558421533,0.1937453948645892,0.32780129651807527,0.3764705882352941,0.09302325581395349,08215,True,0.4730366913313218,0.004238100849124987,0.012779763540084529
113.0,False,0.20578135475409987,0.30007906574648824,0.065918595918976,0.2727272727272727,0.056179775280898875,08215,True,0.8040309555320687,0.0015749795975442986,0.008704230591907062
114.0,False,0.016322737214247846,0.015771086491512907,0.7846968311840633,0.35555555555555557,0.01098901098901099,08215,False,0.00034807057756591406,0.007011354695800733,0.005424867420329755
115.0,False,0.09849797496569111,0.13827601707019987,0.3468757546502003,0.3655913978494624,0.09574468085106383,08215,False,0.23960429545770018,0.004334346319584826,0.013146604740657663
116.0,False,0.009526312491626781,0.00844307748905027,0.645080062269331,0.3829787234042553,0.0,08215,False,4.760536680944541e-05,0.0023191981097869753,0.004834652664061487
117.0,False,0.20835404269998667,0.29789802424151496,0.15831171300499688,0.31521739130434784,0.07526881720430108,08215,True,0.8046074477555282,0.002720415630340031,0.010622658709635045
118.0,True,0.2740616037871093,0.33640681381072696,0.8343803017536142,0.5584415584415584,0.6923076923076923,08215,True,0.8855290594794804,0.9413499216999267,0.8772754357013861
119.0,True,0.20810172141096772,0.2832751179302923,0.9194496804576588,0.5921052631578947,0.7922077922077922,08215,True,0.7884594847319076,0.976233898847445,0.9534429243265838
0.0,False,0.3126508425092956,0.30103565603317556,0.5290538115060458,0.5876288659793815,0.5,08219,True,0.8987595470433776,0.4894761614653064,0.5388147524473534
1.0,False,0.16971533695657434,0.22423986022451467,0.6327677270382455,0.5943396226415094,0.38317757009345793,08219,True,0.6625969961901624,0.19538384725767496,0.24633341578098686
2.0,False,0.30848784059605705,0.34910170433315274,0.5042552784104852,0.6181818181818182,0.4774774774774775,08219,True,0.9239618686850566,0.34652865362217944,0.4775115820769022
3.0,False,0.2677406766713059,0.23167814943316128,0.39814149535189314,0.5333333333333333,0.33962264150943394,08219,True,0.7990823068993185,0.11593009707483438,0.16893574592901256
4.0,False,0.1705330650307476,0.206952108023024,0.23347138732654227,0.5865384615384616,0.13333333333333333,08219,True,0.6228045050143666,0.0036660024977206405,0.020988371400753044
5.0,False,0.019475325065591405,0.03140674440961546,0.8176015546361035,0.5686274509803921,0.0,08219,False,0.0011803602690245768,0.002662193566744824,0.004984393870434198
6.0,False,0.08010801832950203,0.09747425638152157,0.3951772589896161,0.53,0.09900990099009901,08219,False,0.09650595200967355,0.0042189357458604785,0.014530919907037532
7.0,False,0.1985021500823067,0.2085273417900769,0.25351232836200827,0.53125,0.09278350515463918,08219,True,0.6746227522665605,0.004064549672580245,0.013590081027300959
8.0,False,0.021065324586896545,0.03556215813801256,0.7666581253176784,0.5463917525773195,0.0,08219,False,0.0017385508998694701,0.0024400233647808986,0.004984393870434198
9.0,False,0.02431310267112086,0.04247735388515387,0.6536151723177228,0.4742268041237113,0.05102040816326531,08219,False,0.003156281209291433,0.0039059763156051967,0.008661928894987044
10.0,False,0.019850515194957844,0.03470204910187409,0.7559258871245751,0.5520833333333334,0.020618556701030927,08219,False,0.0015157634010945587,0.002660929501646953,0.0062331481012781065
11.0,False,0.026461734433088704,0.03823121806664288,0.5030191594146114,0.5612244897959183,0.020202020202020204,08219,False,0.0028033588224017636,0.0011733498797912268,0.006205077047538787
12.0,False,0.08452491643398816,0.15177032043071798,0.29411570756567273,0.5625,0.08247422680412371,08219,False,0.23715969577040613,0.0016253731539023575,0.012162694522925684
13.0,False,0.09124336685804638,0.11184669060989563,0.336713771540086,0.5204081632653061,0.1111111111111111,08219,False,0.14837827927234273,0.0042218197791830826,0.016546643834778982
14.0,False,0.08944422137568468,0.1209187447357004,0.4422338048942671,0.494949494949495,0.11,08219,False,0.1679896274520471,0.0068122835918007635,0.016350638975225814
15.0,False,0.0943948845706114,0.1251947160561209,0.36170068919743975,0.5,0.1111111111111111,08219,False,0.19043210074436395,0.005025302254165006,0.016546643834778982
16.0,False,0.018181934108452827,0.030238108612521224,0.7428110940697455,0.4536082474226804,0.0,08219,False,0.0009856712958481977,0.0031905775343505386,0.004984393870434198
17.0,False,0.03841810503582307,0.06936657352163209,0.3863584994465323,0.40625,0.030927835051546393,08219,False,0.017642200055433314,0.0018492525194060752,0.0069695660433788465
18.0,False,0.09056967327431302,0.10442608207519834,0.3583153274024501,0.4639175257731959,0.12244897959183673,08219,False,0.12878391766087843,0.007036104058027975,0.018683424428466777
19.0,False,0.04147216859151242,0.0692485307420972,0.38362606722998727,0.47474747474747475,0.06,08219,False,0.019505298627766846,0.0019544211110649893,0.009544457332083114
20.0,False,0.034866439670191395,0.05843756113314885,0.24354022225420288,0.3958333333333333,0.041237113402061855,08219,False,0.010570419432604745,0.0011780091938011956,0.00779230618009827
21.0,False,0.016852713060825142,0.028503229988962975,0.7217460963410938,0.5052631578947369,0.0,08219,False,0.0007771164714375595,0.002158265847330816,0.004984393870434198
22.0,False,0.0829258326255221,0.09509354075735879,0.31053144946818256,0.47368421052631576,0.08333333333333333,08219,False,0.09584987263244434,0.003490365392307427,0.012275761458694757
23.0,False,0.03703585343849732,0.062047851130090335,0.32796525542940946,0.45263157894736844,0.052083333333333336,08219,False,0.013115316656995226,0.00148070570884968,0.008762021449230318
24.0,False,0.14022494945584765,0.177640175410304,0.22508011389057664,0.43617021276595747,0.12631578947368421,08219,True,0.471827944900949,0.005873783774248479,0.0194723651924575
25.0,False,0.11681866047975781,0.17605258957994116,0.2756959651493335,0.40860215053763443,0.1595744680851064,08219,False,0.40460823119552275,0.009445007075568867,0.02774828589374183
26.0,False,0.13177747377394464,0.14859286094653146,0.4970923102797508,0.59375,0.21649484536082475,08219,False,0.3543924758685972,0.022404856265328874,0.05041296760591065
27.0,False,0.12874649431576302,0.20119341141600583,0.5729001198673798,0.5263157894736842,0.3020833333333333,08219,True,0.5120468838620196,0.0793415229991335,0.11893872946442362
28.0,False,0.09944967109892068,0.16546250058392814,0.48234441191426214,0.5684210526315789,0.19791666666666666,08219,False,0.3210700551092593,0.01322349207863852,0.04155254760315256
29.0,False,0.15254792512356427,0.21809446922602171,0.487927190303976,0.5473684210526316,0.2604166666666667,08219,True,0.614099014256804,0.03957343405071353,0.07893880292116542
30.0,False,0.11631569717024824,0.15457545246020016,0.38826160248321595,0.3894736842105263,0.14583333333333334,08219,False,0.33529802157849997,0.015371984160396325,0.02397972886520474
31.0,False,0.10111942093784375,0.1474408330535646,0.40686412364532937,0.43617021276595747,0.21052631578947367,08219,False,0.2719777808069002,0.022540156769971887,0.04738704446948653
32.0,False,0.2563306499761785,0.3689739059294546,0.4144673319242253,0.47959183673469385,0.32323232323232326,08219,True,0.9141013734382575,0.09880475043183644,0.1453050477959841
33.0,False,0.1463909876097613,0.2201293448086703,0.6079312689191493,0.5531914893617021,0.3684210526315789,08219,True,0.6054607605982134,0.16227178085547442,0.21769158810581918
34.0,False,0.1904125723979147,0.29651959652492443,0.6050597300311301,0.4574468085106383,0.5263157894736842,08219,True,0.8117883945254399,0.6438944987159703,0.6088594210504756
35.0,False,0.20092934997390138,0.28761964166527604,0.7145730202678454,0.5368421052631579,0.5833333333333334,08219,True,0.8127296285233103,0.7936452055971548,0.7435003233593811
36.0,False,0.16513441059275769,0.26666570688460556,0.5350580453000676,0.5531914893617021,0.4421052631578947,08219,True,0.7361176939797127,0.24085616420566788,0.3832646295774514
37.0,False,0.13977986250774976,0.22868117136144334,0.5289269678008345,0.5376344086021505,0.5212765957446809,08219,True,0.610571895879371,0.4066774044184376,0.5956982680494026
38.0,False,0.1411783914339318,0.2384210523645156,0.5458521440854787,0.5161290322580645,0.44680851063829785,08219,True,0.6357931905125362,0.26989003549488455,0.39545718722475237
39.0,False,0.19614093280669145,0.3155149122933401,0.6995529846404998,0.5157894736842106,0.6041666666666666,08219,True,0.837829757617903,0.820278292566671,0.7843856221849633
40.0,False,0.22194072980655527,0.37566464967065794,0.6153970018282774,0.4791666666666667,0.6804123711340206,08219,True,0.9007219625455907,0.8986010510222613,0.893099093529812
41.0,False,0.20353010604569766,0.3175976250614627,0.7419934603537002,0.5257731958762887,0.6428571428571429,08219,True,0.8466074527978462,0.8901657739571124,0.8472627371528408
42.0,False,0.24503190477726627,0.39071593032473656,0.743078163670076,0.5576923076923077,0.8285714285714286,08219,True,0.9191427696051929,0.9816791865215937,0.9767591167257335
43.0,False,0.18501677156691232,0.28478104360987294,0.7034758647686016,0.49019607843137253,0.5922330097087378,08219,True,0.7910268830990709,0.821323124247999,0.7615659823297847
44.0,False,0.19325639304265638,0.31269315457552266,0.7158018657529832,0.5490196078431373,0.5825242718446602,08219,True,0.832221004461766,0.7663256613603576,0.7418142830276896
45.0,False,0.19564874011101663,0.31650604173635166,0.719490826178667,0.5769230769230769,0.6285714285714286,08219,True,0.8383121606356015,0.8259918885803198,0.8259971541738138
46.0,False,0.3411287110169409,0.5654317517420023,0.6418500789269103,0.5520833333333334,0.5979381443298969,08219,True,0.9763255636382687,0.7935340650804418,0.7726777035175513
47.0,False,0.18375922489733,0.262421427155147,0.41046358256593474,0.59,0.4158415841584158,08219,True,0.7573344310680694,0.12100070243819565,0.31819170472501573
48.0,False,0.1924381957026419,0.29821986396261535,0.6584678284187943,0.6831683168316832,0.5784313725490197,08219,True,0.8159561597394407,0.5702661338575203,0.7331748490238424
49.0,False,0.20592314100428477,0.2971895753586398,0.6878434522764227,0.47115384615384615,0.6,08219,True,0.8285480895860389,0.8500851882608681,0.776602467202617
50.0,False,0.18557698399185446,0.2682094330052052,0.7716314635144489,0.5631067961165048,0.5,08219,True,0.7686575664377685,0.6307173227663739,0.5388147524473534
51.0,False,0.17455849142414742,0.23763928456602407,0.6582732038472837,0.46078431372549017,0.5436893203883495,08219,True,0.6993484616339171,0.7331306791404272,0.6529342069404938
52.0,False,0.16567793813878562,0.2559586007544233,0.7426571011604195,0.5353535353535354,0.57,08219,True,0.7187881198323602,0.7634761908228528,0.714808671838194
53.0,False,0.1876712660317534,0.3020955095083641,0.8550582013008277,0.54,0.7425742574257426,08219,True,0.8150817199154206,0.9698886971165566,0.9427088200172825
54.0,False,0.20543324892203338,0.2959381332852125,0.8480469437417364,0.5544554455445545,0.7058823529411765,08219,True,0.8267255194764241,0.9573334432674848,0.916867014225203
55.0,False,0.19626126016369394,0.2942869748121429,0.7164207307228233,0.5858585858585859,0.65,08219,True,0.8155788651666408,0.8548979999175184,0.8570715949418867
56.0,False,0.19329220976486738,0.2920435588947439,0.8416277640651438,0.57,0.6138613861386139,08219,True,0.8097447773095565,0.8789139310712585,0.8017266090724338
57.0,False,0.17447850984894464,0.28491015765301414,0.8492970118831817,0.6504854368932039,0.5576923076923077,08219,True,0.7774366326599812,0.7174603856273742,0.686681665152081
58.0,False,0.10620315484006354,0.17670691142551964,0.6715926573954168,0.6274509803921569,0.46601941747572817,08219,False,0.3751624639465745,0.27610907308567983,0.44646758484121357
59.0,False,0.13586896503158516,0.20021557294673403,0.7656258765790638,0.6634615384615384,0.5047619047619047,08219,True,0.5279599430009128,0.47016764805458655,0.5516886826536608
60.0,False,0.1642858842034509,0.24541344333916215,0.8383848927590225,0.6826923076923077,0.5714285714285714,08219,True,0.6968445587784087,0.7095533298464242,0.7179735419384208
61.0,False,0.14776623292763752,0.22934535206353965,0.7786045950755663,0.6346153846153846,0.6,08219,True,0.6302535381524748,0.7478851158108716,0.776602467202617
62.0,False,0.1367196259989159,0.21657508396508712,0.8410647256391541,0.6213592233009708,0.6442307692307693,08219,True,0.5736887824458158,0.8601323127402761,0.8491909631238531
63.0,False,0.1428384505950772,0.20646863736093143,0.7792932618771861,0.5865384615384616,0.6666666666666666,08219,True,0.5622706479934234,0.8851053190116733,0.8779235008112962
64.0,False,0.15409456237802646,0.24341543918465902,0.8594633017884535,0.5882352941176471,0.7087378640776699,08219,True,0.6737350450383142,0.9426535322644044,0.919209707784164
65.0,False,0.12037650026403854,0.1842194959663855,0.7292867799313105,0.5686274509803921,0.6504854368932039,08219,True,0.4395727130803352,0.8339309600018516,0.8577187892319474
66.0,False,0.16833138339131778,0.26828562907642406,0.6611114664446067,0.62,0.7722772277227723,08219,True,0.7438509323768928,0.9260892618537049,0.9578918295719059
67.0,False,0.12456180052561125,0.19820607843342344,0.7571474613822317,0.594059405940594,0.5882352941176471,08219,True,0.4921954910650727,0.7218569678512056,0.7535605335089383
68.0,False,0.12980634137972452,0.2213302579673998,0.7876624468421748,0.6274509803921569,0.5533980582524272,08219,True,0.5679979993969505,0.6315479593808542,0.6765203760839879
69.0,False,0.14354465036044126,0.21712977097769318,0.8154927298629101,0.5242718446601942,0.6153846153846154,08219,True,0.5915160043125055,0.8734901451539588,0.8043536229767182
70.0,False,0.14735393109454664,0.2116491758399057,0.7319264591196444,0.5384615384615384,0.4666666666666667,08219,True,0.5864196156580691,0.5016868794905712,0.4482124189589156
71.0,False,0.11196942252250158,0.18608008548114527,0.6795893878774906,0.5742574257425742,0.49019607843137253,08219,False,0.4204876077879382,0.40381807355227406,0.5121650231036695
72.0,False,0.1837154946067544,0.263678810086357,0.6050641686150265,0.5959595959595959,0.73,08219,True,0.7592405094978728,0.8892277646029217,0.934838232855133
73.0,False,0.13090014631519595,0.21914133523676907,0.8112778774120065,0.6336633663366337,0.6666666666666666,08219,True,0.5653780497576335,0.8590949631493939,0.8779235008112962
74.0,False,0.13204843209592332,0.18886613330405919,0.7799029631807747,0.5686274509803921,0.6601941747572816,08219,True,0.48535402977572845,0.8831650540742662,0.8701556046729031
75.0,False,0.21553526817447666,0.31854105500475843,0.8112565546088724,0.638095238095238,0.6509433962264151,08219,True,0.8574655609835499,0.8800376696569284,0.858327107314433
76.0,False,0.1700636570670395,0.25876025513904133,0.7357407130095455,0.6057692307692307,0.5333333333333333,08219,True,0.730889136550207,0.6095303339546341,0.6269232431211498
77.0,False,0.19844835593844962,0.3045915752868148,0.6670789215313206,0.7156862745098039,0.6504854368932039,08219,True,0.8291058141074501,0.7190188285022155,0.8577187892319474
78.0,False,0.19877498488549447,0.25254975167379456,0.6163027361637513,0.6857142857142857,0.5660377358490566,08219,True,0.7615169993625959,0.5261073274628103,0.7059199750189764
79.0,False,0.3831907575020718,0.5006417743984587,0.49541431140336784,0.6363636363636364,0.58,08219,True,0.973597074579945,0.5875645049840983,0.7365075953556579
80.0,False,0.360500856073217,0.2996557433838685,0.6552600912943133,0.6637931034482759,0.5555555555555556,08219,True,0.9145698461960837,0.7054279540499735,0.6816471679404248
81.0,False,0.3486840030901489,0.4820354695223472,0.708441793083281,0.6972477064220184,0.6454545454545455,08219,True,0.9674410459090578,0.8243071334397083,0.8508919333001036
82.0,False,0.26236656763374494,0.2959539070015371,0.6289985298342466,0.591304347826087,0.5431034482758621,08219,True,0.8701244828459388,0.6476895678726848,0.6514851200689324
83.0,False,0.1784768486539494,0.20778405366360414,0.6941111534047558,0.5833333333333334,0.44036697247706424,08219,True,0.6396013588304592,0.4009653860390438,0.37879435216727525
84.0,False,0.3571663081572453,0.49077716223232015,0.4637285698906589,0.5445544554455446,0.6470588235294118,08219,True,0.9696837745527161,0.7845042397231672,0.8530977726531305
85.0,False,0.21629958966641474,0.338872925484319,0.6307382540067398,0.6761904761904762,0.5566037735849056,08219,True,0.8741536629974022,0.5087350691926207,0.6841223197618836
86.0,False,0.21500882242791727,0.33557129214117665,0.6080912106297018,0.6132075471698113,0.5607476635514018,08219,True,0.8707846660686427,0.5709022732292975,0.6938045802773793
87.0,False,0.21669403747411936,0.3119947859169932,0.7200759950736569,0.5047619047619047,0.5471698113207547,08219,True,0.8526106168128484,0.7663220735651554,0.6614837687904074
88.0,False,0.1373925386115365,0.20302488636609156,0.6243777301380564,0.5841584158415841,0.4215686274509804,08219,True,0.5395926315715153,0.23269982786001997,0.33189058878825556
89.0,False,0.15686579607791368,0.23871599354105624,0.6313698032085142,0.5204081632653061,0.5151515151515151,08219,True,0.6695373108172156,0.5453325766862821,0.5795154799828333
90.0,False,0.14616164848720442,0.2085783762998222,0.7148547979377188,0.5656565656565656,0.53,08219,True,0.5756905557515187,0.6143331064600426,0.618383619037404
91.0,False,0.12627777655326144,0.20510325336096946,0.7287550295473021,0.5979381443298969,0.6428571428571429,08219,True,0.5161297464988459,0.799449570766173,0.8472627371528408
92.0,False,0.11347726327631089,0.19365704216585383,0.7100720300569606,0.6185567010309279,0.6224489795918368,08219,False,0.4470426147569539,0.710714823455917,0.8161923563074
93.0,False,0.10798862798547466,0.1843303116357139,0.6707961464275456,0.5979381443298969,0.6326530612244898,08219,False,0.4031886152470917,0.7132146810365134,0.8323013489332529
94.0,False,0.12044660323973119,0.185051489484552,0.5963491278909331,0.53125,0.6597938144329897,08219,True,0.44226519808553955,0.7913292275545315,0.869661566898528
95.0,False,0.13213599525332417,0.22081655969835398,0.7518989269436257,0.5416666666666666,0.711340206185567,08219,True,0.5727665766451187,0.9224393396909774,0.9212920928093874
96.0,False,0.12979420359957825,0.22101432152168346,0.727819411810791,0.5625,0.7628865979381443,08219,True,0.567179200852944,0.9422297624326129,0.9535624840322596
97.0,False,0.11676838341694284,0.19603235617282053,0.7061953937613543,0.5684210526315789,0.7083333333333334,08219,False,0.46366372151600066,0.8858085770051374,0.9188815250322078
98.0,False,0.11446203524481051,0.19322534754061024,0.6594493764772829,0.5263157894736842,0.71875,08219,False,0.44876798546940794,0.8956265772341725,0.9269550573748063
99.0,False,0.12774242807968092,0.18160915122020985,0.6923439024961505,0.59375,0.6907216494845361,08219,True,0.45201291982811004,0.8627984263814719,0.9033669479266795
100.0,False,0.09177544817443513,0.1546400256257596,0.7578168091076234,0.59375,0.6185567010309279,08219,False,0.2665686474219775,0.7425790706805526,0.8097395471596824
101.0,False,0.19811314239289346,0.29375897053206,0.7556526064327087,0.6213592233009708,0.6442307692307693,08219,True,0.8169282954151967,0.8479689456697206,0.8491909631238531
102.0,False,0.12437537461932237,0.20115856990529604,0.8350004723056251,0.65,0.6633663366336634,08219,True,0.4999729792537169,0.8562571568503138,0.8740138947629558
103.0,False,0.15627881969756663,0.2322541416177888,0.8188464821917228,0.6078431372549019,0.7087378640776699,08219,True,0.6545937285989687,0.92960761228049,0.919209707784164
104.0,False,0.16103790747227692,0.20497137442340388,0.8536008348666481,0.5631067961165048,0.6538461538461539,08219,True,0.5987858508559086,0.9226893924436154,0.8621325390189375
105.0,False,0.24046551794619617,0.3717432508539836,0.6617338764840339,0.6764705882352942,0.6893203883495146,08219,True,0.9082895151589822,0.8349692355425558,0.9020248854772454
106.0,False,0.13561943140618785,0.22212540924502383,0.7858067227941455,0.6176470588235294,0.5339805825242718,08219,True,0.58480017137085,0.604840681130938,0.628572471313863
107.0,False,0.223544851003218,0.2512016630626339,0.5574481158574925,0.5961538461538461,0.4857142857142857,08219,True,0.7878332562714969,0.3998664198777426,0.4999500156065298
108.0,False,0.16966008499423874,0.22501987056472295,0.8120071663981809,0.6476190476190476,0.5849056603773585,08219,True,0.664236599181527,0.7656441420865734,0.746756277716167
109.0,False,0.331020180906451,0.4637889242556877,0.5362957918239888,0.6346153846153846,0.47619047619047616,08219,True,0.962052560515589,0.33607644857384056,0.4740114637757366
110.0,False,0.288632991508576,0.4438473809284721,0.6928254500978022,0.5714285714285714,0.5943396226415094,08219,True,0.9499855321600377,0.7982608100009145,0.7657119629858383
111.0,False,0.2925698725195099,0.4077270856764415,0.7239503108413987,0.5961538461538461,0.6571428571428571,08219,True,0.9411656794246539,0.8919522819143798,0.8663498905463822
112.0,False,0.19593674991960194,0.30911162762220235,0.6747220819132896,0.6513761467889908,0.5545454545454546,08219,True,0.8312763008214338,0.563192142221522,0.6792522764155192
113.0,False,0.2917283409221426,0.37153616409829343,0.4771762093034486,0.7281553398058253,0.41346153846153844,08219,True,0.9282258915555496,0.1139546484489044,0.31258825884900676
114.0,False,0.17973665975683004,0.2955751505808563,0.7240553413563571,0.6320754716981132,0.5607476635514018,08219,True,0.7981011689378192,0.6322635820252607,0.6938045802773793
115.0,False,0.16177398674107787,0.2055252912509815,0.786181870041039,0.5714285714285714,0.4339622641509434,08219,True,0.6017573702004555,0.4657647563722959,0.36250552148111453
116.0,False,0.1462855966996262,0.22199852870120731,0.7594810396019546,0.6153846153846154,0.42857142857142855,08219,True,0.6097477039484117,0.33531262687429014,0.34903406650791585
117.0,False,0.17748953200509593,0.2690134673031338,0.8238367442863477,0.6019417475728155,0.6057692307692307,08219,True,0.7587161076352713,0.8343845465738802,0.7873262916607885
118.0,False,0.20115249038150576,0.28566959692109006,0.8074034050177787,0.49038461538461536,0.6,08219,True,0.8106308069932832,0.8946020137296082,0.776602467202617
119.0,False,0.269745700665058,0.3796037420252405,0.6796948294804933,0.6796116504854369,0.6538461538461539,08219,True,0.9240921094824491,0.8077566993333678,0.8621325390189375
0.0,False,0.1361207349354881,0.22901192997457168,0.41402734793938945,0.4788732394366197,0.19444444444444445,08378,True,0.5407993636289262,0.013879211901337892,0.03427708586167291
1.0,False,0.12855185785057288,0.2127369888401904,0.28534471548830426,0.37681159420289856,0.14285714285714285,08378,True,0.47782473859478664,0.006409449821636903,0.02001052275197621
2.0,False,0.16143175161171947,0.2463968092899869,0.44389381834874087,0.4788732394366197,0.25,08378,True,0.6477797236584854,0.033098511212268734,0.060483960709224516
3.0,False,0.1403275994637296,0.21392037986358656,0.40322590581229034,0.547945205479452,0.16216216216216217,08378,True,0.5183180093398195,0.009550508053686109,0.024497462486015958
4.0,False,0.16724363738237386,0.29268177843342025,0.32219508594394386,0.5857142857142857,0.2535211267605634,08378,True,0.7368920133009614,0.014430615524527656,0.06266432143082491
5.0,False,0.16828244701017012,0.2934495015914836,0.2638383048112461,0.6428571428571429,0.2535211267605634,08378,True,0.7400028626889928,0.010016522679169627,0.06266432143082491
6.0,False,0.1411160110531946,0.2182021716233593,0.5910412512353895,0.4383561643835616,0.25675675675675674,08378,True,0.5310482040903702,0.06062240071333141,0.06473235692057272
7.0,False,0.09313898358391301,0.12559366129810953,0.2921166337344197,0.4626865671641791,0.11764705882352941,08378,False,0.14884851510781136,0.004047191862576495,0.015345461958772072
8.0,False,0.12027175616767022,0.20211548016773778,0.3402183828419145,0.45454545454545453,0.11940298507462686,08378,True,0.42308374875905647,0.004954277014390834,0.015632425954799026
9.0,False,0.0740405624853,0.12575252486433128,0.3284088807681322,0.36363636363636365,0.04477611940298507,08378,False,0.1057435948589227,0.001947850703988549,0.007086437889261802
10.0,False,0.1198017420221055,0.2194172165320281,0.3047166068800129,0.46153846153846156,0.16666666666666666,08378,False,0.4637774147749636,0.005907662579106485,0.025678019395724748
11.0,False,0.02727627654105057,0.00755995549851405,0.8613850167275696,0.4153846153846154,0.0,08378,False,5.966982423364533e-05,0.0311955009113317,0.004397350291885431
12.0,False,0.10694360285028448,0.1856890022902608,0.2741153518323071,0.2698412698412698,0.09375,08378,False,0.33426345912558514,0.004114649010152048,0.011919525392419396
13.0,False,0.12509085401981093,0.21699644025864342,0.33129198849521657,0.4,0.13636363636363635,08378,True,0.47647488422640194,0.006373108049140353,0.01869041230576794
14.0,False,0.07522550839563737,0.13010319857214483,0.08574514078024335,0.42857142857142855,0.046875,08378,False,0.11541175563512089,0.0006261870655871674,0.007246482818282767
15.0,False,0.012743838539034524,0.01455145572020947,0.6513672500037819,0.3387096774193548,0.015873015873015872,08378,False,6.351942465880018e-05,0.00208006903926099,0.00520856860047138
16.0,False,0.04461515615945354,0.06883792425619409,0.32282930015263595,0.3870967741935484,0.047619047619047616,08378,False,0.013867786773351763,0.0013394684771429826,0.007304075585484475
17.0,False,0.07663673716571125,0.0655359425279938,0.5701521221181431,0.352112676056338,0.027777777777777776,08378,False,0.03112207338023841,0.010045812455062057,0.005913187706198182
18.0,False,0.07565672989644119,0.11583246203629813,0.3605092103597928,0.4444444444444444,0.1232876712328767,08378,False,0.09366509761034068,0.004292369094458035,0.016286179571446967
19.0,False,0.12609177678595002,0.19237563890142004,0.310491225575636,0.3611111111111111,0.1780821917808219,08378,True,0.417693649939819,0.010967280661388608,0.02892320620456089
20.0,False,0.14055325552524353,0.21301986172126344,0.418771411970536,0.47297297297297297,0.24,08378,True,0.516804805872618,0.024986852830222693,0.05467299296264619
21.0,False,0.1537802849930328,0.23146509064164283,0.3738902361179376,0.4246575342465753,0.24324324324324326,08378,True,0.5975453130423304,0.026236861705095416,0.05649754439493727
22.0,False,0.1408880343618674,0.20795145429750891,0.4664260480792212,0.4861111111111111,0.2328767123287671,08378,True,0.5052468242947096,0.028278999596114598,0.05085879852678645
23.0,False,0.2079161982072416,0.34163326326006827,0.5067122067322207,0.6547619047619048,0.5882352941176471,08378,True,0.8490130823252351,0.42864192901712833,0.7072425018061841
24.0,False,0.17326159729055676,0.271604716127071,0.4375783537333021,0.5733333333333334,0.3815789473684211,08378,True,0.7179519934604772,0.08437331255076534,0.20869700035599398
25.0,False,0.15398000921898206,0.26051882012202915,0.34168774491922665,0.5070422535211268,0.2638888888888889,08378,True,0.6558080030364172,0.020107664685344216,0.06951694219029302
26.0,False,0.1506165090602392,0.24656905259312256,0.37932437253917195,0.4722222222222222,0.2328767123287671,08378,True,0.6205083788415182,0.019524130333823466,0.05085879852678645
27.0,False,0.15894946738025784,0.24669113629513964,0.5290880433171977,0.5285714285714286,0.23943661971830985,08378,True,0.6422600110040144,0.036271350112395885,0.05436176399898934
28.0,False,0.10625193335875856,0.15212828400538636,0.4967106845082318,0.49295774647887325,0.18055555555555555,08378,False,0.2465975488704023,0.015991042925055286,0.02967710067118749
29.0,False,0.10095675420016108,0.17493445726935236,0.29479659950319964,0.43283582089552236,0.08823529411764706,08378,False,0.28647063107204934,0.0027193094555148013,0.011243145271987791
30.0,False,0.12134750414333052,0.20493687536804694,0.40526033027837177,0.5074626865671642,0.17647058823529413,08378,True,0.43392371517356143,0.009589524264067912,0.028442013412296737
31.0,False,0.17775975053456528,0.25855212745994094,0.5564722733917311,0.4358974358974359,0.3924050632911392,08378,True,0.7058615008445263,0.2049803556181282,0.2285054951399764
32.0,False,0.21289085975579297,0.3358525193389954,0.47194452714680946,0.6785714285714286,0.5764705882352941,08378,True,0.8496421521279032,0.3701590047596013,0.6804719398936895
33.0,False,0.21039822643361078,0.3502772923528459,0.5635650581111888,0.7023809523809523,0.6470588235294118,08378,True,0.8580867926322798,0.5907582579981516,0.819426454438532
34.0,False,0.21443527849502805,0.3717265488831353,0.4995711850419446,0.6904761904761905,0.6588235294117647,08378,True,0.8761388003625725,0.553755670467521,0.8373380841515711
35.0,False,0.2320853593306603,0.3921597628756077,0.5453869010331913,0.6470588235294118,0.6744186046511628,08378,True,0.9006096033421476,0.6790542953221295,0.8588405582935332
36.0,False,0.21789870352445923,0.3783309592938004,0.5199745000127669,0.6785714285714286,0.6235294117647059,08378,True,0.882951771436818,0.5032742112597491,0.7790762833576341
37.0,False,0.22149563737109335,0.3788551635782157,0.5802640815613997,0.6626506024096386,0.5833333333333334,08378,True,0.8861179223464359,0.48901669377533413,0.6962476181549248
38.0,False,0.16081268278299193,0.27496304519772685,0.4227646972259192,0.38571428571428573,0.22535211267605634,08378,True,0.6967800347674986,0.026891144200305927,0.047103954100092466
39.0,False,0.12437729404646226,0.21696779760251253,0.26852988955233664,0.5076923076923077,0.13636363636363635,08378,True,0.473956880078186,0.003751475845871412,0.01869041230576794
40.0,False,0.3627672859485816,0.29859465049916256,0.3269920777508303,0.45045045045045046,0.09821428571428571,08378,True,0.9169017776037528,0.021538639377364877,0.012496386937740255
41.0,False,0.015088618568638306,0.008672034507427848,0.6831650605580724,0.4090909090909091,0.0,08378,False,2.8769380295790886e-05,0.0042444982703732596,0.004397350291885431
42.0,False,0.020150898415316337,0.012380704161833605,0.7391971377712513,0.3533834586466165,0.0,08378,False,9.950402601969264e-05,0.007230927676491062,0.004397350291885431
43.0,False,0.01804710269071663,0.00877411039950599,0.7066926961467825,0.36153846153846153,0.0,08378,False,4.00903560040897e-05,0.007338703766009902,0.004397350291885431
44.0,False,0.008160293711738237,0.009868654667492763,0.474947317070095,0.3969465648854962,0.0,08378,False,1.3122559651126473e-05,0.0004888101629019264,0.004397350291885431
45.0,False,0.009716087367884148,0.008148213319456234,0.5360894533032791,0.3893129770992366,0.0,08378,False,1.186324310430596e-05,0.001112141574801772,0.004397350291885431
46.0,False,0.018121204926789286,0.00853601660665412,0.6411994521166796,0.3409090909090909,0.0,08378,False,3.811702119438895e-05,0.0061541584507880925,0.004397350291885431
47.0,False,0.012894309025379361,0.007817582985684733,0.6285172588778051,0.30303030303030304,0.0,08378,False,1.7684461470972497e-05,0.0036447718866453624,0.004397350291885431
48.0,False,0.30127598136078054,0.24183263578930492,0.43896308016544455,0.4235294117647059,0.13953488372093023,08378,True,0.8377194720163713,0.04567104651007759,0.01932408748972563
49.0,True,0.14412579740707626,0.19294439357931265,0.7021823700628168,0.5,0.4,08378,True,0.4758714152318454,0.2820113538248893,0.24317125890474225
50.0,True,0.19336610092973672,0.2720144396522476,0.8764992016482388,0.6216216216216216,0.7733333333333333,08378,True,0.7550897687823905,0.9580124654914153,0.9461299713950698
51.0,True,0.21267172468480716,0.31437014536232233,0.8691312689856475,0.6973684210526315,0.922077922077922,08378,True,0.8308755709063854,0.98679520648783,0.9885694187155346
52.0,True,0.2125616993907295,0.3112726501607959,0.8938445018007882,0.7297297297297297,0.8666666666666667,08378,True,0.8278202614484387,0.9787777564471202,0.979489606336033
53.0,True,0.23103392115402427,0.3311782714124861,0.9126455280573214,0.6578947368421053,0.8701298701298701,08378,True,0.8632915106978587,0.9853906511640601,0.9802221484985498
54.0,True,0.22831178880301514,0.30415257796309936,0.8354569122516159,0.6385542168674698,0.7738095238095238,08378,True,0.838159344014666,0.9578625767945057,0.9463894974943856
55.0,True,0.16553670541377252,0.20733782930069602,0.9157349625489181,0.5568181818181818,0.6741573033707865,08378,True,0.5723867703927797,0.925973403021114,0.8585007051049244
56.0,True,0.1475390114311576,0.20934258534661584,0.7862535660273906,0.631578947368421,0.6875,08378,True,0.5284977112011047,0.8458006381091054,0.8749980462696697
57.0,True,0.15499574749461642,0.22451649216349015,0.7558434314896517,0.59375,0.5876288659793815,08378,True,0.5854155237915312,0.6823928323765683,0.7058949963850504
58.0,True,0.2787110355134098,0.3087743922020079,0.780467287302877,0.6067415730337079,0.6666666666666666,08378,True,0.8827310066319238,0.9136604164523737,0.8484650157944218
59.0,True,0.20924364879339474,0.2888085772978283,0.8003737238648527,0.6352941176470588,0.7209302325581395,08378,True,0.8000583506143726,0.9157424307293481,0.9092225278542828
60.0,True,0.20883327901619939,0.3168395352552683,0.8726401726878474,0.6144578313253012,0.8095238095238095,08378,True,0.8287698837642001,0.9690999305184711,0.9628049390506961
61.0,True,0.2045726747459611,0.2993884184141684,0.8582219194355333,0.6125,0.7530864197530864,08378,True,0.8058259730244131,0.9474243042243098,0.9339376476557435
62.0,True,0.21766184154028756,0.31465161537970593,0.8398542143764282,0.65,0.7901234567901234,08378,True,0.8366529635495049,0.9582461001670206,0.9545988074604315
63.0,True,0.20901418005472785,0.2898882820190372,0.9030265355497756,0.5714285714285714,0.8717948717948718,08378,True,0.8010031809536401,0.9872983766653951,0.9805651468779196
64.0,True,0.21357330817738882,0.26520035803689035,0.8851032287981916,0.75,0.7142857142857143,08378,True,0.7761804810441114,0.925620718446009,0.9031710997362141
65.0,True,0.19337457204388916,0.26319097996040425,0.9316163322994765,0.6052631578947368,0.7402597402597403,08378,True,0.7421332058314375,0.9578210272366812,0.9249330872983894
66.0,True,0.2073216177659284,0.2961190555477449,0.8674537384235833,0.5844155844155844,0.8205128205128205,08378,True,0.8058198711584088,0.974950344196177,0.9668002285478532
67.0,True,0.20656352602201722,0.30487102567023255,0.919593303949029,0.6578947368421053,0.8051948051948052,08378,True,0.8142212038310033,0.9709993691229247,0.9611072826075397
68.0,True,0.2126845481281981,0.30800623813395284,0.9230431902336967,0.7012987012987013,0.8717948717948718,08378,True,0.8247975827747656,0.9833862956357554,0.9805651468779196
69.0,True,0.16161553766840922,0.21620126919612143,0.9631637902917911,0.5454545454545454,0.7051282051282052,08378,True,0.5836923902503748,0.949842655575142,0.8942418589419425
70.0,True,0.20074135615347355,0.295511827027488,0.8896711630755236,0.6455696202531646,0.825,08378,True,0.7963135277254645,0.9729276115265089,0.9683096578310738
71.0,True,0.14839049480980465,0.21603994614533892,0.8989156957332557,0.7142857142857143,0.717948717948718,08378,True,0.5473145154727501,0.9016014080242765,0.9065504125561238
72.0,True,0.16343376102929744,0.23482672028240767,0.8847858561042073,0.6756756756756757,0.64,08378,True,0.629462154445018,0.8357365165693083,0.807960796090764
73.0,True,0.15108275490234344,0.2103834740675804,0.9073065226131845,0.6153846153846154,0.7088607594936709,08378,True,0.5412137936016915,0.922298674384973,0.8979658881591989
74.0,True,0.13558735725899346,0.18079945137850473,0.8600040964953508,0.6052631578947368,0.7142857142857143,08378,True,0.41645531662127794,0.909983333295217,0.9031710997362141
75.0,True,0.16183831626909764,0.1990412920553813,0.857733160010062,0.5616438356164384,0.7027027027027027,08378,True,0.5417614590624458,0.9271660692082625,0.8917580936519951
76.0,True,0.12675779322240668,0.18240376576499823,0.890587814364866,0.631578947368421,0.6623376623376623,08378,True,0.3930581101468215,0.8519639664312669,0.8424028834119814
77.0,True,0.16553265926492322,0.2537268220204199,0.8483391440014909,0.72,0.7631578947368421,08378,True,0.6712055796771879,0.9204810261988224,0.9402934935768167
78.0,True,0.1363634158455262,0.20695043869049784,0.9351308888825565,0.7466666666666667,0.8157894736842105,08378,True,0.4887176570473174,0.9557101304782114,0.9651364196766632
79.0,True,0.1466200844517077,0.21676440783884987,0.8518607240472639,0.68,0.7763157894736842,08378,True,0.5439411852483762,0.9322445341207636,0.9477360884217595
80.0,True,0.1466008590657718,0.20718568713980817,0.9299079920902187,0.6707317073170732,0.7108433734939759,08378,True,0.5203669686409206,0.9172769284091097,0.8998963495476704
81.0,True,0.14982512356900046,0.23297611761369927,0.8520356561786255,0.7126436781609196,0.6590909090909091,08378,True,0.5900370861326598,0.8049774839284919,0.8377280137208677
82.0,True,0.1779177614243917,0.24365943646704685,0.6985946551408221,0.7261904761904762,0.7529411764705882,08378,True,0.6798044641373434,0.8716067171847469,0.9338415412564854
83.0,True,0.13314729070665385,0.19100255383145662,0.8433631077002631,0.6375,0.7037037037037037,08378,True,0.4368998791519032,0.8777573184484677,0.8927892923896913
84.0,True,0.128102249000675,0.16804264038440686,0.8133523778633823,0.5375,0.6666666666666666,08378,False,0.35714122402452414,0.8605356057536552,0.8484650157944218
85.0,True,0.1465262953419973,0.21036957513550245,0.8019011449800411,0.5921052631578947,0.6883116883116883,08378,True,0.5281004921868389,0.864340466256192,0.8759464362688848
86.0,True,0.14094167490510934,0.18706091006163364,0.7914124035256312,0.6623376623376623,0.7948717948717948,08378,True,0.45024525332323084,0.9356985001746775,0.9567540512585742
87.0,True,0.13524109533000814,0.21890047329045823,0.8591602235992509,0.6623376623376623,0.7307692307692307,08378,True,0.5145036566653057,0.8912887510139119,0.9175585136933546
88.0,True,0.13476448819781828,0.18521773512526077,0.8637150162610898,0.6172839506172839,0.6341463414634146,08378,True,0.42621272149842226,0.8201763710601352,0.7980381812787166
89.0,True,0.1495035356371872,0.2161855042699755,0.8870308108926029,0.5844155844155844,0.7435897435897436,08378,True,0.5508394092757376,0.9392771855920445,0.9273737752418062
90.0,True,0.15626534906586845,0.21255519242658308,0.7662197066958223,0.6341463414634146,0.6265060240963856,08378,True,0.5608471134508953,0.7584978320399504,0.7845181719795223
91.0,True,0.13068136465239363,0.20997778804617415,0.6822332230292502,0.7613636363636364,0.550561797752809,08378,True,0.47805287324428825,0.36545480179402445,0.6173382487345657
92.0,True,0.12890984380892112,0.18294812145036954,0.8567227354080087,0.6666666666666666,0.6823529411764706,08378,True,0.4014698256712728,0.8507638664909981,0.868838628858031
93.0,True,0.12825490137211948,0.16240073547274173,0.8923712235695345,0.5783132530120482,0.6547619047619048,08378,False,0.3413820707089677,0.8777102678102296,0.8313217420112478
94.0,True,0.11693552690204326,0.1719851873015089,0.9201344898710647,0.7349397590361446,0.6785714285714286,08378,False,0.3327238832370433,0.842015785489326,0.8641506867793912
95.0,True,0.12495405099497815,0.18893276843684215,0.9173145063702558,0.6904761904761905,0.7294117647058823,08378,True,0.4047864927802921,0.9061795232531675,0.916451282910791
96.0,True,0.1536475965298653,0.2207675719124632,0.7785885800660345,0.611764705882353,0.7558139534883721,08378,True,0.5731821906199926,0.9147418956561556,0.9357185008637424
97.0,True,0.11826415218986963,0.15636878863359005,0.8936037520920497,0.6470588235294118,0.5813953488372093,08378,False,0.29411287344564474,0.7329893806200682,0.6918371686954989
98.0,True,0.14814131471973557,0.15628948527468778,0.7720837944023531,0.5384615384615384,0.5869565217391305,08378,False,0.3799256903807423,0.7817458179394929,0.7043968022141229
99.0,True,0.12598090138791904,0.15067251844657348,0.7193717523258625,0.5576923076923077,0.41904761904761906,08378,False,0.30057685695720937,0.3060757661380753,0.28267537040605506
100.0,True,0.14438320571188315,0.17275271039285775,0.7374785451743608,0.6595744680851063,0.49473684210526314,08378,True,0.41955241201097926,0.4550401768620824,0.4700272709951612
101.0,True,0.14742223015893555,0.18951419780565856,0.9067444878989956,0.651685393258427,0.6777777777777778,08378,True,0.47620149170038584,0.8968184190912009,0.8631490459849334
102.0,True,0.15271609604024575,0.2052967698857312,0.8997606687427757,0.686046511627907,0.7471264367816092,08378,True,0.5330826967457026,0.9353337521651593,0.9298856997067008
103.0,True,0.12295810294774126,0.17090895484982918,0.9175257482545288,0.6206896551724138,0.6590909090909091,08378,True,0.34914547198058465,0.8664008741462897,0.8377280137208677
104.0,True,0.13297725544888414,0.17767481381483788,0.9535050469696276,0.5882352941176471,0.686046511627907,08378,True,0.3995941692955074,0.9210034291579898,0.8732842389685477
105.0,True,0.15128999828376422,0.20444266039145093,0.7868230819594207,0.632183908045977,0.625,08378,True,0.5268996074299206,0.7683937900199417,0.7817770643507556
106.0,True,0.13051805897412125,0.2048654032230944,0.8492089769630378,0.6853932584269663,0.6222222222222222,08378,True,0.46467910968554405,0.7320290401647339,0.7766555550582774
107.0,True,0.1358618988568232,0.1907051527785949,0.8805753286404755,0.6551724137931034,0.6704545454545454,08378,True,0.44463741343180474,0.8596622618768295,0.8536110707587108
108.0,True,0.15428547119347938,0.20378570001302548,0.8703114080735364,0.6829268292682927,0.7710843373493976,08378,True,0.5336073757637462,0.943193439210301,0.9448881710428106
109.0,True,0.1348576010038411,0.17140125172104653,0.9164655516143935,0.5764705882352941,0.6395348837209303,08378,True,0.3874130400732595,0.8776919028500111,0.8071861577220147
110.0,True,0.1495183079043802,0.21624140931780209,0.9140014203385681,0.7023809523809523,0.7764705882352941,08378,True,0.5510151042947825,0.9459363289161598,0.9478182039318548
111.0,True,0.1244723780376615,0.17372877137613804,0.8303111571251511,0.6179775280898876,0.5777777777777777,08378,True,0.361796604850315,0.6842224306321517,0.6835103402634302
112.0,True,0.15323931358135415,0.2343518875836408,0.8601709364501494,0.6818181818181818,0.7865168539325843,08378,True,0.6023122509791754,0.939639827479024,0.9528938183753634
113.0,True,0.1454056972547845,0.20191717174209842,0.8656465103132706,0.6818181818181818,0.6853932584269663,08378,True,0.5034032652121317,0.869165629870513,0.8725074671194721
114.0,True,0.11766481530169966,0.16129905545254775,0.8324549737476902,0.6276595744680851,0.5368421052631579,08378,False,0.3059082469764565,0.5869386488662084,0.5820575779702388
115.0,True,0.11155037444867864,0.16513169862466637,0.8443146627604372,0.6060606060606061,0.57,08378,False,0.2969552444315833,0.6523983275240776,0.6652086760581724
116.0,True,0.12188245786534876,0.17637696914288709,0.7782294437409307,0.6701030927835051,0.5102040816326531,08378,True,0.3607647057386125,0.43740435154076845,0.5114315926950725
117.0,True,0.10938988468613545,0.15873885653798206,0.8096127867325376,0.63,0.5841584158415841,08378,False,0.2732980235674282,0.6378376088516121,0.698114496098176
118.0,True,0.10411210911792623,0.14505420997829763,0.7699694612211251,0.6530612244897959,0.4444444444444444,08378,False,0.22247333430133198,0.2802115779792979,0.340955189827153
119.0,True,0.11441428363205529,0.15506793375415767,0.6290063338391186,0.5048543689320388,0.3942307692307692,08378,False,0.2789309393280338,0.1814353453819649,0.23197326767190904
0.0,False,0.07691554288403007,0.12810244288021083,0.3127029788720756,0.4155844155844156,0.05128205128205128,08405,False,0.15563167719002946,0.0015097911300454153,0.00819412236215988
1.0,False,0.01093687254345764,0.010913862834167523,0.7372423086212684,0.3815789473684211,0.0,08405,False,9.43492261871199e-05,0.0036398279274968506,0.004787491267681275
2.0,False,0.012668983581767818,0.012561115606440755,0.8017146495655636,0.4473684210526316,0.0,08405,False,0.00015337124762191185,0.0047536840801219804,0.004787491267681275
3.0,False,0.032198492022225196,0.05268568167164883,0.3959986049959407,0.38666666666666666,0.039473684210526314,08405,False,0.009240620320138237,0.0012132614704841063,0.00724159613175937
4.0,False,0.017020874538922454,0.012201573888708937,0.9030412975129033,0.34210526315789475,0.0,08405,False,0.00022586193060539778,0.017049949823792817,0.004787491267681275
5.0,False,0.06442142397898987,0.10977508341075913,0.19930100274417115,0.4473684210526316,0.03896103896103896,08405,False,0.09548458704092692,0.0006288743192723277,0.007202830999348981
6.0,False,0.06987988835499619,0.11843363171451755,0.13467848433328888,0.39473684210526316,0.03896103896103896,08405,False,0.12098750697899066,0.0005527430184324579,0.007202830999348981
7.0,False,0.11782264601668394,0.20554873860831774,0.4277720859658231,0.5,0.18181818181818182,08405,False,0.4604657110649034,0.009036177675910908,0.03169377810335361
8.0,False,0.07357752365984983,0.12418002597698853,0.2565638556059138,0.4473684210526316,0.03896103896103896,08405,False,0.1398753947594898,0.0009163698158895558,0.007202830999348981
9.0,False,0.0164604798279306,0.011894474201013043,0.8936847459999275,0.37333333333333335,0.0,08405,False,0.0002047157471709446,0.014742991898596652,0.004787491267681275
10.0,False,0.022184887372008442,0.02481389172278745,0.7154920697403352,0.4266666666666667,0.02631578947368421,08405,False,0.0012841683550696534,0.005373445435088124,0.00630922188524129
11.0,False,0.0744190355706396,0.12564478453183556,0.2851628372576193,0.4473684210526316,0.03896103896103896,08405,False,0.14465842828411257,0.001058966803220385,0.007202830999348981
12.0,False,0.012773182365571971,0.012427499407163088,0.7947298972242565,0.3815789473684211,0.0,08405,False,0.00015215531766667057,0.005478160454987953,0.004787491267681275
13.0,False,0.017776146601129802,0.012942665767556389,0.9105510014240552,0.5131578947368421,0.0,08405,False,0.0002694494816237821,0.012193917242656983,0.004787491267681275
14.0,False,0.0231108066285201,0.014621173666666583,0.9213605855849774,0.38461538461538464,0.0,08405,False,0.0005025180089189666,0.023794333604054998,0.004787491267681275
15.0,False,0.010662730044713558,0.011700199243622087,0.7368644077275158,0.38461538461538464,0.0,08405,False,0.00010360171963602834,0.0031913052510440334,0.004787491267681275
16.0,False,0.01412709576726871,0.0135490199009429,0.8241705414759684,0.38461538461538464,0.0,08405,False,0.00020831638878177877,0.006813702693587917,0.004787491267681275
17.0,False,0.01672488072345738,0.013176184900785513,0.8851568723198787,0.46153846153846156,0.0,08405,False,0.0002544110308338974,0.01067731644053946,0.004787491267681275
18.0,False,0.020795215620181544,0.013372058292638423,0.9438963923041543,0.38666666666666666,0.0,08405,False,0.00036243384024597594,0.02410161979625357,0.004787491267681275
19.0,False,0.025465920057122633,0.01505603034077878,0.9110364626697827,0.44594594594594594,0.0,08405,False,0.0006141358699941098,0.02272750918846483,0.004787491267681275
20.0,False,0.01199825849043967,0.016363402958423194,0.7633628819352792,0.38461538461538464,0.0,08405,False,0.00023308826312283692,0.003084067601544657,0.004787491267681275
21.0,False,0.02954180212560453,0.015023909846206112,0.9159391590075738,0.37662337662337664,0.0,08405,False,0.0007637852125667684,0.03520998605442565,0.004787491267681275
22.0,False,0.015373068712464482,0.01738421559764466,0.8516216825220382,0.46153846153846156,0.0,08405,False,0.0003787054583095712,0.005762362681026889,0.004787491267681275
23.0,False,0.014576352269740325,0.01334857262413004,0.8405478770424405,0.44155844155844154,0.0,08405,False,0.0002122436573690615,0.006965984000371134,0.004787491267681275
24.0,False,0.02069310502870897,0.014710633601015832,0.9382358681357826,0.3333333333333333,0.0,08405,False,0.0004308738220710704,0.023607144396194088,0.004787491267681275
25.0,False,0.022158644063867586,0.014279356502087302,0.9296545533297929,0.4177215189873418,0.0,08405,False,0.0004512241495028496,0.021903909361465666,0.004787491267681275
26.0,False,0.014263739248940881,0.01501742219841548,0.8469799643904312,0.5,0.0,08405,False,0.0002567239581741367,0.005314742362823139,0.004787491267681275
27.0,False,0.018252190051706134,0.015556412945892443,0.9050417577364389,0.41025641025641024,0.0,08405,False,0.0003968905059866284,0.012808813239515953,0.004787491267681275
28.0,False,0.017549441502425996,0.0163919183527004,0.8793954886879376,0.32051282051282054,0.0,08405,False,0.00041314398798940647,0.01221239044391612,0.004787491267681275
29.0,False,0.01283247529847743,0.013523175402405423,0.8076664163375762,0.37662337662337664,0.0,08405,False,0.00017975357829112167,0.005410709381455765,0.004787491267681275
30.0,False,0.01639770943561832,0.01967775651242347,0.7675195744328865,0.4358974358974359,0.012658227848101266,08405,False,0.0005271867445138379,0.004485227833779267,0.005467499424960039
31.0,False,0.014777918662183991,0.011262386232608328,0.8493528521985324,0.37662337662337664,0.0,08405,False,0.00015711621532205498,0.0103974703798528,0.004787491267681275
32.0,False,0.07498680560643119,0.12944063539268436,0.2843417688187832,0.4266666666666667,0.039473684210526314,08405,False,0.1532333204373033,0.0010893098580683537,0.00724159613175937
33.0,False,0.010397502936989406,0.012091239188898654,0.7286471666231931,0.39473684210526316,0.0,08405,False,0.0001061667425990564,0.002763263004757294,0.004787491267681275
34.0,False,0.009771731231340517,0.011293702497749816,0.6984474233692027,0.4533333333333333,0.0,08405,False,8.503569836398631e-05,0.0020204601133849516,0.004787491267681275
35.0,False,0.013253291874359346,0.011032553057417788,0.8317730698204668,0.42105263157894735,0.0,08405,False,0.00012838254755864233,0.0072888053695555595,0.004787491267681275
36.0,False,0.028354895646402943,0.04661252637460142,0.42151925955845343,0.44,0.039473684210526314,08405,False,0.006079287309623859,0.0011080529495973127,0.00724159613175937
37.0,False,0.012355160458732032,0.00903999942308134,0.7869662945516741,0.34210526315789475,0.0,08405,False,7.930772742768576e-05,0.007735247068700604,0.004787491267681275
38.0,False,0.016668455022435486,0.012104536242734174,0.8737530398719481,0.44,0.0,08405,False,0.00021561900164543957,0.011586518792071863,0.004787491267681275
39.0,False,0.013487383258386217,0.012025749674874726,0.8213600664624859,0.4266666666666667,0.0,08405,False,0.00015512107212712023,0.006422784549925333,0.004787491267681275
40.0,False,0.01504986696727873,0.0122668980879833,0.8727215303791758,0.4533333333333333,0.0,08405,False,0.00018977021943131667,0.009191971704880729,0.004787491267681275
41.0,False,0.020175866589161425,0.011895682692401738,0.9201619470337624,0.36,0.0,08405,False,0.0002776682422920703,0.02463847766027856,0.004787491267681275
42.0,False,0.04512965653227322,0.07386179495538786,0.44094461094863,0.36,0.07894736842105263,08405,False,0.02845561661187431,0.0028880941859565153,0.01093986555534284
43.0,False,0.04226530728493466,0.06598885641632705,0.5862543236550259,0.6,0.07894736842105263,08405,False,0.021003373434229373,0.0033888510559887185,0.01093986555534284
44.0,False,0.01979080106691265,0.01349175201454235,0.9119092184334395,0.47368421052631576,0.0,08405,False,0.0003422704916947669,0.015497546085985267,0.004787491267681275
45.0,False,0.05568603062153819,0.08805298445149452,0.4180831007693355,0.5333333333333333,0.039473684210526314,08405,False,0.05297314888921394,0.001461183339380424,0.00724159613175937
46.0,False,0.017349425167644678,0.016031889290706407,0.9106393723360715,0.5066666666666667,0.0,08405,False,0.0003894215495059199,0.009361665697168647,0.004787491267681275
47.0,False,0.11984151132866443,0.16986932881959943,0.1972046726239702,0.5753424657534246,0.06756756756756757,08405,False,0.3790537940550686,0.0011356566383502037,0.009714658331741408
48.0,False,0.16932627446068044,0.2531600229532774,0.3288334448230856,0.5,0.09333333333333334,08405,True,0.6853363936734208,0.003823702292604881,0.012709407851069152
49.0,False,0.11440714140645343,0.16272026452420443,0.11354524598353528,0.4520547945205479,0.02702702702702703,08405,False,0.34426439709881745,0.0006696751881773298,0.006356423182600805
50.0,False,0.018505041919270968,0.013015924032790317,0.8416711316475614,0.36,0.0,08405,False,0.0002892219623373622,0.013236726886127703,0.004787491267681275
51.0,False,0.01656539012787777,0.013805983709161364,0.8743262823558712,0.36486486486486486,0.0,08405,False,0.00027393245739088337,0.011767375453012678,0.004787491267681275
52.0,False,0.07051660402827799,0.11820238832976136,0.3333780719567292,0.5066666666666667,0.039473684210526314,08405,False,0.12204247791126291,0.0011387501678705658,0.00724159613175937
53.0,False,0.03495288295244142,0.05578061034082428,0.480377217670352,0.4666666666666667,0.039473684210526314,08405,False,0.011611977571765833,0.0016495907840183475,0.00724159613175937
54.0,False,0.035341917595455956,0.050901412500787696,0.4908558824983422,0.49333333333333335,0.039473684210526314,08405,False,0.009946238275174537,0.00184420183116445,0.00724159613175937
55.0,False,0.10973649125768838,0.1622565515901182,0.16404642860722665,0.410958904109589,0.06756756756756757,08405,False,0.3291253878327761,0.0012634590787322915,0.009714658331741408
56.0,False,0.07377562057071965,0.12292149276172841,0.31507472265248415,0.49333333333333335,0.039473684210526314,08405,False,0.13805217450445664,0.001116267086706515,0.00724159613175937
57.0,False,0.015098798793827094,0.015727088583108784,0.8627294151233403,0.4533333333333333,0.0,08405,False,0.00030503990495177026,0.00669717405472167,0.004787491267681275
58.0,False,0.1358973673686317,0.20255581562505026,0.2742366550968982,0.527027027027027,0.06666666666666667,08405,True,0.5068626040887829,0.001874048379505687,0.009623678263295424
59.0,False,0.035883282506308616,0.016472079876940993,0.8815731949754999,0.41025641025641024,0.0,08405,False,0.0012155811490831775,0.03541055733952912,0.004787491267681275
60.0,False,0.1995863640874571,0.27472875881369935,0.3470653021132264,0.42857142857142855,0.11267605633802817,08405,True,0.7647975462731329,0.007167878772979039,0.01554075744370432
61.0,False,0.11240095912355975,0.1583200136283465,0.2378098393899585,0.3835616438356164,0.02702702702702703,08405,False,0.3268046263327126,0.0014184147403269935,0.006356423182600805
62.0,False,0.02178814474300144,0.016491085122078523,0.940524201094681,0.4594594594594595,0.0,08405,False,0.0005776184582612597,0.01742221061776577,0.004787491267681275
63.0,False,0.18843559026468978,0.27317955555074713,0.24584418010311673,0.5138888888888888,0.0821917808219178,08405,True,0.7469487481155669,0.0025040039935650925,0.011316360925859855
64.0,False,0.018612259764581026,0.016358664388163253,0.9447870304381681,0.48,0.0,08405,False,0.0004494134916260778,0.012955946740153542,0.004787491267681275
65.0,False,0.030331211216066675,0.049200369597050334,0.46385283673037125,0.4533333333333333,0.039473684210526314,08405,False,0.007437709440624143,0.0013998924456219614,0.00724159613175937
66.0,False,0.11327572419279258,0.16275222655771004,0.19659389645253278,0.5135135135135135,0.02666666666666667,08405,False,0.34099690282533623,0.0008493857644396312,0.006332464170709486
67.0,False,0.07646043529340193,0.07457764878900067,0.473395906754113,0.4,0.02631578947368421,08405,False,0.06162914872943952,0.004853440016985855,0.00630922188524129
68.0,False,0.03150477777659375,0.01803884551020154,0.9040530644578942,0.3918918918918919,0.0,08405,False,0.0011879829554956715,0.02958468754692948,0.004787491267681275
69.0,False,0.1223302308894797,0.16661129809103237,0.20337400115484736,0.43243243243243246,0.02666666666666667,08405,False,0.3776775326510607,0.0011799480120099546,0.006332464170709486
70.0,False,0.09893853976466378,0.10293044202012067,0.41467541584078355,0.4605263157894737,0.05194805194805195,08405,False,0.1508603316437226,0.0044809980884689795,0.00825140299479169
71.0,False,0.024333053612463164,0.01698947628142092,0.8602444979144418,0.4,0.0,08405,False,0.0007208651023109048,0.016026315336509448,0.004787491267681275
72.0,False,0.1178532159841825,0.15890529779306337,0.2901470057842261,0.3972602739726027,0.02702702702702703,08405,False,0.3441659141809843,0.0019164169535167619,0.006356423182600805
73.0,False,0.06299380226805074,0.10070232512117475,0.4172367357879885,0.5,0.07792207792207792,08405,False,0.07979669452295265,0.0023973607797206603,0.010823482490448533
74.0,False,0.16741456549037342,0.24787099595528264,0.23032441342528406,0.5694444444444444,0.0958904109589041,08405,True,0.6729332111920869,0.002092809508673709,0.013052282621479953
75.0,False,0.022594389504952805,0.018191649184021934,0.8412104316060566,0.40789473684210525,0.0,08405,False,0.0007341725511536283,0.01170036036946133,0.004787491267681275
76.0,False,0.12302195351449895,0.16570135321563528,0.25336097662284,0.43243243243243246,0.04,08405,False,0.37722756743528746,0.001721869043076716,0.007281610470042846
77.0,False,0.19895759159910573,0.2799891032386233,0.4324112663907347,0.352112676056338,0.08333333333333333,08405,True,0.7703532515049888,0.009538534887643198,0.011451855034108097
78.0,False,0.0926578548637773,0.07462161877218647,0.6982470560473646,0.4868421052631579,0.03896103896103896,08405,False,0.0805977251745812,0.018352533837967196,0.007202830999348981
79.0,False,0.03620285447481937,0.0567661033285102,0.484202737155376,0.3972602739726027,0.04054054054054054,08405,False,0.012638121742734465,0.002074340745880836,0.007322934739259516
80.0,False,0.07005260730498723,0.11708181165227181,0.3333780719567292,0.4666666666666667,0.039473684210526314,08405,False,0.11908486553692628,0.0012453772830073948,0.00724159613175937
81.0,False,0.03505871453520849,0.05183566632090039,0.500034963022608,0.48,0.039473684210526314,08405,False,0.010168745741375865,0.001918612317606653,0.00724159613175937
82.0,False,0.08367100865095614,0.08988846153749236,0.2806962667276505,0.5,0.03896103896103896,08405,False,0.09665228681004298,0.001648536552504033,0.007202830999348981
83.0,False,0.08960741375400844,0.09261809897001864,0.3495209755046785,0.4605263157894737,0.03896103896103896,08405,False,0.11147109925197479,0.0027430941168004454,0.007202830999348981
84.0,False,0.020762990158727672,0.013803410786467933,0.8723928611797898,0.48,0.0,08405,False,0.0003839590852384784,0.013456009862047681,0.004787491267681275
85.0,False,0.020967260360506567,0.014700846650247984,0.9493014724775707,0.5,0.0,08405,False,0.0004388915261207615,0.017577840593430726,0.004787491267681275
86.0,False,0.042083703494871866,0.014912456152302252,0.8913462716686429,0.47368421052631576,0.0,08405,False,0.0012784782682444251,0.04724021470016611,0.004787491267681275
87.0,False,0.0296099588946339,0.017296307477618608,0.8777740636725666,0.47297297297297297,0.0,08405,False,0.0010000970639086233,0.02051886361849395,0.004787491267681275
88.0,False,0.07874028082543999,0.12078767091570142,0.2919129702651118,0.4,0.02631578947368421,08405,False,0.14589325145835327,0.0012546489750367958,0.00630922188524129
89.0,False,0.034112952917999144,0.017935158843312374,0.938689428759478,0.5,0.0,08405,False,0.00132351618087287,0.03167217313097241,0.004787491267681275
90.0,False,0.018147516912813032,0.01527818701746351,0.9030283841771276,0.48,0.0,08405,False,0.0003802921868939753,0.010953483470509659,0.004787491267681275
91.0,False,0.014181737128903573,0.014861496563474848,0.8189491620948165,0.4473684210526316,0.0,08405,False,0.00024954519851061327,0.0052421998973193745,0.004787491267681275
92.0,False,0.055060804506901206,0.08649351067064485,0.37566180021946066,0.5066666666666667,0.039473684210526314,08405,False,0.05048681326502426,0.0012659856101379019,0.00724159613175937
93.0,False,0.07691300357051564,0.12915129515054138,0.2318933381647521,0.4666666666666667,0.039473684210526314,08405,False,0.15766223951245253,0.0008115113760582654,0.00724159613175937
94.0,False,0.02343238426307568,0.01398204234591338,0.8934240826785786,0.34210526315789475,0.0,08405,False,0.0004714562644111858,0.024670982617292923,0.004787491267681275
95.0,False,0.12214516061585597,0.1652065676472862,0.20337400115484736,0.527027027027027,0.02666666666666667,08405,False,0.3733912720084592,0.0009583877910044876,0.006332464170709486
96.0,False,0.03168289920420287,0.016470107392432536,0.8799922987374283,0.35135135135135137,0.0,08405,False,0.0010088682884541668,0.03222142338277164,0.004787491267681275
97.0,False,0.08080528448643699,0.13414327607425702,0.32754198520833117,0.4,0.039473684210526314,08405,False,0.17797824743660476,0.0015649812435580784,0.00724159613175937
98.0,False,0.021234450583662436,0.014388916648102667,0.8733407339240068,0.34210526315789475,0.0,08405,False,0.00042951709701802765,0.018291633138465917,0.004787491267681275
99.0,False,0.02203816350163418,0.015764545519264136,0.8948513483667223,0.4342105263157895,0.0,08405,False,0.0005396004739835823,0.015926696487673087,0.004787491267681275
100.0,False,0.019637959183229574,0.013793351246683488,0.9488735216085394,0.42105263157894735,0.0,08405,False,0.0003527613414155554,0.01997851091073634,0.004787491267681275
101.0,False,0.0253026500644844,0.017138644583543087,0.9327638240994376,0.41333333333333333,0.0,08405,False,0.000776985305116504,0.023231708783949128,0.004787491267681275
102.0,False,0.024668017720542338,0.015127739326042612,0.8941359326473873,0.37333333333333335,0.0,08405,False,0.0005908537884588287,0.023203154639482724,0.004787491267681275
103.0,False,0.08672114628032106,0.08007872625029745,0.45266431285265457,0.4358974358974359,0.02531645569620253,08405,False,0.08317937715161396,0.00465004696577621,0.00624348898908468
104.0,False,0.01724540684281516,0.015780915112663958,0.9090751346832424,0.5066666666666667,0.0,08405,False,0.00037459185192819196,0.009354745529415405,0.004787491267681275
105.0,False,0.024866559410227623,0.026802817420304756,0.7667491818318067,0.45454545454545453,0.038461538461538464,08405,False,0.0017616830679081524,0.008103092176335034,0.007165258014440196
106.0,False,0.018477707090072147,0.015076403749909791,0.9046127157923326,0.3815789473684211,0.0,08405,False,0.00038099677343334133,0.014420204794839984,0.004787491267681275
107.0,False,0.019589966217627784,0.015505086418430791,0.9067633251418117,0.45454545454545453,0.0,08405,False,0.00043845571285359297,0.013306541043279916,0.004787491267681275
108.0,False,0.1071719587972601,0.14571188837746277,0.3118438161136012,0.5,0.07228915662650602,08405,False,0.2786997680979155,0.0023655173411043615,0.010205590574796449
109.0,False,0.10625920972144386,0.15182865570454143,0.32526231670264993,0.6704545454545454,0.10112359550561797,08405,False,0.2919436255239297,0.002098682259801083,0.013782694527449523
110.0,False,0.1773244922943835,0.25391574938379535,0.254349223513417,0.6588235294117647,0.09302325581395349,08405,True,0.7012247118554209,0.002016383103311428,0.012668439197651394
111.0,False,0.01996125249422644,0.02694001122974456,0.8132204381182392,0.5340909090909091,0.02247191011235955,08405,False,0.001280767453144242,0.004905749043148787,0.006060086460397772
112.0,False,0.02195538401661339,0.023014493359422863,0.9363096803920514,0.5176470588235295,0.0,08405,False,0.0010967763105127486,0.010532742014509561,0.004787491267681275
113.0,False,0.14794092299680064,0.2154663077696468,0.28023795523613687,0.5581395348837209,0.11494252873563218,08405,True,0.5674404778194162,0.0030378156451092873,0.015910722690214464
114.0,False,0.026363231321801222,0.023183976285095977,0.9587458289221394,0.5662650602409639,0.0,08405,False,0.0014619634545440152,0.014424750037475807,0.004787491267681275
115.0,False,0.029573570477802794,0.023284237644081232,0.8481787393524955,0.5517241379310345,0.011363636363636364,08405,False,0.0017501097487906735,0.011934612983082587,0.0053937575332884445
116.0,False,0.07279756112597213,0.056410785583760455,0.5215219161842216,0.6666666666666666,0.022727272727272728,08405,False,0.03474215958351473,0.004038455634439648,0.006076329866542782
117.0,False,0.049550996627949415,0.0834132946852004,0.3403898633613403,0.5903614457831325,0.03571428571428571,08405,False,0.04067363763120413,0.0007356882092866256,0.0069620583673054084
118.0,False,0.033932634938001,0.03501355859505526,0.9126107846463063,0.7380952380952381,0.023529411764705882,08405,False,0.0046370751014315524,0.009697513416730077,0.006127635244035202
119.0,False,0.1847939219449562,0.27946413341624005,0.12586698654515238,0.5568181818181818,0.10112359550561797,08405,True,0.7495475533534851,0.0014304965437698944,0.013782694527449523
0.0,False,0.05979183002764457,0.01600673107669534,0.8991977727701667,0.4375,0.0,08434,False,0.0021318030261286034,0.0733861339296447,0.004670422608426815
1.0,False,0.12942136073878271,0.21605773456300817,0.5165849703476992,0.5645161290322581,0.19047619047619047,08434,True,0.5289378867744321,0.015312745872047699,0.034393480283113585
2.0,False,0.05953958709275398,0.10017864083734505,0.34674007332541035,0.6451612903225806,0.09523809523809523,08434,False,0.07456832296382385,0.0014011073231701616,0.012763036467399621
3.0,False,0.017447802361762698,0.017795749037350476,0.8888542574385054,0.5573770491803278,0.0,08434,False,0.0004525116503466342,0.006183414206124982,0.004670422608426815
4.0,False,0.018332628891398393,0.015721240456072982,0.9128491304169033,0.5873015873015873,0.0,08434,False,0.0003798943740973468,0.00800812611191165,0.004670422608426815
5.0,False,0.0358130214050613,0.016070230859049957,0.8156758311961002,0.5901639344262295,0.0,08434,False,0.0010333419754473515,0.015603433349371481,0.004670422608426815
6.0,False,0.01656112616613285,0.0163661266570297,0.894170282104856,0.55,0.0,08434,False,0.00035576441941943636,0.006404595993236334,0.004670422608426815
7.0,False,0.1904982539108775,0.11632576123448202,0.6539473170471976,0.6417910447761194,0.1323529411764706,08434,False,0.36382756792005577,0.051295429243087554,0.01882800020214498
8.0,False,0.0651128336361901,0.10883897798704957,0.3454409463730474,0.5423728813559322,0.05,08434,False,0.09742533766695033,0.0012297188414668288,0.007925176590176037
9.0,False,0.02507305817033005,0.01759275682738111,0.907786400030438,0.5245901639344263,0.0,08434,False,0.0007427665605718391,0.013632929664940495,0.004670422608426815
10.0,False,0.028950167809110222,0.021714721308586628,0.8607687338011216,0.65,0.0,08434,False,0.0013840338298098235,0.008714146957142637,0.004670422608426815
11.0,False,0.06180607702518567,0.09925601234399303,0.3771262350768145,0.6612903225806451,0.047619047619047616,08434,False,0.07702640425931312,0.0010876725437486516,0.007728433655964075
12.0,False,0.02040874812492623,0.017886582132832247,0.9372847169987845,0.5967741935483871,0.0,08434,False,0.0005719151255173326,0.009286167062206911,0.004670422608426815
13.0,False,0.022525611082630063,0.022002850395287064,0.8547870002848633,0.6612903225806451,0.0,08434,False,0.0009926565707161891,0.005303762885516197,0.004670422608426815
14.0,False,0.060019183481811796,0.09949208928503411,0.2935696122162529,0.5967741935483871,0.047619047619047616,08434,False,0.07441943373865213,0.0007993986662711223,0.007728433655964075
15.0,False,0.058986740968102476,0.09018660834939056,0.359744939874596,0.5714285714285714,0.046875,08434,False,0.06064151886569625,0.0012253339600959456,0.007667951095015993
16.0,False,0.07168620119791337,0.1065266885490979,0.5241135780787909,0.5483870967741935,0.047619047619047616,08434,False,0.10610318064429759,0.0033116818185809876,0.007728433655964075
17.0,False,0.027929940037043917,0.023646177645846297,0.898366808054344,0.6935483870967742,0.0,08434,False,0.0015565345534255428,0.00817210942955192,0.004670422608426815
18.0,False,0.02178294426806131,0.02349072579617139,0.8636333382008413,0.4838709677419355,0.031746031746031744,08434,False,0.0010771596543369562,0.009484649759733408,0.006535159863832201
19.0,False,0.059632130687474375,0.09527412457223572,0.3573015101196357,0.65625,0.046153846153846156,08434,False,0.06812541396772466,0.0009684490034891711,0.00760977782087275
20.0,False,0.013743962862593342,0.015468745659916268,0.8800822237534982,0.532258064516129,0.0,08434,False,0.00024368526715898737,0.004781059887777012,0.004670422608426815
21.0,False,0.06291686430196979,0.09316054530427965,0.4632777591170371,0.6229508196721312,0.04838709677419355,08434,False,0.07019913829573196,0.001957297300487412,0.007791363781344985
22.0,False,0.08910122001237304,0.14261504592690671,0.5597116145518022,0.609375,0.09230769230769231,08434,False,0.22414680087205735,0.00559589273423217,0.012376029977959013
23.0,False,0.09065378974495455,0.09805851857955712,0.5045846266509063,0.6129032258064516,0.06349206349206349,08434,False,0.12350591819042814,0.004965805331980495,0.009137586746032721
24.0,False,0.07884186961797167,0.1342529607847858,0.620152425131141,0.7419354838709677,0.23809523809523808,08434,False,0.17705454552470865,0.0180877669006853,0.05582152495253069
25.0,False,0.021886317329395822,0.02457254213391759,0.8765193846184162,0.640625,0.0,08434,False,0.001185612452978246,0.005220480364367761,0.004670422608426815
26.0,False,0.11291059045707047,0.1880938763003226,0.5174074818776038,0.7142857142857143,0.234375,08434,False,0.41238002500610815,0.01518172154015804,0.053771309654258866
27.0,False,0.0629064234023646,0.10042353352504996,0.3754956884531016,0.6984126984126984,0.046875,08434,False,0.08054046358705855,0.0010093397143264955,0.007667951095015993
28.0,False,0.16564839583019308,0.18860919976116558,0.38655884470643337,0.6666666666666666,0.19402985074626866,08434,True,0.5497075204967262,0.012200804555335808,0.03567172366946644
29.0,False,0.042165827024876854,0.021243807447398965,0.9580456529566278,0.6716417910447762,0.0,08434,False,0.002267086005126646,0.025332953557715244,0.004670422608426815
30.0,False,0.04637172698876446,0.02994975739735918,0.9418305947769096,0.7466666666666667,0.02631578947368421,08434,False,0.005117147814168092,0.021270721639441693,0.0061704908174214645
31.0,False,0.0841170555521119,0.0963472242180572,0.4127431655477388,0.717948717948718,0.0379746835443038,08434,False,0.10894232087266263,0.0018320839015508112,0.006979872841661431
32.0,False,0.08671152227541085,0.13580711692548889,0.5823657767738029,0.7391304347826086,0.07142857142857142,08434,False,0.20140639395450163,0.003916741156448482,0.009934832534102217
33.0,False,0.18272168119256404,0.24175969743969278,0.6861503768598276,0.5797101449275363,0.38571428571428573,08434,True,0.6967853555210828,0.2443128135988685,0.22144229487848657
34.0,False,0.20712483812075655,0.3490574265933094,0.6659937810093234,0.7076923076923077,0.5151515151515151,08434,True,0.8506319473308511,0.38531821561422513,0.5299922891659397
35.0,False,0.16285704390536085,0.2658973171468622,0.6186434505545088,0.7424242424242424,0.3582089552238806,08434,True,0.701846102952985,0.08783896288184279,0.1750896574368711
36.0,False,0.18503241657101857,0.3048284446592447,0.5491585065289213,0.5303030303030303,0.43283582089552236,08434,True,0.7874478192970813,0.19009331823730607,0.31954978617947666
37.0,False,0.23864071951833704,0.39924746335678146,0.5495041938214119,0.7611940298507462,0.6617647058823529,08434,True,0.9010118135900321,0.5801008647315532,0.8429421616485702
38.0,False,0.22344335923832467,0.3763183108333766,0.5983221300646842,0.7230769230769231,0.6060606060606061,08434,True,0.8804956889572334,0.5174191709575513,0.7479133270428655
39.0,False,0.09761930690957314,0.14736728393382076,0.4064744567417817,0.6825396825396826,0.109375,08434,False,0.2599785321051736,0.0030964025764830083,0.014804333881563934
40.0,False,0.06505990811191477,0.09656579878553527,0.492473592212189,0.5873015873015873,0.0625,08434,False,0.07838120339087662,0.002813622168972967,0.009042496771801148
41.0,False,0.09935832104213695,0.16282404718535365,0.5041066728954492,0.6461538461538462,0.13636363636363635,08434,False,0.3051131975758864,0.006292766815503607,0.019632845486646646
42.0,False,0.01853805023418314,0.020750732097538718,0.8059926197235934,0.5625,0.0,08434,False,0.0006690616829959664,0.003947628493140424,0.004670422608426815
43.0,False,0.06164596961090469,0.10292132248403052,0.29865970416301263,0.65625,0.046153846153846156,08434,False,0.08201603124100035,0.0007203281061413851,0.00760977782087275
44.0,False,0.06159811775014655,0.08902915150288442,0.47497917683234536,0.6031746031746031,0.0625,08434,False,0.06274546204143515,0.0024760671210173873,0.009042496771801148
45.0,False,0.10351252714247806,0.17852019006374492,0.45046174212596163,0.6825396825396826,0.15625,08434,False,0.35847024962990215,0.005315215023467261,0.02414812014503472
46.0,False,0.09814837980100302,0.15896088749647982,0.47504242143434533,0.640625,0.13846153846153847,08434,False,0.2914815839849691,0.005684054740218917,0.020067176295795446
47.0,False,0.020840030626790004,0.017433425680867056,0.8383497714221825,0.609375,0.0,08434,False,0.0005600547249910803,0.006065409138739753,0.004670422608426815
48.0,False,0.021831121497201594,0.019400506078528647,0.9270196590123878,0.5625,0.0,08434,False,0.0007397246357855375,0.009844539365562194,0.004670422608426815
49.0,False,0.0639751642112927,0.0967308164074482,0.450329194949593,0.6507936507936508,0.03125,08434,False,0.076901468220418,0.0014707612207586437,0.006500978723740395
50.0,False,0.08455948350684278,0.13775543881641272,0.38064285991122404,0.6825396825396826,0.09375,08434,False,0.20017012427746805,0.0019873200127633523,0.012565039622658694
51.0,False,0.12163619710064019,0.15560591148948452,0.4134302294863183,0.6666666666666666,0.140625,08434,False,0.34896027175566063,0.006082620415488429,0.020524935156436365
52.0,False,0.10657758886136283,0.13051755279648686,0.5189975719821981,0.6451612903225806,0.12698412698412698,08434,False,0.2384419412505733,0.00874967215265752,0.017801085917303464
53.0,False,0.10038155531111181,0.16603197756481652,0.3630018572818498,0.71875,0.13846153846153847,08434,False,0.3165378325477243,0.002837227435554388,0.020067176295795446
54.0,False,0.13429017843657656,0.16923978432951456,0.43000312918218325,0.6307692307692307,0.18181818181818182,08434,False,0.4217655312578204,0.0112206140220718,0.03146152587878549
55.0,False,0.016658406423486927,0.02133190687846777,0.9022540441746342,0.6825396825396826,0.0,08434,False,0.0006065515688190265,0.0038825691678557013,0.004670422608426815
56.0,False,0.09950750895786115,0.1631486324893986,0.37030426319742715,0.640625,0.12307692307692308,08434,False,0.3064068905482649,0.0030194119140124066,0.017088513841723683
57.0,False,0.1241478679358676,0.15442219163894974,0.479632671061436,0.6666666666666666,0.208955223880597,08434,False,0.35216891820233104,0.016038240469491895,0.04155690660220487
58.0,False,0.10279842812502038,0.13944228061112013,0.35546957851455974,0.6515151515151515,0.1044776119402985,08434,False,0.2531772348358926,0.0028799445957385177,0.014063136111785267
59.0,False,0.018879790701880235,0.02153057793128423,0.8837577458098099,0.6923076923076923,0.0,08434,False,0.0007388392922651702,0.004287751059550976,0.004670422608426815
60.0,False,0.01780902381674241,0.019500840250392327,0.9021250163366854,0.6307692307692307,0.0,08434,False,0.0005585976153266487,0.005319653026571279,0.004670422608426815
61.0,False,0.10085235002021246,0.16997886878797624,0.5440562093791137,0.6515151515151515,0.16417910447761194,08434,False,0.3281740799137992,0.009480398617590072,0.026218352966003024
62.0,False,0.0513147339743693,0.023133010096485968,0.936959122768076,0.6103896103896104,0.0,08434,False,0.003550160868103993,0.03340505569970507,0.004670422608426815
63.0,False,0.04222866797221734,0.02113967148833121,0.8782983185970564,0.6025641025641025,0.0,08434,False,0.002249931111089555,0.020435385791939806,0.004670422608426815
64.0,False,0.025621829706249,0.0178296835090792,0.9388107734939007,0.6111111111111112,0.0136986301369863,08434,False,0.0007866856451999322,0.015206039015481811,0.005399409550596836
65.0,False,0.08215166747289307,0.08758069606114727,0.40409322990685603,0.6883116883116883,0.02564102564102564,08434,False,0.0891099201822623,0.0017699868290261532,0.006126613162925212
66.0,False,0.02052199037632357,0.01738913362428616,0.9605029987498824,0.6447368421052632,0.0,08434,False,0.0005451218395208361,0.0097106247248988,0.004670422608426815
67.0,False,0.1509384170467632,0.21126455047860146,0.17113987495305943,0.6794871794871795,0.12658227848101267,08434,True,0.5723341717119208,0.0017850399062466367,0.01772647331897321
68.0,False,0.2524408847684605,0.42402051749176983,0.8419806701549297,0.6575342465753424,0.8243243243243243,08434,True,0.9174570081919495,0.9689876902919012,0.9680201694954564
69.0,False,0.2085741385178824,0.3249232159139072,0.6067688039866146,0.6617647058823529,0.43478260869565216,08434,True,0.8330618165515541,0.21443861086864469,0.3240710890037382
70.0,False,0.26917938114783574,0.45791315150489015,0.736709582147904,0.6533333333333333,0.8552631578947368,08434,True,0.9341697578630996,0.9634847257068064,0.9767830120764938
71.0,False,0.29122929941463427,0.5064053065806692,0.6035868047089488,0.6617647058823529,0.9420289855072463,08434,True,0.9509567349101765,0.969476399350382,0.9906472759247014
72.0,False,0.26978672965941053,0.46047294290284035,0.6227886948194733,0.6764705882352942,0.7971014492753623,08434,True,0.9350422750908746,0.896074723120036,0.9577287650646216
73.0,False,0.2297661600818517,0.3880172076432155,0.6000395589814193,0.6,0.6212121212121212,08434,True,0.8906836423740596,0.6214652967354237,0.7770829880178047
74.0,False,0.02134433407353844,0.023074880854863797,0.8967690940038878,0.6507936507936508,0.0,08434,False,0.001009936839519066,0.005731224013796675,0.004670422608426815
75.0,False,0.02242601328074935,0.020532634697203015,0.900545304137146,0.6190476190476191,0.0,08434,False,0.0008601123567445275,0.007640055273240349,0.004670422608426815
76.0,False,0.024529053112030817,0.021173632994808785,0.8583128041704302,0.6190476190476191,0.0,08434,False,0.0010390302784792076,0.0070966881629853365,0.004670422608426815
77.0,False,0.11318522524687452,0.1138444951603743,0.3399947708824802,0.65625,0.07692307692307693,08434,False,0.20649445093627317,0.0029896606746005433,0.010526735675739573
78.0,False,0.11258849625935657,0.16713601358662222,0.4403319480866725,0.7384615384615385,0.12121212121212122,08434,False,0.3560744271125266,0.004042408560247324,0.01675837669782994
79.0,False,0.1020552873282021,0.162073738208836,0.40477875067377367,0.6666666666666666,0.140625,08434,False,0.31132824611166166,0.0041434144887949175,0.020524935156436365
80.0,False,0.18166785700825944,0.2690149937271061,0.46052344568995585,0.6,0.30303030303030304,08434,True,0.7379925125023148,0.04280508805867523,0.10553764415205602
81.0,False,0.08603202020302306,0.08548661478962354,0.4856461899969079,0.625,0.07692307692307693,08434,False,0.09058427031269853,0.005255203501032226,0.010526735675739573
82.0,False,0.02070498078677249,0.020615090223586277,0.8426168657193757,0.6031746031746031,0.0,08434,False,0.0007734715922526423,0.005234507673548503,0.004670422608426815
83.0,False,0.12879313105697318,0.13756675421432665,0.4261811309291133,0.6615384615384615,0.12121212121212122,08434,False,0.3129981749968587,0.00683326050382023,0.01675837669782994
84.0,False,0.06732695994072241,0.10095341380916589,0.35145445378739754,0.47692307692307695,0.045454545454545456,08434,False,0.0888744653409298,0.001594611792796326,0.007553785673275415
85.0,False,0.016485582745596708,0.02012822241645608,0.9143041976753034,0.59375,0.0,08434,False,0.0005326104994299995,0.005164123165896866,0.004670422608426815
86.0,False,0.12199621402036727,0.15931454486673644,0.47432519371264664,0.5757575757575758,0.13432835820895522,08434,False,0.36061746692909735,0.009074783117135509,0.019220289330465972
87.0,False,0.033402377459811596,0.02125466362395661,0.9329954757261371,0.609375,0.0,08434,False,0.0016272794276493965,0.017310735718327606,0.004670422608426815
88.0,False,0.11039684127118093,0.1842496065648104,0.44953000242541324,0.6875,0.2,08434,False,0.3947758863573636,0.008435605122119256,0.03792278278727349
89.0,False,0.08231711836453062,0.13664991744077665,0.3530063394428625,0.59375,0.09230769230769231,08434,False,0.19159976082114497,0.002002655582938492,0.012376029977959013
90.0,False,0.09110287139752914,0.11519234463660168,0.3566484943583265,0.6307692307692307,0.06060606060606061,08434,False,0.16338127606013403,0.0019966951522954837,0.008863676037978082
91.0,False,0.10466239932331349,0.13679764224203692,0.42329610580281984,0.5230769230769231,0.10606060606060606,08434,False,0.25086577718515385,0.005540647896631099,0.014298624231561821
92.0,False,0.1347676002798072,0.1364433119643885,0.5871089280604821,0.6363636363636364,0.11940298507462686,08434,False,0.3235420953746469,0.016310291052878984,0.016444088837812544
93.0,False,0.024423395244856996,0.02129484689979089,0.9286899994664009,0.6153846153846154,0.0,08434,False,0.0010443829548037195,0.00979552883875854,0.004670422608426815
94.0,False,0.16618885900166402,0.19114108820064016,0.5275086098032388,0.5151515151515151,0.22388059701492538,08434,True,0.5573926201367583,0.04132473236394444,0.04836434091009594
95.0,False,0.14038350757020387,0.1849215091686006,0.5186951841648496,0.6060606060606061,0.22388059701492538,08434,True,0.480918492396801,0.025639852642446295,0.04836434091009594
96.0,False,0.10065761267403732,0.10859370876707768,0.3293216015214005,0.6307692307692307,0.06060606060606061,08434,False,0.1669238568092842,0.0022155664971783896,0.008863676037978082
97.0,False,0.10049261708437641,0.16473073503228353,0.4148743432409552,0.6923076923076923,0.13636363636363635,08434,False,0.3135128621636096,0.0037903372706088435,0.019632845486646646
98.0,False,0.09845977308202325,0.10948291069014185,0.34301758638184277,0.7692307692307693,0.06060606060606061,08434,False,0.16479221892532428,0.0016804439270251563,0.008863676037978082
99.0,False,0.05133787528627113,0.08609589123352905,0.3764413610755918,0.6461538461538462,0.045454545454545456,08434,False,0.046049242443710524,0.0009198616304062722,0.007553785673275415
100.0,False,0.08242629397847515,0.14011254603852058,0.3443881638844963,0.676923076923077,0.07575757575757576,08434,False,0.1997050909292146,0.001353837328051575,0.010398332559925054
101.0,False,0.02431441178295836,0.018844651954105465,0.9491754513325042,0.5714285714285714,0.0,08434,False,0.0008145682074015345,0.013257134825409298,0.004670422608426815
102.0,False,0.014814361082831391,0.02261671776985137,0.8791603764295001,0.6212121212121212,0.0,08434,False,0.0005759248998139333,0.003055557343844474,0.004670422608426815
103.0,False,0.024399075336323153,0.022042793850680788,0.837967480965695,0.609375,0.015384615384615385,08434,False,0.0011166942525961754,0.007209410431431376,0.005496618699123373
104.0,False,0.10716695651505463,0.17544408790630409,0.6092492205503558,0.5384615384615384,0.16666666666666666,08434,False,0.3619648245783494,0.017874385780800618,0.026902730181370505
105.0,False,0.10012387286148265,0.1148956240320342,0.24517285492954477,0.6461538461538462,0.07575757575757576,08434,False,0.1819269075159955,0.001553500753273348,0.010398332559925054
106.0,False,0.04163464673538952,0.024875483923294524,0.9191495468014774,0.5538461538461539,0.0,08434,False,0.0030419211251618127,0.022665651202888826,0.004670422608426815
107.0,False,0.027360865974349818,0.01803048672211145,0.917316147870379,0.4603174603174603,0.0,08434,False,0.0008834761927231849,0.018456651592974077,0.004670422608426815
108.0,False,0.01668983230174256,0.019356548065569808,0.9195235053919402,0.6031746031746031,0.0,08434,False,0.0005016615370403583,0.005511452034221623,0.004670422608426815
109.0,False,0.19987563058134625,0.26936847879953224,0.36959570741142034,0.6271186440677966,0.21666666666666667,08434,True,0.7640081753225703,0.0145039895408554,0.04495116289414992
110.0,False,0.02220132774419023,0.019284477435912706,0.8823453221593646,0.6,0.0,08434,False,0.0007487663807011889,0.007649984319023435,0.004670422608426815
111.0,False,0.019294318880187587,0.02150777057175732,0.9319923409319554,0.625,0.0,08434,False,0.000760534793423485,0.006437210746105615,0.004670422608426815
112.0,False,0.026669662036588635,0.021518815918156773,0.8880689719031152,0.6307692307692307,0.0,08434,False,0.001209070954320694,0.009033198815625074,0.004670422608426815
113.0,False,0.025578163911849267,0.01880478969718985,0.8957360241456208,0.5230769230769231,0.0,08434,False,0.0008720755125010534,0.012517930877683707,0.004670422608426815
114.0,False,0.014704400709162761,0.018196267694851578,0.8831415949007442,0.59375,0.0,08434,False,0.00037031143738846026,0.0040590731911616775,0.004670422608426815
115.0,False,0.02497080933343096,0.02054151316309962,0.8935783967267852,0.6307692307692307,0.0,08434,False,0.0010037672097344835,0.00867422266778056,0.004670422608426815
116.0,False,0.018066453349228642,0.015121081514470492,0.9140688564021856,0.609375,0.0,08434,False,0.00034441156872164793,0.00779579719710907,0.004670422608426815
117.0,False,0.11800197048329387,0.11904851135528102,0.411703210099483,0.6666666666666666,0.08955223880597014,08434,False,0.23183907786035943,0.0047133857766717985,0.012022709423355905
118.0,False,0.020543754992063498,0.01910689745871719,0.9232614098648753,0.6984126984126984,0.0,08434,False,0.0006579902493043552,0.006641690174408988,0.004670422608426815
119.0,False,0.10467278324627517,0.15125397782286593,0.31197762540017127,0.5757575757575758,0.1044776119402985,08434,False,0.29014470316699653,0.0026217614406400134,0.014063136111785267
0.0,False,0.06700063120773947,0.10826358864242136,0.4007251557385224,0.36619718309859156,0.041666666666666664,08455,False,0.09799125140839773,0.0021973931346474297,0.007405565186222631
1.0,False,0.014291524704034126,0.013933830183302146,0.8643542833970187,0.4084507042253521,0.0,08455,False,0.00022803141488121823,0.007517335691181846,0.004784591425765401
2.0,False,0.016907313486762488,0.012701353527855992,0.8898828938882543,0.375,0.0,08455,False,0.0002465264539968794,0.013613431911942569,0.004784591425765401
3.0,False,0.01645611904317253,0.012934738195699168,0.8814938741572665,0.5,0.0,08455,False,0.00024496683299270097,0.009250174682751102,0.004784591425765401
4.0,False,0.02143155058672208,0.013755587908387398,0.9350686223692608,0.375,0.0,08455,False,0.0004084835391986798,0.023441015063106856,0.004784591425765401
5.0,False,0.02239040530887058,0.013683615355037941,0.9593535479757733,0.4794520547945205,0.0,08455,False,0.00043189317981003777,0.022648185534434692,0.004784591425765401
6.0,False,0.09725110846697368,0.1661089209859328,0.3528961170748026,0.4722222222222222,0.0821917808219178,08455,False,0.29788746545880945,0.0024256389879359188,0.011310347955714896
7.0,False,0.08523843636464164,0.06135826113540238,0.3010687468771463,0.4594594594594595,0.04,08455,False,0.05091795443556946,0.0031086320099293777,0.0072774614074843725
8.0,False,0.009933266346945926,0.012094981913380877,0.7158289047946891,0.4246575342465753,0.0,08455,False,0.00010134995581818569,0.002175964512460937,0.004784591425765401
9.0,False,0.1148583790923416,0.10760111455809104,0.20766580292677358,0.4266666666666667,0.06578947368421052,08455,False,0.19412903968935324,0.002494377971946763,0.009530693066200656
10.0,False,0.015447898702632953,0.011867224874819131,0.8593774556691769,0.4594594594594595,0.0,08455,False,0.00018955029880309246,0.008949803644739853,0.004784591425765401
11.0,False,0.07746042298533803,0.13371766782201874,0.16374595184027835,0.4794520547945205,0.06756756756756757,08455,False,0.167177734311079,0.0007116817149095902,0.00970936620286719
12.0,False,0.15705642034036016,0.2767239990641907,0.31294999661805845,0.4444444444444444,0.0547945205479452,08455,True,0.6941298239151171,0.0022330556670493804,0.008495997551363406
13.0,False,0.0825703966000287,0.08345752272391868,0.28267441101160906,0.4189189189189189,0.02666666666666667,08455,False,0.08353420760798091,0.0018636502542701133,0.006328779812033641
14.0,False,0.013402712356909633,0.01201814978602582,0.8246168154948758,0.3424657534246575,0.0,08455,False,0.00015689248361118918,0.007557762133924111,0.004784591425765401
15.0,False,0.015527316889317527,0.012858962654197366,0.8784616428146979,0.5068493150684932,0.0,08455,False,0.00022207923363613773,0.0081525727248478,0.004784591425765401
16.0,False,0.08417565524848915,0.08709270092295536,0.29376297848333227,0.3918918918918919,0.04,08455,False,0.09226047977305714,0.0023308904695895035,0.0072774614074843725
17.0,False,0.014315016621377812,0.011652327489074684,0.8203752362639627,0.4794520547945205,0.0,08455,False,0.00016340050673033306,0.006332407422606609,0.004784591425765401
18.0,False,0.01203257302726863,0.012831326573110032,0.7929894250265519,0.4520547945205479,0.0,08455,False,0.0001509404296667235,0.003905629698924666,0.004784591425765401
19.0,False,0.07501812964963528,0.1272005261908756,0.3149278548801752,0.4189189189189189,0.06666666666666667,08455,False,0.14834820162469478,0.0016671047958473403,0.009618427777238673
20.0,False,0.015187850344647282,0.011770300676911772,0.8467232636473735,0.4246575342465753,0.0,08455,False,0.0001819650907502895,0.008918262442665177,0.004784591425765401
21.0,False,0.015796821678504862,0.012265932019678521,0.7757639544764136,0.40540540540540543,0.0,08455,False,0.00020854836334865465,0.006806544926217378,0.004784591425765401
22.0,False,0.017425913078589383,0.012428359736526071,0.8859571430663208,0.4383561643835616,0.0,08455,False,0.00024763295809789466,0.012528943643625988,0.004784591425765401
23.0,False,0.017852165280202566,0.012572058627134834,0.883213405877994,0.3472222222222222,0.0,08455,False,0.00026236675103899883,0.01561290178135236,0.004784591425765401
24.0,False,0.017756917808431513,0.013649755671657108,0.8627566915909836,0.4189189189189189,0.0,08455,False,0.0003037291700040624,0.01094624051565536,0.004784591425765401
25.0,False,0.015555290105393959,0.013649492884004221,0.8749483180889925,0.4864864864864865,0.0,08455,False,0.00024907317557957523,0.007889599350917285,0.004784591425765401
26.0,False,0.014635672396926567,0.01310258557456489,0.8493422107574902,0.3918918918918919,0.0,08455,False,0.00021053510538127017,0.008099621636500496,0.004784591425765401
27.0,False,0.014333548957392476,0.013546378983369382,0.8644859318399385,0.4794520547945205,0.0,08455,False,0.00021722544845201118,0.006649546256858552,0.004784591425765401
28.0,False,0.014114848199460689,0.012277378644909085,0.848815466182761,0.4246575342465753,0.0,08455,False,0.0001764809659571042,0.007556246161433405,0.004784591425765401
29.0,False,0.012898015902894546,0.011374464074368174,0.7934151724220466,0.4520547945205479,0.0,08455,False,0.0001335768132340617,0.005050502056341167,0.004784591425765401
30.0,False,0.014663435164308602,0.012887747415490312,0.8475925268875364,0.5135135135135135,0.0,08455,False,0.00020468071669825445,0.006247408438166038,0.004784591425765401
31.0,False,0.10042833947709831,0.13672368014244726,0.14743796636511047,0.3972602739726027,0.02702702702702703,08455,False,0.23598880365209376,0.0008480161337002199,0.006352726944674663
32.0,False,0.05087311719232636,0.08615714204748662,0.29332898145411523,0.4520547945205479,0.04054054054054054,08455,False,0.04472796918879629,0.000840874986012715,0.007318765707322352
33.0,False,0.012786837453527272,0.011595726559156945,0.8174370156913915,0.4594594594594595,0.0,08455,False,0.00013671223361563111,0.005372329939390646,0.004784591425765401
34.0,False,0.011684617495889019,0.012605561780877666,0.7843462864389761,0.4189189189189189,0.0,08455,False,0.00013971123896859325,0.003906828723060111,0.004784591425765401
35.0,False,0.014479550783950473,0.01100239782090482,0.8491609198090979,0.4594594594594595,0.0,08455,False,0.00014924156818159256,0.008252180666065681,0.004784591425765401
36.0,False,0.0696961688859563,0.11995587633156536,0.1604047066007846,0.43243243243243246,0.04,08455,False,0.12260040719214033,0.0005642481227221141,0.0072774614074843725
37.0,False,0.03630501438817041,0.058904645281384234,0.3450893708944387,0.3918918918918919,0.04,08455,False,0.013637845343543856,0.0010199631401008181,0.0072774614074843725
38.0,False,0.014694981305127877,0.011298242578315949,0.8621239601698623,0.40540540540540543,0.0,08455,False,0.0001603759537752849,0.009879648594073231,0.004784591425765401
39.0,False,0.014331096242110174,0.010975954779841738,0.8329761572616883,0.36,0.0,08455,False,0.00014629188017034153,0.00939676337843647,0.004784591425765401
40.0,False,0.059779289588350354,0.10297359722382438,0.2919129702651118,0.41333333333333333,0.039473684210526314,08455,False,0.07693370932891297,0.0009903720854316398,0.0072374664256625075
41.0,False,0.013263115534923615,0.012866003790404206,0.8087351472924846,0.36486486486486486,0.0,08455,False,0.0001755406312907782,0.006072665472888427,0.004784591425765401
42.0,False,0.0999074118010836,0.1725524535372987,0.3242362200669985,0.43243243243243246,0.08,08455,False,0.32179884904938066,0.002281368445486008,0.011054740304742204
43.0,False,0.02359445798259888,0.027747008505685386,0.5894752296920157,0.36,0.02631578947368421,08455,False,0.0017597779471443353,0.0032962078168542698,0.0063055490581631355
44.0,False,0.049688447806403774,0.049586781663216874,0.3457522973413618,0.36,0.013157894736842105,08455,False,0.0157631663111983,0.001817837208680302,0.005492964158232852
45.0,False,0.014664260188908426,0.012714443699725696,0.8631044426957013,0.4594594594594595,0.0,08455,False,0.00019956023707551443,0.007707526259227798,0.004784591425765401
46.0,False,0.01231412998562266,0.01324716215216366,0.7768262482135446,0.4533333333333333,0.0,08455,False,0.00016590806091920253,0.0036275420878868862,0.004784591425765401
47.0,False,0.016394654388880242,0.011275216024736646,0.8829222627903683,0.4594594594594595,0.0,08455,False,0.00018823830021645765,0.011754913013720376,0.004784591425765401
48.0,False,0.057772121094847736,0.10011923787919987,0.29337795688490453,0.5135135135135135,0.04,08455,False,0.06986676841976829,0.0007756679918526373,0.0072774614074843725
49.0,False,0.0357819192718971,0.05443248996043126,0.4555232635319841,0.4266666666666667,0.06578947368421052,08455,False,0.011529961449942604,0.0021544727386578664,0.009530693066200656
50.0,False,0.023912380254338672,0.03989926013769462,0.37450102540231467,0.4533333333333333,0.039473684210526314,08455,False,0.0035451852106268516,0.0007396444969138085,0.0072374664256625075
51.0,False,0.07069505204500455,0.12156394870303483,0.25824666441014976,0.4533333333333333,0.039473684210526314,08455,False,0.12767261703856084,0.000866127391582888,0.0072374664256625075
52.0,False,0.08465453601061032,0.14714421016651083,0.07481498239274391,0.36,0.039473684210526314,08455,False,0.21535219159566207,0.0004960888006572649,0.0072374664256625075
53.0,False,0.013380459270068677,0.011412655992470934,0.8229409625631746,0.49333333333333335,0.0,08455,False,0.00014202506703175574,0.005637733245878968,0.004784591425765401
54.0,False,0.008505843869808677,0.00973994654434056,0.673407434353774,0.36,0.0,08455,False,5.3486059987766344e-05,0.001973718474016451,0.004784591425765401
55.0,False,0.012712600195255873,0.011383215427312653,0.8172748696687948,0.44,0.0,08455,False,0.00013089830138808057,0.0056632013101296525,0.004784591425765401
56.0,False,0.07737123087687349,0.07787609760801205,0.22195728045736127,0.48,0.05263157894736842,08455,False,0.06768932556666539,0.0014783227032380741,0.00830596360853966
57.0,False,0.044745019767823316,0.07515676224334826,0.31365174257271494,0.5,0.03896103896103896,08455,False,0.029020477169789588,0.0007572634691716606,0.0071987200643711695
58.0,False,0.09767862538494954,0.16959951503414614,0.21866588729534558,0.5131578947368421,0.11688311688311688,08455,False,0.30751790522667566,0.001572530074858213,0.016226264929784816
59.0,False,0.010534555934532975,0.012129104004542039,0.7457284458144435,0.4,0.0,08455,False,0.00011126884722978236,0.002938667868563791,0.004784591425765401
60.0,False,0.07030095261763446,0.053282824286120724,0.3420801754883177,0.4342105263157895,0.06493506493506493,08455,False,0.02991373773893333,0.0041619263537089,0.009445999265786492
61.0,False,0.014325976677248463,0.010629151339389265,0.8408998355117353,0.44,0.0,08455,False,0.0001376593187906753,0.008442668825905887,0.004784591425765401
62.0,False,0.07073943260494261,0.09020667077415116,0.3762315681915413,0.5263157894736842,0.06493506493506493,08455,False,0.0771994650743416,0.0022664495932926327,0.009445999265786492
63.0,False,0.01382205330236973,0.011502819061655425,0.8371634963540961,0.4266666666666667,0.0,08455,False,0.00015132650035324467,0.007359585659999333,0.004784591425765401
64.0,False,0.014854425044986767,0.014531922682236199,0.8474037792697449,0.4473684210526316,0.012987012987012988,08455,False,0.0002614594059358056,0.00731642050868385,0.005483127174089776
65.0,False,0.011434260622776485,0.011120756158366874,0.7628341033841207,0.41333333333333333,0.0,08455,False,0.00010688908707554067,0.00393762056980449,0.004784591425765401
66.0,False,0.08264762373682123,0.08922772621930573,0.21559200954648713,0.4935064935064935,0.038461538461538464,08455,False,0.0937810623422085,0.0011841992749443788,0.007161165291194648
67.0,False,0.13159737202797475,0.19146018357701927,0.26665969471143913,0.4868421052631579,0.14285714285714285,08455,True,0.4657253681414547,0.00396743027312848,0.02123147314592557
68.0,False,0.021596090752938026,0.031697607676686106,0.5079042196330895,0.5131578947368421,0.03896103896103896,08455,False,0.001978429460456296,0.001308624385433549,0.0071987200643711695
69.0,False,0.027530074075764233,0.04668794611053989,0.35744167944783645,0.5131578947368421,0.03896103896103896,08455,False,0.005867909007608356,0.0006417142484015293,0.0071987200643711695
70.0,False,0.05513946521189115,0.0947290228583765,0.2190409647187172,0.4666666666666667,0.039473684210526314,08455,False,0.059380449879930595,0.000587015376703768,0.0072374664256625075
71.0,False,0.010077318697168172,0.010781078454978726,0.7222224695916116,0.4342105263157895,0.0,08455,False,8.34473149062097e-05,0.0025547843876037282,0.004784591425765401
72.0,False,0.09463983254789317,0.16388865509848605,0.2648707179169696,0.4605263157894737,0.03896103896103896,08455,False,0.28425667746342864,0.0010628141794152637,0.0071987200643711695
73.0,False,0.008467072237857535,0.010363814406203877,0.6697214396685084,0.42105263157894735,0.0,08455,False,5.9689727219451735e-05,0.0015660847291252423,0.004784591425765401
74.0,False,0.07772871435782922,0.07950543748104223,0.1772566419794994,0.42105263157894735,0.03896103896103896,08455,False,0.07063717660737538,0.0011851045261648354,0.0071987200643711695
75.0,False,0.053787439536130334,0.09284029543231843,0.23621334890272747,0.5,0.03896103896103896,08455,False,0.05532557516901031,0.00057553212653376,0.0071987200643711695
76.0,False,0.06711358073972758,0.11559469103653988,0.2502617045468437,0.39473684210526316,0.07792207792207792,08455,False,0.10966425362478341,0.0013026653983824578,0.010817688948832008
77.0,False,0.09273641472832084,0.16047336172624416,0.2806921989486249,0.4868421052631579,0.07792207792207792,08455,False,0.2702321873502629,0.0015232906030985603,0.010817688948832008
78.0,False,0.02363575933185761,0.03832191433734822,0.4140154378336298,0.42105263157894735,0.03896103896103896,08455,False,0.0032307581692116965,0.0009797928115462154,0.0071987200643711695
79.0,False,0.07531223114806512,0.12406285480283061,0.3696353552759654,0.5394736842105263,0.07792207792207792,08455,False,0.1432376059586786,0.0018945344706886788,0.010817688948832008
80.0,False,0.13487887794595568,0.17475390999651508,0.15592829622733664,0.717948717948718,0.0759493670886076,08455,True,0.43245119636772755,0.0008679154380701065,0.010597295124805844
81.0,False,0.02001608987146527,0.012240637758712956,0.9016021547588472,0.4666666666666667,0.0,08455,False,0.00029619673095688127,0.016438586806643365,0.004784591425765401
82.0,False,0.012357042138428745,0.011210383445807218,0.7864745926414329,0.5466666666666666,0.0,08455,False,0.00012189736250692856,0.0037180820819527724,0.004784591425765401
83.0,False,0.015469002869412506,0.01314862477412033,0.8747568253659741,0.40789473684210525,0.0,08455,False,0.00023026254251829357,0.009691828927226582,0.004784591425765401
84.0,False,0.01265808908377999,0.014483071268622031,0.7871927477349424,0.5324675324675324,0.0,08455,False,0.00020442389841796843,0.0030397186842587662,0.004784591425765401
85.0,False,0.012498005445387985,0.013392134482755134,0.7866797527274912,0.49333333333333335,0.0,08455,False,0.00017313679933428683,0.0035262545481731735,0.004784591425765401
86.0,False,0.012907921125802819,0.011436379105830228,0.8092008850088959,0.5194805194805194,0.0,08455,False,0.00013510070210850272,0.004659435630119371,0.004784591425765401
87.0,False,0.026192513759963815,0.04242497249223597,0.4741430964526614,0.4155844155844156,0.038461538461538464,08455,False,0.004555587377454533,0.0014160451030273845,0.007161165291194648
88.0,False,0.09652122687614081,0.14391857799472366,0.2942914180721831,0.38961038961038963,0.08974358974358974,08455,False,0.24269480690518233,0.002728247341724378,0.012236600253123358
89.0,False,0.05562528786175429,0.09417214524777688,0.25922911155732375,0.44155844155844154,0.038461538461538464,08455,False,0.05949649360878794,0.0007631732501286343,0.007161165291194648
90.0,False,0.01115619687569687,0.012117377709544951,0.7520508124911015,0.5,0.0,08455,False,0.00012103236368159123,0.0026813316627369308,0.004784591425765401
91.0,False,0.08432873384288996,0.09264261989925335,0.3002342148266018,0.48717948717948717,0.06329113924050633,08455,False,0.10269753064478652,0.0022507851075453545,0.009285135659017917
92.0,False,0.026837236646148458,0.04215860772192684,0.4337726639178828,0.44,0.05263157894736842,08455,False,0.004668603045039211,0.0013219661444946996,0.00830596360853966
93.0,False,0.012251216608766585,0.013452660156950482,0.7879298775703513,0.6103896103896104,0.0,08455,False,0.00016946753878732925,0.0026176248149075948,0.004784591425765401
94.0,False,0.01371341993332865,0.012286395070651502,0.8272073074364308,0.4935064935064935,0.0,08455,False,0.00016924608168788355,0.005544334471981407,0.004784591425765401
95.0,False,0.026032758638425687,0.04126331370413465,0.47939554534471235,0.4935064935064935,0.038461538461538464,08455,False,0.0042858422042139225,0.0012421188078195777,0.007161165291194648
96.0,False,0.01316663033693722,0.011694441286708846,0.8064244596515731,0.42105263157894735,0.0,08455,False,0.00014513427198232379,0.005798898173039395,0.004784591425765401
97.0,False,0.06364861953465525,0.10776111012366066,0.1795458270878149,0.5,0.03896103896103896,08455,False,0.09067593572851321,0.0005030450470629369,0.0071987200643711695
98.0,False,0.008045341477741594,0.00991342122176286,0.6459103317741742,0.4805194805194805,0.0,08455,False,5.0863785654442935e-05,0.001170811057216375,0.004784591425765401
99.0,False,0.06997452322729619,0.1202051414948745,0.2918409710909065,0.42857142857142855,0.038461538461538464,08455,False,0.12366634999008336,0.001059829158385176,0.007161165291194648
100.0,False,0.016478670193564884,0.01340338308822958,0.8892687623371368,0.4805194805194805,0.0,08455,False,0.0002624329640596829,0.009669772214130923,0.004784591425765401
101.0,False,0.12232223657227745,0.11998560787485757,0.5067639441953731,0.5061728395061729,0.10975609756097561,08455,False,0.24518709116315596,0.012896283608629284,0.015068953569560447
102.0,False,0.010903996206682356,0.011254651847549013,0.7396438618545875,0.4935064935064935,0.0,08455,False,0.00010180920590489886,0.00266832603976608,0.004784591425765401
103.0,False,0.014255550090734766,0.01080956731464483,0.8024034959371048,0.4805194805194805,0.0,08455,False,0.0001410339334097402,0.006245389277667114,0.004784591425765401
104.0,False,0.008543053393529275,0.010718451563831673,0.6734750726109037,0.4155844155844156,0.0,08455,False,6.4439831420078e-05,0.00158097484783705,0.004784591425765401
105.0,False,0.012475067613643202,0.012721821065927248,0.7875860763623579,0.4805194805194805,0.0,08455,False,0.00015679101669997561,0.003842735829974578,0.004784591425765401
106.0,False,0.06925247365906437,0.12022766248013188,0.28176908295150643,0.42857142857142855,0.038461538461538464,08455,False,0.12202904861796515,0.0009910914381542591,0.007161165291194648
107.0,False,0.010042405919471354,0.00982906105379623,0.7078695877337973,0.2564102564102564,0.0,08455,False,6.978445770270073e-05,0.003912628548376108,0.004784591425765401
108.0,False,0.009561397162309375,0.010150138631512052,0.6976472034786398,0.42857142857142855,0.0,08455,False,6.886926174323775e-05,0.002236971569470435,0.004784591425765401
109.0,False,0.06857145487784405,0.11865447619124445,0.2901758166180044,0.4025974025974026,0.038461538461538464,08455,False,0.11785491918310477,0.001090629238387566,0.007161165291194648
110.0,False,0.09308993278339445,0.10386408657700982,0.28416468702383807,0.5128205128205128,0.06329113924050633,08455,False,0.14127508667863692,0.0020703848066822065,0.009285135659017917
111.0,False,0.02409332103432284,0.04021819503069695,0.4156408800471733,0.4675324675324675,0.038461538461538464,08455,False,0.003639137509989506,0.0008687721563383122,0.007161165291194648
112.0,False,0.009727040174713823,0.011685610931930166,0.7116971597676387,0.42857142857142855,0.0,08455,False,9.206370032204657e-05,0.002115058788665667,0.004784591425765401
113.0,False,0.06036441895909627,0.10348903354524797,0.1545959926617292,0.38461538461538464,0.0379746835443038,08455,False,0.07865374862303372,0.0005456181366503946,0.0071247484681208895
114.0,False,0.06563149096113521,0.11168941245099513,0.27050445891862734,0.42857142857142855,0.038461538461538464,08455,False,0.10045425058576823,0.0009247308269743544,0.007161165291194648
115.0,False,0.012213090280988092,0.01134549503359366,0.790094649898664,0.4935064935064935,0.0,08455,False,0.0001225004002419504,0.00412125546683131,0.004784591425765401
116.0,False,0.016092891318904783,0.017207686119060945,0.7216001309227318,0.47435897435897434,0.012658227848101266,08455,False,0.0004048650680071711,0.0036091810327302247,0.005464249574183637
117.0,False,0.01375496860539337,0.012433587605702527,0.8200969567994036,0.42857142857142855,0.0,08455,False,0.00017385958022700203,0.006153267677951115,0.004784591425765401
118.0,False,0.01167984913937333,0.010001325177003953,0.7835716859990733,0.34615384615384615,0.0,08455,False,9.041554754041993e-05,0.005895207830030312,0.004784591425765401
119.0,False,0.009330143213475046,0.010622084790673456,0.7018958966526038,0.4025974025974026,0.0,08455,False,7.230253225685542e-05,0.002204855938575787,0.004784591425765401
